stage-a-cpu (1) / run-cpu	UNKNOWN STEP	﻿2026-09-26T01:42:10.5103047Z Current runner version: '2.337.0'
stage-a-cpu (1) / run-cpu	UNKNOWN STEP	2026-09-26T01:42:10.5137836Z ##[group]Runner Image Provisioner
stage-a-cpu (1) / run-cpu	UNKNOWN STEP	2026-09-26T01:42:10.5139571Z Hosted Compute Agent
stage-a-cpu (1) / run-cpu	UNKNOWN STEP	2026-09-26T01:42:10.5140824Z Version: 20260828.587
stage-a-cpu (1) / run-cpu	UNKNOWN STEP	2026-09-26T01:42:10.5141983Z Commit: abac92662cab4cc7352de4f9f9d2e2419aad9c29
stage-a-cpu (1) / run-cpu	UNKNOWN STEP	2026-09-26T01:42:10.5143351Z Build Date: 2026-08-28T16:44:25Z
stage-a-cpu (1) / run-cpu	UNKNOWN STEP	2026-09-26T01:42:10.5144494Z Worker ID: {ca1a8d09-9764-4fae-a711-c7c670bc506d}
stage-a-cpu (1) / run-cpu	UNKNOWN STEP	2026-09-26T01:42:10.5145680Z Azure Region: westus
stage-a-cpu (1) / run-cpu	UNKNOWN STEP	2026-09-26T01:42:10.5146772Z ##[endgroup]
stage-a-cpu (1) / run-cpu	UNKNOWN STEP	2026-09-26T01:42:10.5149347Z ##[group]Operating System
stage-a-cpu (1) / run-cpu	UNKNOWN STEP	2026-09-26T01:42:10.5150463Z Ubuntu
stage-a-cpu (1) / run-cpu	UNKNOWN STEP	2026-09-26T01:42:10.5151373Z 24.04.5
stage-a-cpu (1) / run-cpu	UNKNOWN STEP	2026-09-26T01:42:10.5152247Z LTS
stage-a-cpu (1) / run-cpu	UNKNOWN STEP	2026-09-26T01:42:10.5153337Z ##[endgroup]
stage-a-cpu (1) / run-cpu	UNKNOWN STEP	2026-09-26T01:42:10.5154400Z ##[group]Runner Image
stage-a-cpu (1) / run-cpu	UNKNOWN STEP	2026-09-26T01:42:10.5155510Z Image: ubuntu-24.04
stage-a-cpu (1) / run-cpu	UNKNOWN STEP	2026-09-26T01:42:10.5156481Z Version: 20260920.314.1
stage-a-cpu (1) / run-cpu	UNKNOWN STEP	2026-09-26T01:42:10.5159051Z Included Software: https://github.com/actions/runner-images/blob/ubuntu24/20260920.314/images/ubuntu/Ubuntu2404-Readme.md
stage-a-cpu (1) / run-cpu	UNKNOWN STEP	2026-09-26T01:42:10.5162046Z Image Release: https://github.com/actions/runner-images/releases/tag/ubuntu24%2F20260920.314
stage-a-cpu (1) / run-cpu	UNKNOWN STEP	2026-09-26T01:42:10.5163867Z ##[endgroup]
stage-a-cpu (1) / run-cpu	UNKNOWN STEP	2026-09-26T01:42:10.5165782Z ##[group]GITHUB_TOKEN Permissions
stage-a-cpu (1) / run-cpu	UNKNOWN STEP	2026-09-26T01:42:10.5168916Z Contents: read
stage-a-cpu (1) / run-cpu	UNKNOWN STEP	2026-09-26T01:42:10.5170081Z Metadata: read
stage-a-cpu (1) / run-cpu	UNKNOWN STEP	2026-09-26T01:42:10.5171062Z ##[endgroup]
stage-a-cpu (1) / run-cpu	UNKNOWN STEP	2026-09-26T01:42:10.5174155Z Secret source: None
stage-a-cpu (1) / run-cpu	UNKNOWN STEP	2026-09-26T01:42:10.5175640Z Cache mode: write
stage-a-cpu (1) / run-cpu	UNKNOWN STEP	2026-09-26T01:42:10.5176911Z Prepare workflow directory
stage-a-cpu (1) / run-cpu	UNKNOWN STEP	2026-09-26T01:42:10.5829217Z Prepare all required actions
stage-a-cpu (1) / run-cpu	UNKNOWN STEP	2026-09-26T01:42:10.5878020Z Getting action download info
stage-a-cpu (1) / run-cpu	UNKNOWN STEP	2026-09-26T01:42:10.9650877Z Download action repository 'actions/checkout@v4' (SHA:11d5960a326750d5838078e36cf38b85af677262)
stage-a-cpu (1) / run-cpu	UNKNOWN STEP	2026-09-26T01:42:11.0566527Z Download action repository 'actions/setup-python@v5' (SHA:a26af69be951a213d495a4c3e4e4022e16d87065)
stage-a-cpu (1) / run-cpu	UNKNOWN STEP	2026-09-26T01:42:11.1459599Z Download action repository 'astral-sh/setup-uv@v5' (SHA:d4b2f3b6ecc6e67c4457f6d3e41ec42d3d0fcb86)
stage-a-cpu (1) / run-cpu	UNKNOWN STEP	2026-09-26T01:42:11.6523040Z Download action repository 'azure/setup-helm@v4' (SHA:1a275c3b69536ee54be43f2070a358922e12c8d4)
stage-a-cpu (1) / run-cpu	UNKNOWN STEP	2026-09-26T01:42:12.0929158Z Uses: radixark/miles/.github/workflows/_run-cpu-ci.yml@refs/pull/3720/merge (5093563d01e81e6a71a1425470f32e359338f37f)
stage-a-cpu (1) / run-cpu	UNKNOWN STEP	2026-09-26T01:42:12.0934955Z ##[group] Inputs
stage-a-cpu (1) / run-cpu	UNKNOWN STEP	2026-09-26T01:42:12.0937246Z   execute_command: python tests/ci/run_suite.py --hw cpu --suite stage-a-cpu --auto-partition-id 1 --auto-partition-size 4 --cadence regular --labels 
stage-a-cpu (1) / run-cpu	UNKNOWN STEP	2026-09-26T01:42:12.0939865Z   ref: 
stage-a-cpu (1) / run-cpu	UNKNOWN STEP	2026-09-26T01:42:12.0941176Z   plan_already_resolved: false
stage-a-cpu (1) / run-cpu	UNKNOWN STEP	2026-09-26T01:42:12.0942223Z ##[endgroup]
stage-a-cpu (1) / run-cpu	UNKNOWN STEP	2026-09-26T01:42:12.0943188Z Complete job name: stage-a-cpu (1) / run-cpu
stage-a-cpu (1) / run-cpu	UNKNOWN STEP	2026-09-26T01:42:12.1711695Z ##[group]Run sudo rm -rf /usr/share/dotnet /usr/local/lib/android /opt/ghc
stage-a-cpu (1) / run-cpu	UNKNOWN STEP	2026-09-26T01:42:12.1713779Z ^[[36;1msudo rm -rf /usr/share/dotnet /usr/local/lib/android /opt/ghc^[[0m
stage-a-cpu (1) / run-cpu	UNKNOWN STEP	2026-09-26T01:42:12.1715335Z ^[[36;1mdf -h^[[0m
stage-a-cpu (1) / run-cpu	UNKNOWN STEP	2026-09-26T01:42:12.1994023Z shell: /usr/bin/bash --noprofile --norc -e -o pipefail {0}
stage-a-cpu (1) / run-cpu	UNKNOWN STEP	2026-09-26T01:42:12.1995982Z env:
stage-a-cpu (1) / run-cpu	UNKNOWN STEP	2026-09-26T01:42:12.1997193Z   SGLANG_SOURCE_ROOT: /home/runner/work/miles/miles/sglang/python
stage-a-cpu (1) / run-cpu	UNKNOWN STEP	2026-09-26T01:42:12.1999487Z   MEGATRON_SOURCE_ROOT: /home/runner/work/miles/miles/Megatron-LM
stage-a-cpu (1) / run-cpu	UNKNOWN STEP	2026-09-26T01:42:12.2001052Z ##[endgroup]
stage-a-cpu (1) / run-cpu	UNKNOWN STEP	2026-09-26T01:42:55.9494555Z Filesystem      Size  Used Avail Use% Mounted on
stage-a-cpu (1) / run-cpu	UNKNOWN STEP	2026-09-26T01:42:55.9495189Z /dev/root       145G   42G  103G  29% /
stage-a-cpu (1) / run-cpu	UNKNOWN STEP	2026-09-26T01:42:55.9495573Z tmpfs           7.9G   84K  7.9G   1% /dev/shm
stage-a-cpu (1) / run-cpu	UNKNOWN STEP	2026-09-26T01:42:55.9495951Z tmpfs           3.2G 1012K  3.2G   1% /run
stage-a-cpu (1) / run-cpu	UNKNOWN STEP	2026-09-26T01:42:55.9496335Z tmpfs           5.0M     0  5.0M   0% /run/lock
stage-a-cpu (1) / run-cpu	UNKNOWN STEP	2026-09-26T01:42:55.9496844Z efivarfs        128M   32K  128M   1% /sys/firmware/efi/efivars
stage-a-cpu (1) / run-cpu	UNKNOWN STEP	2026-09-26T01:42:55.9497296Z /dev/sda16      881M   64M  756M   8% /boot
stage-a-cpu (1) / run-cpu	UNKNOWN STEP	2026-09-26T01:42:55.9497656Z /dev/sda15      105M  6.2M   99M   6% /boot/efi
stage-a-cpu (1) / run-cpu	UNKNOWN STEP	2026-09-26T01:42:55.9498051Z tmpfs           1.6G   12K  1.6G   1% /run/user/1001
stage-a-cpu (1) / run-cpu	UNKNOWN STEP	2026-09-26T01:42:55.9766427Z ##[group]Run actions/checkout@v4
stage-a-cpu (1) / run-cpu	UNKNOWN STEP	2026-09-26T01:42:55.9767029Z with:
stage-a-cpu (1) / run-cpu	UNKNOWN STEP	2026-09-26T01:42:55.9767294Z   repository: radixark/miles
stage-a-cpu (1) / run-cpu	UNKNOWN STEP	2026-09-26T01:42:55.9770344Z   token: ***
stage-a-cpu (1) / run-cpu	UNKNOWN STEP	2026-09-26T01:42:55.9770622Z   ssh-strict: true
stage-a-cpu (1) / run-cpu	UNKNOWN STEP	2026-09-26T01:42:55.9770909Z   ssh-user: git
stage-a-cpu (1) / run-cpu	UNKNOWN STEP	2026-09-26T01:42:55.9771237Z   persist-credentials: true
stage-a-cpu (1) / run-cpu	UNKNOWN STEP	2026-09-26T01:42:55.9771534Z   clean: true
stage-a-cpu (1) / run-cpu	UNKNOWN STEP	2026-09-26T01:42:55.9771791Z   sparse-checkout-cone-mode: true
stage-a-cpu (1) / run-cpu	UNKNOWN STEP	2026-09-26T01:42:55.9772091Z   fetch-depth: 1
stage-a-cpu (1) / run-cpu	UNKNOWN STEP	2026-09-26T01:42:55.9772343Z   fetch-tags: false
stage-a-cpu (1) / run-cpu	UNKNOWN STEP	2026-09-26T01:42:55.9772597Z   show-progress: true
stage-a-cpu (1) / run-cpu	UNKNOWN STEP	2026-09-26T01:42:55.9772855Z   lfs: false
stage-a-cpu (1) / run-cpu	UNKNOWN STEP	2026-09-26T01:42:55.9773097Z   submodules: false
stage-a-cpu (1) / run-cpu	UNKNOWN STEP	2026-09-26T01:42:55.9773356Z   set-safe-directory: true
stage-a-cpu (1) / run-cpu	UNKNOWN STEP	2026-09-26T01:42:55.9773651Z   allow-unsafe-pr-checkout: false
stage-a-cpu (1) / run-cpu	UNKNOWN STEP	2026-09-26T01:42:55.9773954Z env:
stage-a-cpu (1) / run-cpu	UNKNOWN STEP	2026-09-26T01:42:55.9774279Z   SGLANG_SOURCE_ROOT: /home/runner/work/miles/miles/sglang/python
stage-a-cpu (1) / run-cpu	UNKNOWN STEP	2026-09-26T01:42:55.9774794Z   MEGATRON_SOURCE_ROOT: /home/runner/work/miles/miles/Megatron-LM
stage-a-cpu (1) / run-cpu	UNKNOWN STEP	2026-09-26T01:42:55.9775190Z ##[endgroup]
stage-a-cpu (1) / run-cpu	UNKNOWN STEP	2026-09-26T01:42:56.0778879Z Syncing repository: radixark/miles
stage-a-cpu (1) / run-cpu	UNKNOWN STEP	2026-09-26T01:42:56.0780846Z ##[group]Getting Git version info
stage-a-cpu (1) / run-cpu	UNKNOWN STEP	2026-09-26T01:42:56.0781495Z Working directory is '/home/runner/work/miles/miles'
stage-a-cpu (1) / run-cpu	UNKNOWN STEP	2026-09-26T01:42:56.0782161Z [command]/usr/bin/git version
stage-a-cpu (1) / run-cpu	UNKNOWN STEP	2026-09-26T01:42:56.0846134Z git version 2.55.0
stage-a-cpu (1) / run-cpu	UNKNOWN STEP	2026-09-26T01:42:56.0869651Z ##[endgroup]
stage-a-cpu (1) / run-cpu	UNKNOWN STEP	2026-09-26T01:42:56.0884391Z Temporarily overriding HOME='/home/runner/work/_temp/374c99d3-f0e9-4017-bddb-49a703a1e0bb' before making global git config changes
stage-a-cpu (1) / run-cpu	UNKNOWN STEP	2026-09-26T01:42:56.0885844Z Adding repository directory to the temporary git global config as a safe directory
stage-a-cpu (1) / run-cpu	UNKNOWN STEP	2026-09-26T01:42:56.0890350Z [command]/usr/bin/git config --global --add safe.directory /home/runner/work/miles/miles
stage-a-cpu (1) / run-cpu	UNKNOWN STEP	2026-09-26T01:42:56.0936675Z Deleting the contents of '/home/runner/work/miles/miles'
stage-a-cpu (1) / run-cpu	UNKNOWN STEP	2026-09-26T01:42:56.0941006Z ##[group]Initializing the repository
stage-a-cpu (1) / run-cpu	UNKNOWN STEP	2026-09-26T01:42:56.0944918Z [command]/usr/bin/git init /home/runner/work/miles/miles
stage-a-cpu (1) / run-cpu	UNKNOWN STEP	2026-09-26T01:42:56.1047374Z hint: Using 'master' as the name for the initial branch. This default branch name
stage-a-cpu (1) / run-cpu	UNKNOWN STEP	2026-09-26T01:42:56.1049110Z hint: will change to "main" in Git 3.0. To configure the initial branch name
stage-a-cpu (1) / run-cpu	UNKNOWN STEP	2026-09-26T01:42:56.1050256Z hint: to use in all of your new repositories, which will suppress this warning,
stage-a-cpu (1) / run-cpu	UNKNOWN STEP	2026-09-26T01:42:56.1051091Z hint: call:
stage-a-cpu (1) / run-cpu	UNKNOWN STEP	2026-09-26T01:42:56.1051497Z hint:
stage-a-cpu (1) / run-cpu	UNKNOWN STEP	2026-09-26T01:42:56.1052036Z hint: 	git config --global init.defaultBranch <name>
stage-a-cpu (1) / run-cpu	UNKNOWN STEP	2026-09-26T01:42:56.1052665Z hint:
stage-a-cpu (1) / run-cpu	UNKNOWN STEP	2026-09-26T01:42:56.1053230Z hint: Names commonly chosen instead of 'master' are 'main', 'trunk' and
stage-a-cpu (1) / run-cpu	UNKNOWN STEP	2026-09-26T01:42:56.1053813Z hint: 'development'. The just-created branch can be renamed via this command:
stage-a-cpu (1) / run-cpu	UNKNOWN STEP	2026-09-26T01:42:56.1054243Z hint:
stage-a-cpu (1) / run-cpu	UNKNOWN STEP	2026-09-26T01:42:56.1054501Z hint: 	git branch -m <name>
stage-a-cpu (1) / run-cpu	UNKNOWN STEP	2026-09-26T01:42:56.1054777Z hint:
stage-a-cpu (1) / run-cpu	UNKNOWN STEP	2026-09-26T01:42:56.1055154Z hint: Disable this message with "git config set advice.defaultBranchName false"
stage-a-cpu (1) / run-cpu	UNKNOWN STEP	2026-09-26T01:42:56.1056148Z Initialized empty Git repository in /home/runner/work/miles/miles/.git/
stage-a-cpu (1) / run-cpu	UNKNOWN STEP	2026-09-26T01:42:56.1062891Z [command]/usr/bin/git remote add origin https://github.com/radixark/miles
stage-a-cpu (1) / run-cpu	UNKNOWN STEP	2026-09-26T01:42:56.1107605Z ##[endgroup]
stage-a-cpu (1) / run-cpu	UNKNOWN STEP	2026-09-26T01:42:56.1113618Z ##[group]Disabling automatic garbage collection
stage-a-cpu (1) / run-cpu	UNKNOWN STEP	2026-09-26T01:42:56.1114151Z [command]/usr/bin/git config --local gc.auto 0
stage-a-cpu (1) / run-cpu	UNKNOWN STEP	2026-09-26T01:42:56.1143982Z ##[endgroup]
stage-a-cpu (1) / run-cpu	UNKNOWN STEP	2026-09-26T01:42:56.1144449Z ##[group]Setting up auth
stage-a-cpu (1) / run-cpu	UNKNOWN STEP	2026-09-26T01:42:56.1150990Z [command]/usr/bin/git config --local --name-only --get-regexp core\.sshCommand
stage-a-cpu (1) / run-cpu	UNKNOWN STEP	2026-09-26T01:42:56.1181624Z [command]/usr/bin/git submodule foreach --recursive sh -c "git config --local --name-only --get-regexp 'core\.sshCommand' && git config --local --unset-all 'core.sshCommand' || :"
stage-a-cpu (1) / run-cpu	UNKNOWN STEP	2026-09-26T01:42:56.1518994Z [command]/usr/bin/git config --local --name-only --get-regexp http\.https\:\/\/github\.com\/\.extraheader
stage-a-cpu (1) / run-cpu	UNKNOWN STEP	2026-09-26T01:42:56.1550331Z [command]/usr/bin/git submodule foreach --recursive sh -c "git config --local --name-only --get-regexp 'http\.https\:\/\/github\.com\/\.extraheader' && git config --local --unset-all 'http.https://github.com/.extraheader' || :"
stage-a-cpu (1) / run-cpu	UNKNOWN STEP	2026-09-26T01:42:56.1769259Z [command]/usr/bin/git config --local --name-only --get-regexp ^includeIf\.gitdir:
stage-a-cpu (1) / run-cpu	UNKNOWN STEP	2026-09-26T01:42:56.1800076Z [command]/usr/bin/git submodule foreach --recursive git config --local --show-origin --name-only --get-regexp remote.origin.url
stage-a-cpu (1) / run-cpu	UNKNOWN STEP	2026-09-26T01:42:56.2014082Z [command]/usr/bin/git config --local http.https://github.com/.extraheader AUTHORIZATION: basic ***
stage-a-cpu (1) / run-cpu	UNKNOWN STEP	2026-09-26T01:42:56.2049860Z ##[endgroup]
stage-a-cpu (1) / run-cpu	UNKNOWN STEP	2026-09-26T01:42:56.2050712Z ##[group]Fetching the repository
stage-a-cpu (1) / run-cpu	UNKNOWN STEP	2026-09-26T01:42:56.2066308Z [command]/usr/bin/git -c protocol.version=2 fetch --no-tags --prune --no-recurse-submodules --depth=1 origin +5093563d01e81e6a71a1425470f32e359338f37f:refs/remotes/pull/3720/merge
stage-a-cpu (1) / run-cpu	UNKNOWN STEP	2026-09-26T01:42:57.7830423Z From https://github.com/radixark/miles
stage-a-cpu (1) / run-cpu	UNKNOWN STEP	2026-09-26T01:42:57.7831479Z  * [new ref]         5093563d01e81e6a71a1425470f32e359338f37f -> pull/3720/merge
stage-a-cpu (1) / run-cpu	UNKNOWN STEP	2026-09-26T01:42:57.7843101Z ##[endgroup]
stage-a-cpu (1) / run-cpu	UNKNOWN STEP	2026-09-26T01:42:57.7843512Z ##[group]Determining the checkout info
stage-a-cpu (1) / run-cpu	UNKNOWN STEP	2026-09-26T01:42:57.7843924Z ##[endgroup]
stage-a-cpu (1) / run-cpu	UNKNOWN STEP	2026-09-26T01:42:57.7845902Z [command]/usr/bin/git sparse-checkout disable
stage-a-cpu (1) / run-cpu	UNKNOWN STEP	2026-09-26T01:42:57.7893035Z [command]/usr/bin/git config --local --unset-all extensions.worktreeConfig
stage-a-cpu (1) / run-cpu	UNKNOWN STEP	2026-09-26T01:42:57.7921129Z ##[group]Checking out the ref
stage-a-cpu (1) / run-cpu	UNKNOWN STEP	2026-09-26T01:42:57.7926477Z [command]/usr/bin/git checkout --progress --force refs/remotes/pull/3720/merge
stage-a-cpu (1) / run-cpu	UNKNOWN STEP	2026-09-26T01:42:57.9787364Z Note: switching to 'refs/remotes/pull/3720/merge'.
stage-a-cpu (1) / run-cpu	UNKNOWN STEP	2026-09-26T01:42:57.9787882Z 
stage-a-cpu (1) / run-cpu	UNKNOWN STEP	2026-09-26T01:42:57.9788226Z You are in 'detached HEAD' state. You can look around, make experimental
stage-a-cpu (1) / run-cpu	UNKNOWN STEP	2026-09-26T01:42:57.9789353Z changes and commit them, and you can discard any commits you make in this
stage-a-cpu (1) / run-cpu	UNKNOWN STEP	2026-09-26T01:42:57.9789890Z state without impacting any branches by switching back to a branch.
stage-a-cpu (1) / run-cpu	UNKNOWN STEP	2026-09-26T01:42:57.9790166Z 
stage-a-cpu (1) / run-cpu	UNKNOWN STEP	2026-09-26T01:42:57.9790403Z If you want to create a new branch to retain commits you create, you may
stage-a-cpu (1) / run-cpu	UNKNOWN STEP	2026-09-26T01:42:57.9790842Z do so (now or later) by using -c with the switch command. Example:
stage-a-cpu (1) / run-cpu	UNKNOWN STEP	2026-09-26T01:42:57.9791110Z 
stage-a-cpu (1) / run-cpu	UNKNOWN STEP	2026-09-26T01:42:57.9791223Z   git switch -c <new-branch-name>
stage-a-cpu (1) / run-cpu	UNKNOWN STEP	2026-09-26T01:42:57.9791400Z 
stage-a-cpu (1) / run-cpu	UNKNOWN STEP	2026-09-26T01:42:57.9791501Z Or undo this operation with:
stage-a-cpu (1) / run-cpu	UNKNOWN STEP	2026-09-26T01:42:57.9791663Z 
stage-a-cpu (1) / run-cpu	UNKNOWN STEP	2026-09-26T01:42:57.9791744Z   git switch -
stage-a-cpu (1) / run-cpu	UNKNOWN STEP	2026-09-26T01:42:57.9791887Z 
stage-a-cpu (1) / run-cpu	UNKNOWN STEP	2026-09-26T01:42:57.9792092Z Turn off this advice by setting config variable advice.detachedHead to false
stage-a-cpu (1) / run-cpu	UNKNOWN STEP	2026-09-26T01:42:57.9792399Z 
stage-a-cpu (1) / run-cpu	UNKNOWN STEP	2026-09-26T01:42:57.9792727Z HEAD is now at 5093563 Merge 6fb0e2a9d81fc343863ba6015512fe93992892e4 into 3d01116aeea3468737967ce360492631c7c2b8c7
stage-a-cpu (1) / run-cpu	UNKNOWN STEP	2026-09-26T01:42:57.9807577Z ##[endgroup]
stage-a-cpu (1) / run-cpu	UNKNOWN STEP	2026-09-26T01:42:57.9857023Z [command]/usr/bin/git log -1 --format=%H
stage-a-cpu (1) / run-cpu	UNKNOWN STEP	2026-09-26T01:42:57.9881926Z 5093563d01e81e6a71a1425470f32e359338f37f
stage-a-cpu (1) / run-cpu	UNKNOWN STEP	2026-09-26T01:42:58.0083247Z ##[group]Run actions/setup-python@v5
stage-a-cpu (1) / run-cpu	UNKNOWN STEP	2026-09-26T01:42:58.0083558Z with:
stage-a-cpu (1) / run-cpu	UNKNOWN STEP	2026-09-26T01:42:58.0083754Z   python-version: 3.11
stage-a-cpu (1) / run-cpu	UNKNOWN STEP	2026-09-26T01:42:58.0083975Z   check-latest: false
stage-a-cpu (1) / run-cpu	UNKNOWN STEP	2026-09-26T01:42:58.0086650Z   token: ***
stage-a-cpu (1) / run-cpu	UNKNOWN STEP	2026-09-26T01:42:58.0086865Z   update-environment: true
stage-a-cpu (1) / run-cpu	UNKNOWN STEP	2026-09-26T01:42:58.0087109Z   allow-prereleases: false
stage-a-cpu (1) / run-cpu	UNKNOWN STEP	2026-09-26T01:42:58.0087388Z   freethreaded: false
stage-a-cpu (1) / run-cpu	UNKNOWN STEP	2026-09-26T01:42:58.0087599Z env:
stage-a-cpu (1) / run-cpu	UNKNOWN STEP	2026-09-26T01:42:58.0087874Z   SGLANG_SOURCE_ROOT: /home/runner/work/miles/miles/sglang/python
stage-a-cpu (1) / run-cpu	UNKNOWN STEP	2026-09-26T01:42:58.0088299Z   MEGATRON_SOURCE_ROOT: /home/runner/work/miles/miles/Megatron-LM
stage-a-cpu (1) / run-cpu	UNKNOWN STEP	2026-09-26T01:42:58.0089023Z ##[endgroup]
stage-a-cpu (1) / run-cpu	UNKNOWN STEP	2026-09-26T01:42:58.1377223Z ##[group]Installed versions
stage-a-cpu (1) / run-cpu	UNKNOWN STEP	2026-09-26T01:42:58.1468661Z (node:2273) [DEP0040] DeprecationWarning: The `punycode` module is deprecated. Please use a userland alternative instead.
stage-a-cpu (1) / run-cpu	UNKNOWN STEP	2026-09-26T01:42:58.1469728Z (Use `node --trace-deprecation ...` to show where the warning was created)
stage-a-cpu (1) / run-cpu	UNKNOWN STEP	2026-09-26T01:42:58.1470727Z Successfully set up CPython (3.11.16)
stage-a-cpu (1) / run-cpu	UNKNOWN STEP	2026-09-26T01:42:58.1471372Z ##[endgroup]
stage-a-cpu (1) / run-cpu	UNKNOWN STEP	2026-09-26T01:42:58.1672561Z ##[group]Run astral-sh/setup-uv@v5
stage-a-cpu (1) / run-cpu	UNKNOWN STEP	2026-09-26T01:42:58.1672850Z with:
stage-a-cpu (1) / run-cpu	UNKNOWN STEP	2026-09-26T01:42:58.1675533Z   github-token: ***
stage-a-cpu (1) / run-cpu	UNKNOWN STEP	2026-09-26T01:42:58.1675917Z   enable-cache: auto
stage-a-cpu (1) / run-cpu	UNKNOWN STEP	2026-09-26T01:42:58.1676188Z   cache-dependency-glob: **/uv.lock
stage-a-cpu (1) / run-cpu	UNKNOWN STEP	**/requirements*.txt
stage-a-cpu (1) / run-cpu	UNKNOWN STEP	
stage-a-cpu (1) / run-cpu	UNKNOWN STEP	2026-09-26T01:42:58.1676511Z   prune-cache: true
stage-a-cpu (1) / run-cpu	UNKNOWN STEP	2026-09-26T01:42:58.1676735Z   ignore-nothing-to-cache: false
stage-a-cpu (1) / run-cpu	UNKNOWN STEP	2026-09-26T01:42:58.1676994Z   ignore-empty-workdir: false
stage-a-cpu (1) / run-cpu	UNKNOWN STEP	2026-09-26T01:42:58.1677245Z env:
stage-a-cpu (1) / run-cpu	UNKNOWN STEP	2026-09-26T01:42:58.1677509Z   SGLANG_SOURCE_ROOT: /home/runner/work/miles/miles/sglang/python
stage-a-cpu (1) / run-cpu	UNKNOWN STEP	2026-09-26T01:42:58.1677927Z   MEGATRON_SOURCE_ROOT: /home/runner/work/miles/miles/Megatron-LM
stage-a-cpu (1) / run-cpu	UNKNOWN STEP	2026-09-26T01:42:58.1678323Z   pythonLocation: /opt/hostedtoolcache/Python/3.11.16/x64
stage-a-cpu (1) / run-cpu	UNKNOWN STEP	2026-09-26T01:42:58.1679165Z   PKG_CONFIG_PATH: /opt/hostedtoolcache/Python/3.11.16/x64/lib/pkgconfig
stage-a-cpu (1) / run-cpu	UNKNOWN STEP	2026-09-26T01:42:58.1679588Z   Python_ROOT_DIR: /opt/hostedtoolcache/Python/3.11.16/x64
stage-a-cpu (1) / run-cpu	UNKNOWN STEP	2026-09-26T01:42:58.1679990Z   Python2_ROOT_DIR: /opt/hostedtoolcache/Python/3.11.16/x64
stage-a-cpu (1) / run-cpu	UNKNOWN STEP	2026-09-26T01:42:58.1680362Z   Python3_ROOT_DIR: /opt/hostedtoolcache/Python/3.11.16/x64
stage-a-cpu (1) / run-cpu	UNKNOWN STEP	2026-09-26T01:42:58.1680740Z   LD_LIBRARY_PATH: /opt/hostedtoolcache/Python/3.11.16/x64/lib
stage-a-cpu (1) / run-cpu	UNKNOWN STEP	2026-09-26T01:42:58.1681061Z ##[endgroup]
stage-a-cpu (1) / run-cpu	UNKNOWN STEP	2026-09-26T01:42:58.3415601Z (node:2281) [DEP0040] DeprecationWarning: The `punycode` module is deprecated. Please use a userland alternative instead.
stage-a-cpu (1) / run-cpu	UNKNOWN STEP	2026-09-26T01:42:58.3416963Z (Use `node --trace-deprecation ...` to show where the warning was created)
stage-a-cpu (1) / run-cpu	UNKNOWN STEP	2026-09-26T01:42:58.6428788Z Downloading uv from "https://github.com/astral-sh/uv/releases/download/0.12.19/uv-x86_64-unknown-linux-gnu.tar.gz" ...
stage-a-cpu (1) / run-cpu	UNKNOWN STEP	2026-09-26T01:42:58.9808137Z [command]/usr/bin/tar xz --warning=no-unknown-keyword --overwrite -C /home/runner/work/_temp/e7ca3124-1978-4f3c-89a1-7724becafc41 -f /home/runner/work/_temp/e9b0781b-c025-4e56-8128-331e1e983a55
stage-a-cpu (1) / run-cpu	UNKNOWN STEP	2026-09-26T01:42:59.3604292Z Added /home/runner/.local/bin to the path
stage-a-cpu (1) / run-cpu	UNKNOWN STEP	2026-09-26T01:42:59.3629673Z Added /opt/hostedtoolcache/uv/0.12.19/x86_64 to the path
stage-a-cpu (1) / run-cpu	UNKNOWN STEP	2026-09-26T01:42:59.3638297Z Set UV_CACHE_DIR to /home/runner/work/_temp/setup-uv-cache
stage-a-cpu (1) / run-cpu	UNKNOWN STEP	2026-09-26T01:42:59.3639254Z Successfully installed uv version 0.12.19
stage-a-cpu (1) / run-cpu	UNKNOWN STEP	2026-09-26T01:42:59.3640057Z Searching files using cache dependency glob: **/uv.lock,**/requirements*.txt
stage-a-cpu (1) / run-cpu	UNKNOWN STEP	2026-09-26T01:42:59.3941784Z /home/runner/work/miles/miles/.github/workflows/scripts/requirements-ci-lark-notify.txt
stage-a-cpu (1) / run-cpu	UNKNOWN STEP	2026-09-26T01:42:59.4274877Z /home/runner/work/miles/miles/examples/experimental/eval_multi_task/requirements_ifbench.txt
stage-a-cpu (1) / run-cpu	UNKNOWN STEP	2026-09-26T01:42:59.4359308Z /home/runner/work/miles/miles/examples/experimental/strands_sglang/requirements.txt
stage-a-cpu (1) / run-cpu	UNKNOWN STEP	2026-09-26T01:42:59.4382116Z /home/runner/work/miles/miles/examples/experimental/verifiers/requirements.txt
stage-a-cpu (1) / run-cpu	UNKNOWN STEP	2026-09-26T01:42:59.4457940Z /home/runner/work/miles/miles/examples/multi_lora/requirements.txt
stage-a-cpu (1) / run-cpu	UNKNOWN STEP	2026-09-26T01:42:59.5186343Z /home/runner/work/miles/miles/requirements.txt
stage-a-cpu (1) / run-cpu	UNKNOWN STEP	2026-09-26T01:42:59.5323092Z /home/runner/work/miles/miles/tests/ci/requirements-ci-cpu.txt
stage-a-cpu (1) / run-cpu	UNKNOWN STEP	2026-09-26T01:42:59.6463982Z Found 7 files to hash.
stage-a-cpu (1) / run-cpu	UNKNOWN STEP	2026-09-26T01:42:59.7518054Z Trying to restore uv cache from GitHub Actions cache with key: setup-uv-1-x86_64-unknown-linux-gnu-3.11.16-70348d0ad898e640334aeba7c5b6f0065b1497853c09cd8bbf5ecb842d70150a
stage-a-cpu (1) / run-cpu	UNKNOWN STEP	2026-09-26T01:42:59.9830451Z Cache hit for: setup-uv-1-x86_64-unknown-linux-gnu-3.11.16-70348d0ad898e640334aeba7c5b6f0065b1497853c09cd8bbf5ecb842d70150a
stage-a-cpu (1) / run-cpu	UNKNOWN STEP	2026-09-26T01:42:59.9936477Z (node:2281) [DEP0169] DeprecationWarning: `url.parse()` behavior is not standardized and prone to errors that have security implications. Use the WHATWG URL API instead. CVEs are not issued for `url.parse()` vulnerabilities.
stage-a-cpu (1) / run-cpu	UNKNOWN STEP	2026-09-26T01:43:01.2644188Z Received 4194304 of 20508172 (20.5%), 4.0 MBs/sec
stage-a-cpu (1) / run-cpu	UNKNOWN STEP	2026-09-26T01:43:01.5663764Z Received 20508172 of 20508172 (100.0%), 15.0 MBs/sec
stage-a-cpu (1) / run-cpu	UNKNOWN STEP	2026-09-26T01:43:01.5664482Z Cache Size: ~20 MB (20508172 B)
stage-a-cpu (1) / run-cpu	UNKNOWN STEP	2026-09-26T01:43:01.5696428Z [command]/usr/bin/tar -xf /home/runner/work/_temp/76e819cd-df57-46f8-a74d-0bb097df2f26/cache.tzst -P -C /home/runner/work/miles/miles --use-compress-program unzstd
stage-a-cpu (1) / run-cpu	UNKNOWN STEP	2026-09-26T01:43:01.6728855Z Cache restored successfully
stage-a-cpu (1) / run-cpu	UNKNOWN STEP	2026-09-26T01:43:01.6743748Z uv cache restored from GitHub Actions cache with key: setup-uv-1-x86_64-unknown-linux-gnu-3.11.16-70348d0ad898e640334aeba7c5b6f0065b1497853c09cd8bbf5ecb842d70150a
stage-a-cpu (1) / run-cpu	UNKNOWN STEP	2026-09-26T01:43:01.6922573Z ##[group]Run MEGATRON_PR="${INPUT_MEGATRON_PR}"
stage-a-cpu (1) / run-cpu	UNKNOWN STEP	2026-09-26T01:43:01.6922995Z ^[[36;1mMEGATRON_PR="${INPUT_MEGATRON_PR}"^[[0m
stage-a-cpu (1) / run-cpu	UNKNOWN STEP	2026-09-26T01:43:01.6923292Z ^[[36;1mSGLANG_PR="${INPUT_SGLANG_PR}"^[[0m
stage-a-cpu (1) / run-cpu	UNKNOWN STEP	2026-09-26T01:43:01.6923567Z ^[[36;1mif [ -n "$PR_BODY" ]; then^[[0m
stage-a-cpu (1) / run-cpu	UNKNOWN STEP	2026-09-26T01:43:01.6923978Z ^[[36;1m  PR_MEGATRON_PR=$(echo "$PR_BODY" | grep -m1 -oP '^ci-megatron-pr:\s+\K\S+' || true)^[[0m
stage-a-cpu (1) / run-cpu	UNKNOWN STEP	2026-09-26T01:43:01.6924536Z ^[[36;1m  PR_SGLANG_PR=$(echo "$PR_BODY" | grep -m1 -oP '^ci-sglang-pr:\s+\K\S+' || true)^[[0m
stage-a-cpu (1) / run-cpu	UNKNOWN STEP	2026-09-26T01:43:01.6925055Z ^[[36;1m  [ -z "$MEGATRON_PR" ] && [ -n "$PR_MEGATRON_PR" ] && MEGATRON_PR="$PR_MEGATRON_PR"^[[0m
stage-a-cpu (1) / run-cpu	UNKNOWN STEP	2026-09-26T01:43:01.6925539Z ^[[36;1m  [ -z "$SGLANG_PR" ] && [ -n "$PR_SGLANG_PR" ] && SGLANG_PR="$PR_SGLANG_PR"^[[0m
stage-a-cpu (1) / run-cpu	UNKNOWN STEP	2026-09-26T01:43:01.6925887Z ^[[36;1mfi^[[0m
stage-a-cpu (1) / run-cpu	UNKNOWN STEP	2026-09-26T01:43:01.6926229Z ^[[36;1m# Release branches carry release-lock.json (written at branch cut) pinning^[[0m
stage-a-cpu (1) / run-cpu	UNKNOWN STEP	2026-09-26T01:43:01.6926782Z ^[[36;1m# the dependency SHAs the release was frozen with. Explicit overrides above^[[0m
stage-a-cpu (1) / run-cpu	UNKNOWN STEP	2026-09-26T01:43:01.6927267Z ^[[36;1m# still win; the moving branch heads are only the last resort.^[[0m
stage-a-cpu (1) / run-cpu	UNKNOWN STEP	2026-09-26T01:43:01.6927633Z ^[[36;1mif [ -f release-lock.json ]; then^[[0m
stage-a-cpu (1) / run-cpu	UNKNOWN STEP	2026-09-26T01:43:01.6928118Z ^[[36;1m  LOCK_SGLANG=$(python3 -c "import json; print(json.load(open('release-lock.json'))['sglang_commit'])")^[[0m
stage-a-cpu (1) / run-cpu	UNKNOWN STEP	2026-09-26T01:43:01.6929159Z ^[[36;1m  LOCK_MEGATRON=$(python3 -c "import json; print(json.load(open('release-lock.json'))['megatron_commit'])")^[[0m
stage-a-cpu (1) / run-cpu	UNKNOWN STEP	2026-09-26T01:43:01.6929697Z ^[[36;1m  [ -z "$SGLANG_PR" ] && SGLANG_PR="$LOCK_SGLANG"^[[0m
stage-a-cpu (1) / run-cpu	UNKNOWN STEP	2026-09-26T01:43:01.6930060Z ^[[36;1m  [ -z "$MEGATRON_PR" ] && MEGATRON_PR="$LOCK_MEGATRON"^[[0m
stage-a-cpu (1) / run-cpu	UNKNOWN STEP	2026-09-26T01:43:01.6930515Z ^[[36;1m  echo "release-lock.json present: sglang=$LOCK_SGLANG megatron=$LOCK_MEGATRON"^[[0m
stage-a-cpu (1) / run-cpu	UNKNOWN STEP	2026-09-26T01:43:01.6930908Z ^[[36;1mfi^[[0m
stage-a-cpu (1) / run-cpu	UNKNOWN STEP	2026-09-26T01:43:01.6931150Z ^[[36;1m[ -z "$MEGATRON_PR" ] && MEGATRON_PR="miles-main"^[[0m
stage-a-cpu (1) / run-cpu	UNKNOWN STEP	2026-09-26T01:43:01.6931501Z ^[[36;1m[ -z "$SGLANG_PR" ] && SGLANG_PR="sglang-miles"^[[0m
stage-a-cpu (1) / run-cpu	UNKNOWN STEP	2026-09-26T01:43:01.6931799Z ^[[36;1mresolve_fetch_ref() {^[[0m
stage-a-cpu (1) / run-cpu	UNKNOWN STEP	2026-09-26T01:43:01.6932032Z ^[[36;1m  local ref="$1"^[[0m
stage-a-cpu (1) / run-cpu	UNKNOWN STEP	2026-09-26T01:43:01.6932268Z ^[[36;1m  if [[ "$ref" =~ ^#([0-9]+)$ ]]; then^[[0m
stage-a-cpu (1) / run-cpu	UNKNOWN STEP	2026-09-26T01:43:01.6932570Z ^[[36;1m    echo "refs/pull/${BASH_REMATCH[1]}/head"^[[0m
stage-a-cpu (1) / run-cpu	UNKNOWN STEP	2026-09-26T01:43:01.6932844Z ^[[36;1m  else^[[0m
stage-a-cpu (1) / run-cpu	UNKNOWN STEP	2026-09-26T01:43:01.6933028Z ^[[36;1m    echo "$ref"^[[0m
stage-a-cpu (1) / run-cpu	UNKNOWN STEP	2026-09-26T01:43:01.6933231Z ^[[36;1m  fi^[[0m
stage-a-cpu (1) / run-cpu	UNKNOWN STEP	2026-09-26T01:43:01.6933411Z ^[[36;1m}^[[0m
stage-a-cpu (1) / run-cpu	UNKNOWN STEP	2026-09-26T01:43:01.6933665Z ^[[36;1mMEGATRON_FETCH=$(resolve_fetch_ref "$MEGATRON_PR")^[[0m
stage-a-cpu (1) / run-cpu	UNKNOWN STEP	2026-09-26T01:43:01.6934045Z ^[[36;1mSGLANG_FETCH=$(resolve_fetch_ref "$SGLANG_PR")^[[0m
stage-a-cpu (1) / run-cpu	UNKNOWN STEP	2026-09-26T01:43:01.6934419Z ^[[36;1mecho "ci_megatron_pr=$MEGATRON_FETCH" >> $GITHUB_OUTPUT^[[0m
stage-a-cpu (1) / run-cpu	UNKNOWN STEP	2026-09-26T01:43:01.6934806Z ^[[36;1mecho "ci_sglang_pr=$SGLANG_FETCH" >> $GITHUB_OUTPUT^[[0m
stage-a-cpu (1) / run-cpu	UNKNOWN STEP	2026-09-26T01:43:01.6935341Z ^[[36;1mecho "Resolved: megatron=$MEGATRON_PR -> fetch=$MEGATRON_FETCH, sglang=$SGLANG_PR -> fetch=$SGLANG_FETCH"^[[0m
stage-a-cpu (1) / run-cpu	UNKNOWN STEP	2026-09-26T01:43:01.7000477Z shell: /usr/bin/bash --noprofile --norc -e -o pipefail {0}
stage-a-cpu (1) / run-cpu	UNKNOWN STEP	2026-09-26T01:43:01.7000805Z env:
stage-a-cpu (1) / run-cpu	UNKNOWN STEP	2026-09-26T01:43:01.7001083Z   SGLANG_SOURCE_ROOT: /home/runner/work/miles/miles/sglang/python
stage-a-cpu (1) / run-cpu	UNKNOWN STEP	2026-09-26T01:43:01.7001506Z   MEGATRON_SOURCE_ROOT: /home/runner/work/miles/miles/Megatron-LM
stage-a-cpu (1) / run-cpu	UNKNOWN STEP	2026-09-26T01:43:01.7001898Z   pythonLocation: /opt/hostedtoolcache/Python/3.11.16/x64
stage-a-cpu (1) / run-cpu	UNKNOWN STEP	2026-09-26T01:43:01.7002302Z   PKG_CONFIG_PATH: /opt/hostedtoolcache/Python/3.11.16/x64/lib/pkgconfig
stage-a-cpu (1) / run-cpu	UNKNOWN STEP	2026-09-26T01:43:01.7002710Z   Python_ROOT_DIR: /opt/hostedtoolcache/Python/3.11.16/x64
stage-a-cpu (1) / run-cpu	UNKNOWN STEP	2026-09-26T01:43:01.7003076Z   Python2_ROOT_DIR: /opt/hostedtoolcache/Python/3.11.16/x64
stage-a-cpu (1) / run-cpu	UNKNOWN STEP	2026-09-26T01:43:01.7003441Z   Python3_ROOT_DIR: /opt/hostedtoolcache/Python/3.11.16/x64
stage-a-cpu (1) / run-cpu	UNKNOWN STEP	2026-09-26T01:43:01.7003811Z   LD_LIBRARY_PATH: /opt/hostedtoolcache/Python/3.11.16/x64/lib
stage-a-cpu (1) / run-cpu	UNKNOWN STEP	2026-09-26T01:43:01.7004165Z   UV_CACHE_DIR: /home/runner/work/_temp/setup-uv-cache
stage-a-cpu (1) / run-cpu	UNKNOWN STEP	2026-09-26T01:43:01.7197643Z   PR_BODY: ## Summary
stage-a-cpu (1) / run-cpu	UNKNOWN STEP	
stage-a-cpu (1) / run-cpu	UNKNOWN STEP	@humansand
stage-a-cpu (1) / run-cpu	UNKNOWN STEP	
stage-a-cpu (1) / run-cpu	UNKNOWN STEP	Add an opt-in PyTorch CPU preparation stage for disk-delta updates. A compiled count phase derives exact per-tensor byte changes from a stable packed layout and completed incoming CPU bytes. An unchanged group reuses its previous snapshot; a changed group runs a second compiled phase that returns independently owned XOR/snapshot storage for the existing compression and publication path.
stage-a-cpu (1) / run-cpu	UNKNOWN STEP	
stage-a-cpu (1) / run-cpu	UNKNOWN STEP	- **Selection:** `--update-weight-delta-cpu-backend {numpy,torch-compile}` defaults to `numpy`. The compiled backend requires `--update-weight-delta-encoding xor`; overwrite remains on NumPy. The selector supports controlled performance studies. The selected CPU replay improves unchanged updates but regresses changed updates, so NumPy remains the default; the GPU pair has no result yet.
stage-a-cpu (1) / run-cpu	UNKNOWN STEP	- **PyTorch implementation:** `torch.compile(backend="inductor", fullgraph=True, dynamic=True)` covers word-lane byte counting, row reduction, exact per-name aggregation, and conditional owned XOR plus snapshot materialization. The two phases preserve the unchanged-group fast path. Python retains layout/queue/error control; native zstd and checksum run after preparation. No handwritten C++ source, custom extension, forced ISA, or process-wide Torch thread/affinity policy is added. Inductor generates host code and requires a working host compiler.
stage-a-cpu (1) / run-cpu	UNKNOWN STEP	- **Wire compatibility:** retain per-name XOR bytes, zstd payloads, selected checksums, exact changed-byte counters, and omission of unchanged tensors. Tiny FP32 scales retain these same rules; this does not introduce unconditional scale transmission or receiver-format changes.
stage-a-cpu (1) / run-cpu	UNKNOWN STEP	- **Dependency boundary:** the standalone source change is based on upstream Miles `41c5e38b94ea23677de93b01a4a77d55677a8f09`. [Miles #3711](https://github.com/radixark/miles/pull/3711) is needed for the combined GLM-5.2 canonical NVFP4 layout/recipe validation, not for the CPU module itself. That separate integration also uses the receiver in [SGLang #41274](https://github.com/sgl-project/sglang/pull/41274); these dependencies are not folded into this PR's source diff.
stage-a-cpu (1) / run-cpu	UNKNOWN STEP	
stage-a-cpu (1) / run-cpu	UNKNOWN STEP	## Design and ownership
stage-a-cpu (1) / run-cpu	UNKNOWN STEP	
stage-a-cpu (1) / run-cpu	UNKNOWN STEP	- **Stable subdivisions:** subdivide each existing gathered bucket in its existing order into weight groups of at most 128 MiB padded storage, except a single larger tensor. Weight entries use 4,096-byte rows. Collect scalar FP32 `.weight_scale_2` values into a separate compact four-byte-row group per gathered bucket, so a scalar change cannot copy an otherwise unchanged large weight group. Capture subgroup names/order, dtype, and shape once; reject changed membership/order, duplicates, omissions, or dtype/shape changes rather than reinterpreting an old layout.
stage-a-cpu (1) / run-cpu	UNKNOWN STEP	- **Bounded transfer staging:** copy weights directly into named slices of a shared CPU lease, without a recurring CPU concatenation. Compact scalars use one `torch.stack` and transfer. Synchronize the CUDA stream once after a group's copies. Per sending rank/encoder, pool capacity is at most 64 leases and 32 GiB total, with a bounded pageable fallback if pinned allocation fails. Pending work is limited to 64 groups and 8 GiB of packed input, with one oversized tensor allowed up to the 32 GiB staging cap. These are staging/in-flight-input bounds, not total RSS bounds: changed-group XOR/replacement slabs add up to twice the admitted input bytes (including the oversized exception); persistent snapshots, compression, compiler state, and setup scratch are additional storage. A tensor larger than the staging cap is unsupported; lowering the iterator bucket limit cannot split that tensor.
stage-a-cpu (1) / run-cpu	UNKNOWN STEP	- **Padding invariant:** baseline storage starts with zero padding. On assignment of a shared lease to a different layout, reset only its padding gaps; payload copies write only valid named slices. Equal padding is required because the count stage scans complete padded rows. Padding is not transmitted.
stage-a-cpu (1) / run-cpu	UNKNOWN STEP	- **Meaningful compiled count stage:** view aligned packed bytes as int32 words, XOR corresponding words, and test four byte-lane masks, including the sign byte. Sum the lane counts into int32 row totals, then convert explicitly to int64 for cumulative reduction and boundary gathers that yield exact per-name byte counts. Layout rows must be positive multiples of four bounded by int32; buffer storage offsets are checked for word alignment, and zero padding covers odd tensor tails. Total padded length is guarded by int64. Native ATen `cumsum` remains part of the workload; this is not claimed to be one fused machine kernel. Counting is dtype-blind and uses no floating-point accumulation.
stage-a-cpu (1) / run-cpu	UNKNOWN STEP	- **No-change/changed ownership:** an all-zero group preserves the old snapshot object and avoids owned XOR/replacement allocation. A changed group performs word-view XOR and an owned clone together, returns uint8 views, then releases its staging lease exactly once before native per-name compression/checksum. A changed group also copies valid unchanged tensors and padding within that group; the benchmark reports those bytes explicitly. The count phase and conditional materialization phase are separate, so changed groups perform XOR work in both phases; this is the cost of retaining the unchanged-group fast path.
stage-a-cpu (1) / run-cpu	UNKNOWN STEP	- **Snapshot commit:** promote a changed group's snapshot only after all of its native handoff succeeds, replacing every name's view so unchanged names in that changed group cannot retain obsolete packed slabs. An entirely unchanged group keeps its snapshot identity and skips per-name view reinstallation. Inputs remain immutable. Earlier successful groups may already have committed if a later group fails; this retains fail-stop behavior rather than adding whole-update rollback or automatic retry.
stage-a-cpu (1) / run-cpu	UNKNOWN STEP	- **Host bookkeeping:** cache each layout's valid payload-byte total during capture instead of summing entries on every update. Remove unused encoder copy/padding diagnostic accumulation; the wire changed-byte and total-byte counters remain. Replay-only copy and materialization accounting is retained and runs inside its timed work, so replay timings still include diagnostic overhead that production no longer pays.
stage-a-cpu (1) / run-cpu	UNKNOWN STEP	- **Errors and initialization:** initialize after draining baseline iterator collectives; compile both graphs serially in an ordinary worker using every actual layout, owned snapshot, and shared scratch before concurrent submissions. Ordinary allocations also remain ordinary under an enclosing `inference_mode`. Updates drain work, return leases, and coordinate detected packed-preparation errors before publication. This is not a general recovery protocol for process death, filesystem failure, or receiver failure.
stage-a-cpu (1) / run-cpu	UNKNOWN STEP	- **CPU concurrency:** on the C2 host, the existing worker limit is 32. Generated kernels use `cpp_wrapper=True`, `cpp.threads=1`, and `cpp.dynamic_threads=False`, with a GIL-releasing generated wrapper. Native external operations retain the runtime's settings; the generated-kernel budget is not a claim that every operation uses one thread. Runtime thread settings, affinity, and per-sample compiler counters are retained in the evidence.
stage-a-cpu (1) / run-cpu	UNKNOWN STEP	
stage-a-cpu (1) / run-cpu	UNKNOWN STEP	## Validation
stage-a-cpu (1) / run-cpu	UNKNOWN STEP	
stage-a-cpu (1) / run-cpu	UNKNOWN STEP	### Source and environment
stage-a-cpu (1) / run-cpu	UNKNOWN STEP	
stage-a-cpu (1) / run-cpu	UNKNOWN STEP	| Item | Evidence |
stage-a-cpu (1) / run-cpu	UNKNOWN STEP	| --- | --- |
stage-a-cpu (1) / run-cpu	UNKNOWN STEP	| Selected standalone PR commit | `6fb0e2a9d81fc343863ba6015512fe93992892e4`; parent `6eca79a001e2e2c9b62385b1397f1ad0fc800e81`, based on upstream `41c5e38b94ea23677de93b01a4a77d55677a8f09` |
stage-a-cpu (1) / run-cpu	UNKNOWN STEP	| Selected preparation module SHA256 | `281534dfa6b8fef9840f17af2522c3d8100097a68baf0b30bf0c2e1af69a7788` |
stage-a-cpu (1) / run-cpu	UNKNOWN STEP	| Selected combined GLM validation commit | `283a1cb4e6ed4a3712a39bc5dbd26060465bdcca`; parent `c5ea5a83e31cc3a16aa1b185ec3f8fb0c3a2f59e`, which contains the f17 GLM integration and canonical-storage matching |
stage-a-cpu (1) / run-cpu	UNKNOWN STEP	| Earlier candidate with completed C2 CPU test/replay evidence | `6eca79a001e2e2c9b62385b1397f1ad0fc800e81`; historical evidence only |
stage-a-cpu (1) / run-cpu	UNKNOWN STEP	| GLM compatibility dependency | Miles `f17ba4bce13bf7d357e7560182dc859c41a7cb37` |
stage-a-cpu (1) / run-cpu	UNKNOWN STEP	| Receiver dependency | SGLang `2f5fb2a09f08eb9a44c0fed5a28be0bda2942b0f`, based on `sglang-miles` |
stage-a-cpu (1) / run-cpu	UNKNOWN STEP	| C2 CPU | `hu-pdx-90`; 2 × Intel Xeon 6776P, 64 cores/socket, SMT2, 256 logical CPUs, four NUMA nodes; AVX-512 available |
stage-a-cpu (1) / run-cpu	UNKNOWN STEP	| Explicit image | `radixark/miles:dev-202609251434`; amd64 digest `sha256:7c4c6c8cc9e76be893941e064f0e43924ef9258b04da365c8009709592ff0984` |
stage-a-cpu (1) / run-cpu	UNKNOWN STEP	| CPU software | Python 3.12.3; PyTorch `2.13.0+cu130`, git `cf30153c4c131c8164ee7798e5022d810682e2cb`; NumPy 2.3.5; zstandard 0.25.0; xxhash 3.7.1 |
stage-a-cpu (1) / run-cpu	UNKNOWN STEP	| GPU integration environment | 8 × B300 SXM6 AC, driver 590.48.01, CUDA toolkit 13.0.88; 4 trainer + 4 rollout GPUs; paired campaign running, no result yet |
stage-a-cpu (1) / run-cpu	UNKNOWN STEP	| Integration stack | Megatron `f148a32b4385b758b66a77c9c3ad1641f1295d4b`; TE 2.17.0; FlashInfer 0.6.18; CuTe DSL 4.6.2; Triton 3.7.1; Ray 2.58.0 |
stage-a-cpu (1) / run-cpu	UNKNOWN STEP	
stage-a-cpu (1) / run-cpu	UNKNOWN STEP	### Completed selected-source CPU and distributed preflight
stage-a-cpu (1) / run-cpu	UNKNOWN STEP	
stage-a-cpu (1) / run-cpu	UNKNOWN STEP	Standalone `6fb0e2a9d81fc343863ba6015512fe93992892e4` passed **45 tests, 24 warnings in 30.89 s** in a clean detached checkout inside the pinned C2 image, using normal repository conftest and a fresh compiler cache. Tested source hashes were recorded for all six production/test files. The complete output, including every retained warning and reported slow test, is below.
stage-a-cpu (1) / run-cpu	UNKNOWN STEP	
stage-a-cpu (1) / run-cpu	UNKNOWN STEP	From `/hai-workspace/glm52-delta/miles-torch-compile-final`:
stage-a-cpu (1) / run-cpu	UNKNOWN STEP	
stage-a-cpu (1) / run-cpu	UNKNOWN STEP	```bash
stage-a-cpu (1) / run-cpu	UNKNOWN STEP	CUDA_VISIBLE_DEVICES=99 OMP_NUM_THREADS=1 \
stage-a-cpu (1) / run-cpu	UNKNOWN STEP	  TORCHINDUCTOR_CACHE_DIR=/hai-workspace/glm52-delta/artifacts/torch-compile-final-production-unit-cache \
stage-a-cpu (1) / run-cpu	UNKNOWN STEP	  PYTHONPATH=. timeout --kill-after=5 240 /opt/sglang/bin/python -m pytest \
stage-a-cpu (1) / run-cpu	UNKNOWN STEP	  tests/fast/utils/test_delta_preparation.py \
stage-a-cpu (1) / run-cpu	UNKNOWN STEP	  tests/fast/backends/training_utils/weight_update/test_delta_compiled_cpu.py \
stage-a-cpu (1) / run-cpu	UNKNOWN STEP	  tests/fast/backends/training_utils/weight_update/test_delta.py \
stage-a-cpu (1) / run-cpu	UNKNOWN STEP	  tests/fast/backends/training_utils/weight_update/test_disk_delta_weight_version.py \
stage-a-cpu (1) / run-cpu	UNKNOWN STEP	  tests/fast/backends/training_utils/weight_update/test_disk_delta_engine_calls.py -q
stage-a-cpu (1) / run-cpu	UNKNOWN STEP	```
stage-a-cpu (1) / run-cpu	UNKNOWN STEP	
stage-a-cpu (1) / run-cpu	UNKNOWN STEP	<details>
stage-a-cpu (1) / run-cpu	UNKNOWN STEP	<summary>Complete selected standalone test output</summary>
stage-a-cpu (1) / run-cpu	UNKNOWN STEP	
stage-a-cpu (1) / run-cpu	UNKNOWN STEP	```text
stage-a-cpu (1) / run-cpu	UNKNOWN STEP	============================= test session starts ==============================
stage-a-cpu (1) / run-cpu	UNKNOWN STEP	platform linux -- Python 3.12.3, pytest-9.1.1, pluggy-1.6.0
stage-a-cpu (1) / run-cpu	UNKNOWN STEP	rootdir: /hai-workspace/glm52-delta/miles-torch-compile-final
stage-a-cpu (1) / run-cpu	UNKNOWN STEP	configfile: pyproject.toml
stage-a-cpu (1) / run-cpu	UNKNOWN STEP	plugins: anyio-4.15.1, hypothesis-6.168.1, asyncio-1.4.0, jaxtyping-0.3.11, typeguard-2.13.3, ai-dynamo-1.5.0.dev20260917
stage-a-cpu (1) / run-cpu	UNKNOWN STEP	asyncio: mode=Mode.AUTO, debug=False, asyncio_default_fixture_loop_scope=None, asyncio_default_test_loop_scope=function
stage-a-cpu (1) / run-cpu	UNKNOWN STEP	collected 45 items
stage-a-cpu (1) / run-cpu	UNKNOWN STEP	
stage-a-cpu (1) / run-cpu	UNKNOWN STEP	tests/fast/utils/test_delta_preparation.py ..................            [ 40%]
stage-a-cpu (1) / run-cpu	UNKNOWN STEP	tests/fast/backends/training_utils/weight_update/test_delta_compiled_cpu.py . [ 42%]
stage-a-cpu (1) / run-cpu	UNKNOWN STEP	...........                                                              [ 66%]
stage-a-cpu (1) / run-cpu	UNKNOWN STEP	tests/fast/backends/training_utils/weight_update/test_delta.py ...       [ 73%]
stage-a-cpu (1) / run-cpu	UNKNOWN STEP	tests/fast/backends/training_utils/weight_update/test_disk_delta_weight_version.py . [ 75%]
stage-a-cpu (1) / run-cpu	UNKNOWN STEP	.....                                                                    [ 86%]
stage-a-cpu (1) / run-cpu	UNKNOWN STEP	tests/fast/backends/training_utils/weight_update/test_disk_delta_engine_calls.py . [ 88%]
stage-a-cpu (1) / run-cpu	UNKNOWN STEP	.....                                                                    [100%]
stage-a-cpu (1) / run-cpu	UNKNOWN STEP	
stage-a-cpu (1) / run-cpu	UNKNOWN STEP	=============================== warnings summary ===============================
stage-a-cpu (1) / run-cpu	UNKNOWN STEP	../../../opt/sglang/lib/python3.12/site-packages/torch/jit/_script.py:1488
stage-a-cpu (1) / run-cpu	UNKNOWN STEP	../../../opt/sglang/lib/python3.12/site-packages/torch/jit/_script.py:1488
stage-a-cpu (1) / run-cpu	UNKNOWN STEP	../../../opt/sglang/lib/python3.12/site-packages/torch/jit/_script.py:1488
stage-a-cpu (1) / run-cpu	UNKNOWN STEP	  /opt/sglang/lib/python3.12/site-packages/torch/jit/_script.py:1488: DeprecationWarning: `torch.jit.script` is deprecated. Please switch to `torch.compile` or `torch.export`.
stage-a-cpu (1) / run-cpu	UNKNOWN STEP	    warnings.warn(
stage-a-cpu (1) / run-cpu	UNKNOWN STEP	
stage-a-cpu (1) / run-cpu	UNKNOWN STEP	../../../opt/sglang/lib/python3.12/site-packages/transformer_engine/__init__.py:103
stage-a-cpu (1) / run-cpu	UNKNOWN STEP	  /opt/sglang/lib/python3.12/site-packages/transformer_engine/__init__.py:103: RuntimeWarning: Detected a Jax installation but could not find the shared object file for the Transformer Engine Jax extension library. If this is not intentional, please reinstall Transformer Engine with `pip install transformer_engine[jax]` or build from source with `NVTE_FRAMEWORK=jax`.
stage-a-cpu (1) / run-cpu	UNKNOWN STEP	    warnings.warn(
stage-a-cpu (1) / run-cpu	UNKNOWN STEP	
stage-a-cpu (1) / run-cpu	UNKNOWN STEP	../../../opt/sglang/lib/python3.12/site-packages/torch/jit/_script.py:365: 14 warnings
stage-a-cpu (1) / run-cpu	UNKNOWN STEP	  /opt/sglang/lib/python3.12/site-packages/torch/jit/_script.py:365: DeprecationWarning: `torch.jit.script_method` is deprecated. Please switch to `torch.compile` or `torch.export`.
stage-a-cpu (1) / run-cpu	UNKNOWN STEP	    warnings.warn(
stage-a-cpu (1) / run-cpu	UNKNOWN STEP	
stage-a-cpu (1) / run-cpu	UNKNOWN STEP	../../../root/Megatron-LM/megatron/core/tensor_parallel/random.py:83
stage-a-cpu (1) / run-cpu	UNKNOWN STEP	  /root/Megatron-LM/megatron/core/tensor_parallel/random.py:83: DeprecationWarning: Using deprecated internal API from Transformer Engine. transformer_engine.pytorch.fp8 will be removed in a future release.
stage-a-cpu (1) / run-cpu	UNKNOWN STEP	    from transformer_engine.pytorch.fp8 import FP8GlobalStateManager, fp8_autocast
stage-a-cpu (1) / run-cpu	UNKNOWN STEP	
stage-a-cpu (1) / run-cpu	UNKNOWN STEP	../../../root/Megatron-LM/megatron/core/extensions/transformer_engine.py:3514
stage-a-cpu (1) / run-cpu	UNKNOWN STEP	  /root/Megatron-LM/megatron/core/extensions/transformer_engine.py:3514: DeprecationWarning: transformer_engine.pytorch.float8_tensor is deprecated and will be removed in a future release. Float8Tensor should be imported directly through `from transformer_engine.pytorch import Float8Tensor`
stage-a-cpu (1) / run-cpu	UNKNOWN STEP	    from transformer_engine.pytorch.float8_tensor import Float8Tensor
stage-a-cpu (1) / run-cpu	UNKNOWN STEP	
stage-a-cpu (1) / run-cpu	UNKNOWN STEP	../../../root/Megatron-LM/megatron/core/inference/contexts/__init__.py:9
stage-a-cpu (1) / run-cpu	UNKNOWN STEP	  /root/Megatron-LM/megatron/core/inference/contexts/__init__.py:9: DeprecationWarning: The following imports from `dynamic_context.py` will be removed in this file in `megatron-core` 0.14. The imports here result in a cyclic import issue that causes rotary embeddings to import from Apex rather than Transformer Engine.
stage-a-cpu (1) / run-cpu	UNKNOWN STEP	    warnings.warn(
stage-a-cpu (1) / run-cpu	UNKNOWN STEP	
stage-a-cpu (1) / run-cpu	UNKNOWN STEP	../../../opt/sglang/lib/python3.12/site-packages/fla/utils/_device.py:100
stage-a-cpu (1) / run-cpu	UNKNOWN STEP	  /opt/sglang/lib/python3.12/site-packages/fla/utils/_device.py:100: UserWarning: Triton is not supported on current platform, roll back to CPU.
stage-a-cpu (1) / run-cpu	UNKNOWN STEP	    _cpu_device_warning()
stage-a-cpu (1) / run-cpu	UNKNOWN STEP	
stage-a-cpu (1) / run-cpu	UNKNOWN STEP	../../../sgl-workspace/sglang/python/sglang/srt/layers/quantization/awq/awq.py:53
stage-a-cpu (1) / run-cpu	UNKNOWN STEP	  /sgl-workspace/sglang/python/sglang/srt/layers/quantization/awq/awq.py:53: UserWarning: Only CUDA, HIP and XPU support AWQ currently.
stage-a-cpu (1) / run-cpu	UNKNOWN STEP	    warnings.warn(f"Only CUDA, HIP and XPU support AWQ currently.")
stage-a-cpu (1) / run-cpu	UNKNOWN STEP	
stage-a-cpu (1) / run-cpu	UNKNOWN STEP	../../../sgl-workspace/sglang/python/sglang/srt/layers/quantization/gguf.py:69
stage-a-cpu (1) / run-cpu	UNKNOWN STEP	  /sgl-workspace/sglang/python/sglang/srt/layers/quantization/gguf.py:69: UserWarning: Only CUDA, MUSA and NPU support GGUF quantization currently.
stage-a-cpu (1) / run-cpu	UNKNOWN STEP	    warnings.warn(f"Only CUDA, MUSA and NPU support GGUF quantization currently.")
stage-a-cpu (1) / run-cpu	UNKNOWN STEP	
stage-a-cpu (1) / run-cpu	UNKNOWN STEP	-- Docs: https://docs.pytest.org/en/stable/how-to/capture-warnings.html
stage-a-cpu (1) / run-cpu	UNKNOWN STEP	============================== slowest durations ===============================
stage-a-cpu (1) / run-cpu	UNKNOWN STEP	18.74s setup    tests/fast/utils/test_delta_preparation.py::test_compiled_bucket_owns_outputs_and_preserves_per_name_wire[False]
stage-a-cpu (1) / run-cpu	UNKNOWN STEP	5.39s call     tests/fast/utils/test_delta_preparation.py::test_actor_inference_allocations_match_warmed_worker_dispatch[entries1-4]
stage-a-cpu (1) / run-cpu	UNKNOWN STEP	3.34s call     tests/fast/utils/test_delta_preparation.py::test_word_lanes_tails_aligned_offsets_and_no_change_ownership[128]
stage-a-cpu (1) / run-cpu	UNKNOWN STEP	2.89s call     tests/fast/utils/test_delta_preparation.py::test_default_block_counts_remain_exact_above_float32_integer_range
stage-a-cpu (1) / run-cpu	UNKNOWN STEP	0.01s call     tests/fast/utils/test_delta_preparation.py::test_compiled_bucket_owns_outputs_and_preserves_per_name_wire[True]
stage-a-cpu (1) / run-cpu	UNKNOWN STEP	0.01s call     tests/fast/utils/test_delta_preparation.py::test_failed_preparation_and_native_handoff_leave_active_base_unchanged
stage-a-cpu (1) / run-cpu	UNKNOWN STEP	0.01s call     tests/fast/utils/test_delta_preparation.py::test_compiled_bucket_owns_outputs_and_preserves_per_name_wire[False]
stage-a-cpu (1) / run-cpu	UNKNOWN STEP	0.01s call     tests/fast/utils/test_delta_preparation.py::test_one_compiled_stage_can_prepare_distinct_concurrent_buckets
stage-a-cpu (1) / run-cpu	UNKNOWN STEP	0.01s call     tests/fast/backends/training_utils/weight_update/test_delta_compiled_cpu.py::test_packed_update_promotes_all_views_and_reuses_no_change_snapshot
stage-a-cpu (1) / run-cpu	UNKNOWN STEP	
stage-a-cpu (1) / run-cpu	UNKNOWN STEP	(126 durations < 0.005s hidden.  Use -vv to show these durations.)
stage-a-cpu (1) / run-cpu	UNKNOWN STEP	======================= 45 passed, 24 warnings in 30.89s =======================
stage-a-cpu (1) / run-cpu	UNKNOWN STEP	```
stage-a-cpu (1) / run-cpu	UNKNOWN STEP	
stage-a-cpu (1) / run-cpu	UNKNOWN STEP	</details>
stage-a-cpu (1) / run-cpu	UNKNOWN STEP	
stage-a-cpu (1) / run-cpu	UNKNOWN STEP	Combined `283a1cb4e6ed4a3712a39bc5dbd26060465bdcca` passed **64 tests, 28 warnings in 30.02 s**. Its real two-rank Gloo harness exercised both layout and CPU-worker failures with actual compiled preparation: each rank drained all four collectives, closed its pool, and agreed on the error without publication. GPUs were hidden and the finalizer was mocked; these checks do not establish live CUDA transfer or receiver RPC behavior.
stage-a-cpu (1) / run-cpu	UNKNOWN STEP	
stage-a-cpu (1) / run-cpu	UNKNOWN STEP	From `/hai-workspace/glm52-delta`, the retained preflight script verifies clean selected source pins, records exact commands/helper hashes, and uses a fresh shared preflight cache before the focused tests and Gloo harness:
stage-a-cpu (1) / run-cpu	UNKNOWN STEP	
stage-a-cpu (1) / run-cpu	UNKNOWN STEP	```bash
stage-a-cpu (1) / run-cpu	UNKNOWN STEP	/opt/sglang/bin/python run_compiled_preflight.py \
stage-a-cpu (1) / run-cpu	UNKNOWN STEP	  --plan COMPILE_VALIDATION_PLAN.json --run-name compile-final-preflight-01
stage-a-cpu (1) / run-cpu	UNKNOWN STEP	```
stage-a-cpu (1) / run-cpu	UNKNOWN STEP	
stage-a-cpu (1) / run-cpu	UNKNOWN STEP	Its environment is `CUDA_VISIBLE_DEVICES=99`, `OMP_NUM_THREADS=1`, `TORCHINDUCTOR_CACHE_DIR=/hai-workspace/glm52-delta/compile-final-preflight-01-cache`, and `PYTHONPATH=/hai-workspace/glm52-delta/sglang/python:/hai-workspace/glm52-delta/miles-torch-compile-validation:/root/Megatron-LM`. Both subprocesses exited 0; measured preflight elapsed times were 59.609147549 s for focused tests and 56.325512886 s for Gloo, including startup.
stage-a-cpu (1) / run-cpu	UNKNOWN STEP	
stage-a-cpu (1) / run-cpu	UNKNOWN STEP	<details>
stage-a-cpu (1) / run-cpu	UNKNOWN STEP	<summary>Complete selected combined-source test output</summary>
stage-a-cpu (1) / run-cpu	UNKNOWN STEP	
stage-a-cpu (1) / run-cpu	UNKNOWN STEP	```text
stage-a-cpu (1) / run-cpu	UNKNOWN STEP	============================= test session starts ==============================
stage-a-cpu (1) / run-cpu	UNKNOWN STEP	platform linux -- Python 3.12.3, pytest-9.1.1, pluggy-1.6.0
stage-a-cpu (1) / run-cpu	UNKNOWN STEP	rootdir: /hai-workspace/glm52-delta/miles-torch-compile-validation
stage-a-cpu (1) / run-cpu	UNKNOWN STEP	configfile: pyproject.toml
stage-a-cpu (1) / run-cpu	UNKNOWN STEP	plugins: anyio-4.15.1, hypothesis-6.168.1, asyncio-1.4.0, jaxtyping-0.3.11, typeguard-2.13.3, ai-dynamo-1.5.0.dev20260917
stage-a-cpu (1) / run-cpu	UNKNOWN STEP	asyncio: mode=Mode.AUTO, debug=False, asyncio_default_fixture_loop_scope=None, asyncio_default_test_loop_scope=function
stage-a-cpu (1) / run-cpu	UNKNOWN STEP	collected 64 items
stage-a-cpu (1) / run-cpu	UNKNOWN STEP	
stage-a-cpu (1) / run-cpu	UNKNOWN STEP	tests/fast/utils/test_delta_preparation.py ..................            [ 28%]
stage-a-cpu (1) / run-cpu	UNKNOWN STEP	tests/fast/backends/training_utils/weight_update/test_delta_compiled_cpu.py . [ 29%]
stage-a-cpu (1) / run-cpu	UNKNOWN STEP	............                                                             [ 48%]
stage-a-cpu (1) / run-cpu	UNKNOWN STEP	tests/fast/backends/training_utils/weight_update/test_delta.py ......... [ 62%]
stage-a-cpu (1) / run-cpu	UNKNOWN STEP	............                                                             [ 81%]
stage-a-cpu (1) / run-cpu	UNKNOWN STEP	tests/fast/backends/training_utils/weight_update/test_disk_delta_weight_version.py . [ 82%]
stage-a-cpu (1) / run-cpu	UNKNOWN STEP	.....                                                                    [ 90%]
stage-a-cpu (1) / run-cpu	UNKNOWN STEP	tests/fast/backends/training_utils/weight_update/test_disk_delta_engine_calls.py . [ 92%]
stage-a-cpu (1) / run-cpu	UNKNOWN STEP	.....                                                                    [100%]
stage-a-cpu (1) / run-cpu	UNKNOWN STEP	
stage-a-cpu (1) / run-cpu	UNKNOWN STEP	=============================== warnings summary ===============================
stage-a-cpu (1) / run-cpu	UNKNOWN STEP	../../../opt/sglang/lib/python3.12/site-packages/torch/jit/_script.py:1488
stage-a-cpu (1) / run-cpu	UNKNOWN STEP	../../../opt/sglang/lib/python3.12/site-packages/torch/jit/_script.py:1488
stage-a-cpu (1) / run-cpu	UNKNOWN STEP	../../../opt/sglang/lib/python3.12/site-packages/torch/jit/_script.py:1488
stage-a-cpu (1) / run-cpu	UNKNOWN STEP	  /opt/sglang/lib/python3.12/site-packages/torch/jit/_script.py:1488: DeprecationWarning: `torch.jit.script` is deprecated. Please switch to `torch.compile` or `torch.export`.
stage-a-cpu (1) / run-cpu	UNKNOWN STEP	    warnings.warn(
stage-a-cpu (1) / run-cpu	UNKNOWN STEP	
stage-a-cpu (1) / run-cpu	UNKNOWN STEP	../../../opt/sglang/lib/python3.12/site-packages/transformer_engine/__init__.py:103
stage-a-cpu (1) / run-cpu	UNKNOWN STEP	  /opt/sglang/lib/python3.12/site-packages/transformer_engine/__init__.py:103: RuntimeWarning: Detected a Jax installation but could not find the shared object file for the Transformer Engine Jax extension library. If this is not intentional, please reinstall Transformer Engine with `pip install transformer_engine[jax]` or build from source with `NVTE_FRAMEWORK=jax`.
stage-a-cpu (1) / run-cpu	UNKNOWN STEP	    warnings.warn(
stage-a-cpu (1) / run-cpu	UNKNOWN STEP	
stage-a-cpu (1) / run-cpu	UNKNOWN STEP	../../../opt/sglang/lib/python3.12/site-packages/torch/jit/_script.py:365: 14 warnings
stage-a-cpu (1) / run-cpu	UNKNOWN STEP	  /opt/sglang/lib/python3.12/site-packages/torch/jit/_script.py:365: DeprecationWarning: `torch.jit.script_method` is deprecated. Please switch to `torch.compile` or `torch.export`.
stage-a-cpu (1) / run-cpu	UNKNOWN STEP	    warnings.warn(
stage-a-cpu (1) / run-cpu	UNKNOWN STEP	
stage-a-cpu (1) / run-cpu	UNKNOWN STEP	../../../root/Megatron-LM/megatron/core/tensor_parallel/random.py:83
stage-a-cpu (1) / run-cpu	UNKNOWN STEP	  /root/Megatron-LM/megatron/core/tensor_parallel/random.py:83: DeprecationWarning: Using deprecated internal API from Transformer Engine. transformer_engine.pytorch.fp8 will be removed in a future release.
stage-a-cpu (1) / run-cpu	UNKNOWN STEP	    from transformer_engine.pytorch.fp8 import FP8GlobalStateManager, fp8_autocast
stage-a-cpu (1) / run-cpu	UNKNOWN STEP	
stage-a-cpu (1) / run-cpu	UNKNOWN STEP	../../../root/Megatron-LM/megatron/core/extensions/transformer_engine.py:3514
stage-a-cpu (1) / run-cpu	UNKNOWN STEP	  /root/Megatron-LM/megatron/core/extensions/transformer_engine.py:3514: DeprecationWarning: transformer_engine.pytorch.float8_tensor is deprecated and will be removed in a future release. Float8Tensor should be imported directly through `from transformer_engine.pytorch import Float8Tensor`
stage-a-cpu (1) / run-cpu	UNKNOWN STEP	    from transformer_engine.pytorch.float8_tensor import Float8Tensor
stage-a-cpu (1) / run-cpu	UNKNOWN STEP	
stage-a-cpu (1) / run-cpu	UNKNOWN STEP	../../../root/Megatron-LM/megatron/core/inference/contexts/__init__.py:9
stage-a-cpu (1) / run-cpu	UNKNOWN STEP	  /root/Megatron-LM/megatron/core/inference/contexts/__init__.py:9: DeprecationWarning: The following imports from `dynamic_context.py` will be removed in this file in `megatron-core` 0.14. The imports here result in a cyclic import issue that causes rotary embeddings to import from Apex rather than Transformer Engine.
stage-a-cpu (1) / run-cpu	UNKNOWN STEP	    warnings.warn(
stage-a-cpu (1) / run-cpu	UNKNOWN STEP	
stage-a-cpu (1) / run-cpu	UNKNOWN STEP	../../../opt/sglang/lib/python3.12/site-packages/fla/utils/_device.py:100
stage-a-cpu (1) / run-cpu	UNKNOWN STEP	  /opt/sglang/lib/python3.12/site-packages/fla/utils/_device.py:100: UserWarning: Triton is not supported on current platform, roll back to CPU.
stage-a-cpu (1) / run-cpu	UNKNOWN STEP	    _cpu_device_warning()
stage-a-cpu (1) / run-cpu	UNKNOWN STEP	
stage-a-cpu (1) / run-cpu	UNKNOWN STEP	../../../root/Megatron-LM/megatron/rl/inference/inference_interface.py:15
stage-a-cpu (1) / run-cpu	UNKNOWN STEP	  /root/Megatron-LM/megatron/rl/inference/inference_interface.py:15: PydanticDeprecatedSince20: Support for class-based `config` is deprecated, use ConfigDict instead. Deprecated in Pydantic V2.0 to be removed in V3.0. See Pydantic V2 Migration Guide at https://errors.pydantic.dev/2.13/migration/
stage-a-cpu (1) / run-cpu	UNKNOWN STEP	    class InferenceInterface(BaseModel):
stage-a-cpu (1) / run-cpu	UNKNOWN STEP	
stage-a-cpu (1) / run-cpu	UNKNOWN STEP	../../../root/Megatron-LM/megatron/rl/__init__.py:31
stage-a-cpu (1) / run-cpu	UNKNOWN STEP	../../../root/Megatron-LM/megatron/rl/__init__.py:31
stage-a-cpu (1) / run-cpu	UNKNOWN STEP	  /root/Megatron-LM/megatron/rl/__init__.py:31: PydanticDeprecatedSince20: The `__fields__` attribute is deprecated, use the `model_fields` class property instead. Deprecated in Pydantic V2.0 to be removed in V3.0. See Pydantic V2 Migration Guide at https://errors.pydantic.dev/2.13/migration/
stage-a-cpu (1) / run-cpu	UNKNOWN STEP	    cls.Library.type_names[register_type.__fields__['type_name'].default] = register_type
stage-a-cpu (1) / run-cpu	UNKNOWN STEP	
stage-a-cpu (1) / run-cpu	UNKNOWN STEP	../sglang/python/sglang/srt/layers/quantization/awq/awq.py:53
stage-a-cpu (1) / run-cpu	UNKNOWN STEP	  /hai-workspace/glm52-delta/sglang/python/sglang/srt/layers/quantization/awq/awq.py:53: UserWarning: Only CUDA, HIP and XPU support AWQ currently.
stage-a-cpu (1) / run-cpu	UNKNOWN STEP	    warnings.warn(f"Only CUDA, HIP and XPU support AWQ currently.")
stage-a-cpu (1) / run-cpu	UNKNOWN STEP	
stage-a-cpu (1) / run-cpu	UNKNOWN STEP	../sglang/python/sglang/srt/layers/quantization/gguf.py:69
stage-a-cpu (1) / run-cpu	UNKNOWN STEP	  /hai-workspace/glm52-delta/sglang/python/sglang/srt/layers/quantization/gguf.py:69: UserWarning: Only CUDA, MUSA and NPU support GGUF quantization currently.
stage-a-cpu (1) / run-cpu	UNKNOWN STEP	    warnings.warn(f"Only CUDA, MUSA and NPU support GGUF quantization currently.")
stage-a-cpu (1) / run-cpu	UNKNOWN STEP	
stage-a-cpu (1) / run-cpu	UNKNOWN STEP	tests/fast/backends/training_utils/weight_update/test_delta_compiled_cpu.py::test_combined_backend_captures_and_sends_canonical_storage_dtype
stage-a-cpu (1) / run-cpu	UNKNOWN STEP	  /hai-workspace/glm52-delta/miles-torch-compile-validation/miles/backends/training_utils/weight_update/packed_delta.py:86: UserWarning: The given NumPy array is not writable, and PyTorch does not support non-writable tensors. This means writing to this tensor will result in undefined behavior. You may want to copy the array to protect its data or make it writable before converting it to a tensor. This type of warning will be suppressed for the rest of this program. (Triggered internally at /__w/pytorch/pytorch/torch/csrc/utils/tensor_numpy.cpp:213.)
stage-a-cpu (1) / run-cpu	UNKNOWN STEP	    view.copy_(torch.from_numpy(self.snapshots[name]))
stage-a-cpu (1) / run-cpu	UNKNOWN STEP	
stage-a-cpu (1) / run-cpu	UNKNOWN STEP	-- Docs: https://docs.pytest.org/en/stable/how-to/capture-warnings.html
stage-a-cpu (1) / run-cpu	UNKNOWN STEP	============================== slowest durations ===============================
stage-a-cpu (1) / run-cpu	UNKNOWN STEP	17.49s setup    tests/fast/utils/test_delta_preparation.py::test_compiled_bucket_owns_outputs_and_preserves_per_name_wire[False]
stage-a-cpu (1) / run-cpu	UNKNOWN STEP	5.39s call     tests/fast/utils/test_delta_preparation.py::test_actor_inference_allocations_match_warmed_worker_dispatch[entries1-4]
stage-a-cpu (1) / run-cpu	UNKNOWN STEP	3.76s call     tests/fast/utils/test_delta_preparation.py::test_word_lanes_tails_aligned_offsets_and_no_change_ownership[128]
stage-a-cpu (1) / run-cpu	UNKNOWN STEP	2.88s call     tests/fast/utils/test_delta_preparation.py::test_default_block_counts_remain_exact_above_float32_integer_range
stage-a-cpu (1) / run-cpu	UNKNOWN STEP	0.01s call     tests/fast/backends/training_utils/weight_update/test_delta.py::test_nvfp4_bytes_roundtrip_across_syncs[overwrite]
stage-a-cpu (1) / run-cpu	UNKNOWN STEP	0.01s call     tests/fast/backends/training_utils/weight_update/test_delta.py::test_scalar_batch_preserves_mixed_bucket_bytes_after_buffer_reuse[overwrite]
stage-a-cpu (1) / run-cpu	UNKNOWN STEP	0.01s call     tests/fast/utils/test_delta_preparation.py::test_one_compiled_stage_can_prepare_distinct_concurrent_buckets
stage-a-cpu (1) / run-cpu	UNKNOWN STEP	0.01s call     tests/fast/backends/training_utils/weight_update/test_delta.py::test_scalar_batch_preserves_mixed_bucket_bytes_after_buffer_reuse[xor]
stage-a-cpu (1) / run-cpu	UNKNOWN STEP	0.01s call     tests/fast/backends/training_utils/weight_update/test_delta.py::test_nvfp4_bytes_roundtrip_across_syncs[xor]
stage-a-cpu (1) / run-cpu	UNKNOWN STEP	0.01s call     tests/fast/utils/test_delta_preparation.py::test_compiled_bucket_owns_outputs_and_preserves_per_name_wire[False]
stage-a-cpu (1) / run-cpu	UNKNOWN STEP	
stage-a-cpu (1) / run-cpu	UNKNOWN STEP	(182 durations < 0.005s hidden.  Use -vv to show these durations.)
stage-a-cpu (1) / run-cpu	UNKNOWN STEP	======================= 64 passed, 28 warnings in 30.02s =======================
stage-a-cpu (1) / run-cpu	UNKNOWN STEP	```
stage-a-cpu (1) / run-cpu	UNKNOWN STEP	
stage-a-cpu (1) / run-cpu	UNKNOWN STEP	</details>
stage-a-cpu (1) / run-cpu	UNKNOWN STEP	
stage-a-cpu (1) / run-cpu	UNKNOWN STEP	<details>
stage-a-cpu (1) / run-cpu	UNKNOWN STEP	<summary>Complete two-rank Gloo failure output</summary>
stage-a-cpu (1) / run-cpu	UNKNOWN STEP	
stage-a-cpu (1) / run-cpu	UNKNOWN STEP	```text
stage-a-cpu (1) / run-cpu	UNKNOWN STEP	WARNING:root:deep_ep is not installed, some functionalities may be limited.
stage-a-cpu (1) / run-cpu	UNKNOWN STEP	WARNING:root:deep_ep is not installed, some functionalities may be limited.
stage-a-cpu (1) / run-cpu	UNKNOWN STEP	W0926 01:33:12.199000 400488 torch/utils/cpp_extension.py:178] No CUDA runtime is found, using CUDA_HOME='/usr/local/cuda'
stage-a-cpu (1) / run-cpu	UNKNOWN STEP	/opt/sglang/lib/python3.12/site-packages/transformer_engine/__init__.py:103: RuntimeWarning: Detected a Jax installation but could not find the shared object file for the Transformer Engine Jax extension library. If this is not intentional, please reinstall Transformer Engine with `pip install transformer_engine[jax]` or build from source with `NVTE_FRAMEWORK=jax`.
stage-a-cpu (1) / run-cpu	UNKNOWN STEP	  warnings.warn(
stage-a-cpu (1) / run-cpu	UNKNOWN STEP	W0926 01:33:13.415000 400489 torch/utils/cpp_extension.py:178] No CUDA runtime is found, using CUDA_HOME='/usr/local/cuda'
stage-a-cpu (1) / run-cpu	UNKNOWN STEP	/opt/sglang/lib/python3.12/site-packages/transformer_engine/__init__.py:103: RuntimeWarning: Detected a Jax installation but could not find the shared object file for the Transformer Engine Jax extension library. If this is not intentional, please reinstall Transformer Engine with `pip install transformer_engine[jax]` or build from source with `NVTE_FRAMEWORK=jax`.
stage-a-cpu (1) / run-cpu	UNKNOWN STEP	  warnings.warn(
stage-a-cpu (1) / run-cpu	UNKNOWN STEP	/opt/sglang/lib/python3.12/site-packages/fla/utils/_device.py:100: UserWarning: Triton is not supported on current platform, roll back to CPU.
stage-a-cpu (1) / run-cpu	UNKNOWN STEP	  _cpu_device_warning()
stage-a-cpu (1) / run-cpu	UNKNOWN STEP	Flax classes are deprecated and will be removed in Diffusers v1.0.0. We recommend migrating to PyTorch classes or pinning your version of Diffusers.
stage-a-cpu (1) / run-cpu	UNKNOWN STEP	Flax classes are deprecated and will be removed in Diffusers v1.0.0. We recommend migrating to PyTorch classes or pinning your version of Diffusers.
stage-a-cpu (1) / run-cpu	UNKNOWN STEP	LANG_RL Log directory: None
stage-a-cpu (1) / run-cpu	UNKNOWN STEP	WARNING:megatron.bridge.models.muse_glimmer:Muse Glimmer Hugging Face classes are unavailable with transformers 5.12.1. Upgrade transformers to a version that supports Muse Glimmer.
stage-a-cpu (1) / run-cpu	UNKNOWN STEP	WARNING:miles_plugins.models.qwen3_vl:megatron-bridge Qwen3VLModel lacks native CP-local vision-embed selection; CP runs with vision tokens will mis-place vision embeddings. Apply the matching Megatron-Bridge patch (radixark/Megatron-Bridge PR #9).
stage-a-cpu (1) / run-cpu	UNKNOWN STEP	/opt/sglang/lib/python3.12/site-packages/fla/utils/_device.py:100: UserWarning: Triton is not supported on current platform, roll back to CPU.
stage-a-cpu (1) / run-cpu	UNKNOWN STEP	  _cpu_device_warning()
stage-a-cpu (1) / run-cpu	UNKNOWN STEP	Flax classes are deprecated and will be removed in Diffusers v1.0.0. We recommend migrating to PyTorch classes or pinning your version of Diffusers.
stage-a-cpu (1) / run-cpu	UNKNOWN STEP	Flax classes are deprecated and will be removed in Diffusers v1.0.0. We recommend migrating to PyTorch classes or pinning your version of Diffusers.
stage-a-cpu (1) / run-cpu	UNKNOWN STEP	LANG_RL Log directory: None
stage-a-cpu (1) / run-cpu	UNKNOWN STEP	WARNING:megatron.bridge.models.muse_glimmer:Muse Glimmer Hugging Face classes are unavailable with transformers 5.12.1. Upgrade transformers to a version that supports Muse Glimmer.
stage-a-cpu (1) / run-cpu	UNKNOWN STEP	WARNING:miles_plugins.models.qwen3_vl:megatron-bridge Qwen3VLModel lacks native CP-local vision-embed selection; CP runs with vision tokens will mis-place vision embeddings. Apply the matching Megatron-Bridge patch (radixark/Megatron-Bridge PR #9).
stage-a-cpu (1) / run-cpu	UNKNOWN STEP	/hai-workspace/glm52-delta/miles-torch-compile-validation/miles/backends/training_utils/weight_update/packed_delta.py:86: UserWarning: The given NumPy array is not writable, and PyTorch does not support non-writable tensors. This means writing to this tensor will result in undefined behavior. You may want to copy the array to protect its data or make it writable before converting it to a tensor. This type of warning will be suppressed for the rest of this program. (Triggered internally at /__w/pytorch/pytorch/torch/csrc/utils/tensor_numpy.cpp:213.)
stage-a-cpu (1) / run-cpu	UNKNOWN STEP	  view.copy_(torch.from_numpy(self.snapshots[name]))
stage-a-cpu (1) / run-cpu	UNKNOWN STEP	WARNING:miles.backends.training_utils.weight_update.packed_delta:packed pinned buffers unavailable; using a bounded pageable pool: No CUDA GPUs are available
stage-a-cpu (1) / run-cpu	UNKNOWN STEP	
stage-a-cpu (1) / run-cpu	UNKNOWN STEP	{"rank": 1, "failure": "layout", "completed_collectives": 4, "pool_closed": true, "published": false, "error": "Disk-delta packed preparation failed on rank 0: ValueError: Checkpoint tensor 'weight1' has shape (2, 3); trainer emitted (3, 2)"}
stage-a-cpu (1) / run-cpu	UNKNOWN STEP	WARNING:root:deep_ep is not installed, some functionalities may be limited.
stage-a-cpu (1) / run-cpu	UNKNOWN STEP	WARNING:root:deep_ep is not installed, some functionalities may be limited.
stage-a-cpu (1) / run-cpu	UNKNOWN STEP	W0926 01:33:47.003000 400575 torch/utils/cpp_extension.py:178] No CUDA runtime is found, using CUDA_HOME='/usr/local/cuda'
stage-a-cpu (1) / run-cpu	UNKNOWN STEP	W0926 01:33:47.467000 400576 torch/utils/cpp_extension.py:178] No CUDA runtime is found, using CUDA_HOME='/usr/local/cuda'
stage-a-cpu (1) / run-cpu	UNKNOWN STEP	/opt/sglang/lib/python3.12/site-packages/transformer_engine/__init__.py:103: RuntimeWarning: Detected a Jax installation but could not find the shared object file for the Transformer Engine Jax extension library. If this is not intentional, please reinstall Transformer Engine with `pip install transformer_engine[jax]` or build from source with `NVTE_FRAMEWORK=jax`.
stage-a-cpu (1) / run-cpu	UNKNOWN STEP	  warnings.warn(
stage-a-cpu (1) / run-cpu	UNKNOWN STEP	/opt/sglang/lib/python3.12/site-packages/transformer_engine/__init__.py:103: RuntimeWarning: Detected a Jax installation but could not find the shared object file for the Transformer Engine Jax extension library. If this is not intentional, please reinstall Transformer Engine with `pip install transformer_engine[jax]` or build from source with `NVTE_FRAMEWORK=jax`.
stage-a-cpu (1) / run-cpu	UNKNOWN STEP	  warnings.warn(
stage-a-cpu (1) / run-cpu	UNKNOWN STEP	/opt/sglang/lib/python3.12/site-packages/fla/utils/_device.py:100: UserWarning: Triton is not supported on current platform, roll back to CPU.
stage-a-cpu (1) / run-cpu	UNKNOWN STEP	  _cpu_device_warning()
stage-a-cpu (1) / run-cpu	UNKNOWN STEP	/opt/sglang/lib/python3.12/site-packages/fla/utils/_device.py:100: UserWarning: Triton is not supported on current platform, roll back to CPU.
stage-a-cpu (1) / run-cpu	UNKNOWN STEP	  _cpu_device_warning()
stage-a-cpu (1) / run-cpu	UNKNOWN STEP	Flax classes are deprecated and will be removed in Diffusers v1.0.0. We recommend migrating to PyTorch classes or pinning your version of Diffusers.
stage-a-cpu (1) / run-cpu	UNKNOWN STEP	Flax classes are deprecated and will be removed in Diffusers v1.0.0. We recommend migrating to PyTorch classes or pinning your version of Diffusers.
stage-a-cpu (1) / run-cpu	UNKNOWN STEP	Flax classes are deprecated and will be removed in Diffusers v1.0.0. We recommend migrating to PyTorch classes or pinning your version of Diffusers.
stage-a-cpu (1) / run-cpu	UNKNOWN STEP	Flax classes are deprecated and will be removed in Diffusers v1.0.0. We recommend migrating to PyTorch classes or pinning your version of Diffusers.
stage-a-cpu (1) / run-cpu	UNKNOWN STEP	LANG_RL Log directory: None
stage-a-cpu (1) / run-cpu	UNKNOWN STEP	LANG_RL Log directory: None
stage-a-cpu (1) / run-cpu	UNKNOWN STEP	WARNING:megatron.bridge.models.muse_glimmer:Muse Glimmer Hugging Face classes are unavailable with transformers 5.12.1. Upgrade transformers to a version that supports Muse Glimmer.
stage-a-cpu (1) / run-cpu	UNKNOWN STEP	WARNING:miles_plugins.models.qwen3_vl:megatron-bridge Qwen3VLModel lacks native CP-local vision-embed selection; CP runs with vision tokens will mis-place vision embeddings. Apply the matching Megatron-Bridge patch (radixark/Megatron-Bridge PR #9).
stage-a-cpu (1) / run-cpu	UNKNOWN STEP	WARNING:megatron.bridge.models.muse_glimmer:Muse Glimmer Hugging Face classes are unavailable with transformers 5.12.1. Upgrade transformers to a version that supports Muse Glimmer.
stage-a-cpu (1) / run-cpu	UNKNOWN STEP	WARNING:miles_plugins.models.qwen3_vl:megatron-bridge Qwen3VLModel lacks native CP-local vision-embed selection; CP runs with vision tokens will mis-place vision embeddings. Apply the matching Megatron-Bridge patch (radixark/Megatron-Bridge PR #9).
stage-a-cpu (1) / run-cpu	UNKNOWN STEP	/hai-workspace/glm52-delta/miles-torch-compile-validation/miles/backends/training_utils/weight_update/packed_delta.py:86: UserWarning: The given NumPy array is not writable, and PyTorch does not support non-writable tensors. This means writing to this tensor will result in undefined behavior. You may want to copy the array to protect its data or make it writable before converting it to a tensor. This type of warning will be suppressed for the rest of this program. (Triggered internally at /__w/pytorch/pytorch/torch/csrc/utils/tensor_numpy.cpp:213.)
stage-a-cpu (1) / run-cpu	UNKNOWN STEP	  view.copy_(torch.from_numpy(self.snapshots[name]))
stage-a-cpu (1) / run-cpu	UNKNOWN STEP	WARNING:miles.backends.training_utils.weight_update.packed_delta:packed pinned buffers unavailable; using a bounded pageable pool: No CUDA GPUs are available
stage-a-cpu (1) / run-cpu	UNKNOWN STEP	
stage-a-cpu (1) / run-cpu	UNKNOWN STEP	{"rank": 1, "failure": "worker", "completed_collectives": 4, "pool_closed": true, "published": false, "error": "Disk-delta packed preparation failed on rank 0: RuntimeError: injected packed checksum failure"}
stage-a-cpu (1) / run-cpu	UNKNOWN STEP	PASS: both failure modes drained all four collectives on both ranks without publication
stage-a-cpu (1) / run-cpu	UNKNOWN STEP	```
stage-a-cpu (1) / run-cpu	UNKNOWN STEP	
stage-a-cpu (1) / run-cpu	UNKNOWN STEP	</details>
stage-a-cpu (1) / run-cpu	UNKNOWN STEP	
stage-a-cpu (1) / run-cpu	UNKNOWN STEP	Coverage includes exhaustive byte pairs in all four word lanes, signed-byte masks, odd tails/alignment, counts above 2^24, unchanged identity, independent changed outputs, padding reset, concurrent warmed dispatch, bounded work, snapshot promotion, and error coordination. Warnings remain visible; this is not an error-free environment. Earlier 6eca validation (42 tests, 24 warnings in 23.20 s) is historical and is not substituted for these selected-source checks. Hosted CI is separate and not represented as completed here.
stage-a-cpu (1) / run-cpu	UNKNOWN STEP	
stage-a-cpu (1) / run-cpu	UNKNOWN STEP	The corrected replay helper also passed macOS ARM eager/compiled fixtures and an injected timed-compilation rejection. Those fixtures establish harness behavior only, not C2 performance.
stage-a-cpu (1) / run-cpu	UNKNOWN STEP	
stage-a-cpu (1) / run-cpu	UNKNOWN STEP	### Generated code and AVX-512
stage-a-cpu (1) / run-cpu	UNKNOWN STEP	
stage-a-cpu (1) / run-cpu	UNKNOWN STEP	Read-only collection after the final replay retained seven generated source files, three C++ wrappers, and symbol-scoped disassembly excerpts from the same cache. All three wrappers release the GIL; the materialization loop handles 16 int32 words (64 bytes) per vector load and emits XOR plus owned-snapshot stores together. The count phase retains four byte masks, int32 row reductions, explicit int64 conversion and native ATen cumsum/boundary extraction. Counts and conditional materialization remain separate calls, not one traversal. The selected generated sources have no OpenMP team directives.
stage-a-cpu (1) / run-cpu	UNKNOWN STEP	
stage-a-cpu (1) / run-cpu	UNKNOWN STEP	Actual kernel disassembly includes AVX-512 `vmovdqu64`/`vpxord` in materialization and `vpandd`/`vpcmpneqd`/`vpaddd` in counting. Recorded source/library hashes and full generated source/disassembly remain in `artifacts/torch-compile-final-codegen-complete/`; binaries are deliberately excluded from the evidence bundle. There was no separate compiler-command JSON. ISA/GIL evidence does not imply speedup; the complete replay below reports both the gain and regression.
stage-a-cpu (1) / run-cpu	UNKNOWN STEP	
stage-a-cpu (1) / run-cpu	UNKNOWN STEP	## Selected word-two-phase 32×1 CPU replay
stage-a-cpu (1) / run-cpu	UNKNOWN STEP	
stage-a-cpu (1) / run-cpu	UNKNOWN STEP	All 28 warmup/measured samples completed with exact byte/count/checksum verification and no timed compiler activity. The unchanged case used 50.39% less wall time and 48.54% less process CPU than the exact f17 control. The changed case used 46.44% more wall time and 27.70% more process CPU. NumPy remains the default; these results support an opt-in experiment, not replacement of the existing backend or a claim of end-to-end speedup.
stage-a-cpu (1) / run-cpu	UNKNOWN STEP	
stage-a-cpu (1) / run-cpu	UNKNOWN STEP	### Exact source, environment and input
stage-a-cpu (1) / run-cpu	UNKNOWN STEP	
stage-a-cpu (1) / run-cpu	UNKNOWN STEP	Replay module bytes match selected commit `6fb0e2a9d81fc343863ba6015512fe93992892e4`. Raw JSONL SHA256 `61c6dd06df9be03609b64c2c1bab3c3937e48a4e7f8e4f1041b64e516bb5feec`; the exact f17 control includes per-tensor and scalar-batch ASTs. Full source/layout hashes remain in provenance.
stage-a-cpu (1) / run-cpu	UNKNOWN STEP	
stage-a-cpu (1) / run-cpu	UNKNOWN STEP	The input has 4,690 emitted canonical tensors and 17,900,804,608 valid bytes; `.input_scale` is excluded from 6,226 checkpoint tensors. Model source: `Pinaster/GLM-5.2_5layer` revision `1c749139f70e158e4420ba67f342bef1de2e650d`, prepared as NVFP4 using the #3711 workflow. The unchanged case uses identical canonical bytes. The changed case reconstructs the retained synthetic published v1→v2 data: 79,500,803 differing byte positions across 2,646 tensors. Wholly unchanged tensors hold 465,303,040 bytes (2.5993%); changed-byte density is 0.4441%, a different measure.
stage-a-cpu (1) / run-cpu	UNKNOWN STEP	
stage-a-cpu (1) / run-cpu	UNKNOWN STEP	Sorted-name layouts form 112 representative groups, limited to 128 MiB padded storage except a single larger tensor. Weight rows are 4,096 bytes; FP32 scalar scales have a separate compact four-byte-row group. Padding is 44,544 bytes, and the two preallocated old/new states own 35,801,698,304 bytes. The f17 control submits 3,155 tasks, including one exact compact batch for 1,536 scalars. These are reproducible CPU layouts, not a capture of live iterator subgroup boundaries.
stage-a-cpu (1) / run-cpu	UNKNOWN STEP	
stage-a-cpu (1) / run-cpu	UNKNOWN STEP	### Method and complete medians
stage-a-cpu (1) / run-cpu	UNKNOWN STEP	
stage-a-cpu (1) / run-cpu	UNKNOWN STEP	Each case starts with serial warmup of both graphs against all actual old/incoming layouts, followed by two alternating-order warmup pairs and five measured pairs. Medians use every measured sample, with no sample removal. CPU is process CPU-seconds, not utilization; compiler children are excluded.
stage-a-cpu (1) / run-cpu	UNKNOWN STEP	
stage-a-cpu (1) / run-cpu	UNKNOWN STEP	Timed work includes submission/drain, exact counts, owned XOR/snapshot materialization when changed, lease return, zstd and checksum. Candidate replay diagnostics also build per-name views and compute copy/materialized-bucket counters; production caches payload-byte totals, omits unused encoder diagnostic accumulation, and skips unchanged snapshot-view reinstallation. These replay costs are retained in the numbers rather than subtracted. The CPU replay does not measure those production encoder savings.
stage-a-cpu (1) / run-cpu	UNKNOWN STEP	
stage-a-cpu (1) / run-cpu	UNKNOWN STEP	| Case | f17 wall s | Compiled wall s | Wall change | f17 CPU s | Compiled CPU s | CPU change |
stage-a-cpu (1) / run-cpu	UNKNOWN STEP	| --- | --- | --- | --- | --- | --- | --- |
stage-a-cpu (1) / run-cpu	UNKNOWN STEP	| native-unchanged | 1.119358066 | 0.555282267 | -50.39% | 15.653191363 | 8.054724406 | -48.54% |
stage-a-cpu (1) / run-cpu	UNKNOWN STEP	| synthetic-v1-v2 | 3.724775137 | 5.454653862 | +46.44% | 36.574509748 | 46.706875297 | +27.70% |
stage-a-cpu (1) / run-cpu	UNKNOWN STEP	
stage-a-cpu (1) / run-cpu	UNKNOWN STEP	### Initialization and compiler activity
stage-a-cpu (1) / run-cpu	UNKNOWN STEP	
stage-a-cpu (1) / run-cpu	UNKNOWN STEP	The first workload started with an empty task-specific disk cache; the second reused the initialized compiler. Layout warmup includes full execution/materialization and is not pure compilation latency. An empty disk cache does not establish absence of every external/runtime cache.
stage-a-cpu (1) / run-cpu	UNKNOWN STEP	
stage-a-cpu (1) / run-cpu	UNKNOWN STEP	| Case | Actual layouts warmed | Wall s | Process CPU s | New graphs | New generated kernels |
stage-a-cpu (1) / run-cpu	UNKNOWN STEP	| --- | --- | --- | --- | --- | --- |
stage-a-cpu (1) / run-cpu	UNKNOWN STEP	| native-unchanged | 112 | 48.067237528 | 28.769855296 | 4 | 26 |
stage-a-cpu (1) / run-cpu	UNKNOWN STEP	| synthetic-v1-v2 | 112 | 25.336171547 | 25.338994096 | 0 | 0 |
stage-a-cpu (1) / run-cpu	UNKNOWN STEP	
stage-a-cpu (1) / run-cpu	UNKNOWN STEP	All 28 timed counter deltas are empty. The first warmup records four captured graphs and 26 generated kernels across layout specializations; these counts do not prove one fused loop or performance. The count phase uses word-lane XOR/masks, int32 row reductions, and an int64 prefix/boundary gather. Only groups with nonzero counts run the second compiled word-view XOR/snapshot phase.
stage-a-cpu (1) / run-cpu	UNKNOWN STEP	
stage-a-cpu (1) / run-cpu	UNKNOWN STEP	### All 28 raw samples
stage-a-cpu (1) / run-cpu	UNKNOWN STEP	
stage-a-cpu (1) / run-cpu	UNKNOWN STEP	Rows preserve observed execution order. `exact_f17` is the control; `packed_stage` is the selected module. Every row passed exact byte/count/checksum verification and had zero new compiler counters.
stage-a-cpu (1) / run-cpu	UNKNOWN STEP	
stage-a-cpu (1) / run-cpu	UNKNOWN STEP	| Sequence | Case | Pair | Phase | Variant | Wall s | Process CPU s |
stage-a-cpu (1) / run-cpu	UNKNOWN STEP	| --- | --- | --- | --- | --- | --- | --- |
stage-a-cpu (1) / run-cpu	UNKNOWN STEP	| 0 | native-unchanged | 0 | warmup | exact_f17 | 1.089844939 | 15.425387115 |
stage-a-cpu (1) / run-cpu	UNKNOWN STEP	| 1 | native-unchanged | 0 | warmup | packed_stage | 0.496756019 | 8.142640718 |
stage-a-cpu (1) / run-cpu	UNKNOWN STEP	| 2 | native-unchanged | 1 | warmup | packed_stage | 0.552796554 | 8.231005017 |
stage-a-cpu (1) / run-cpu	UNKNOWN STEP	| 3 | native-unchanged | 1 | warmup | exact_f17 | 1.608770286 | 15.756873427 |
stage-a-cpu (1) / run-cpu	UNKNOWN STEP	| 4 | native-unchanged | 2 | measured | exact_f17 | 1.119358066 | 15.855158649 |
stage-a-cpu (1) / run-cpu	UNKNOWN STEP	| 5 | native-unchanged | 2 | measured | packed_stage | 0.555282267 | 8.096353478 |
stage-a-cpu (1) / run-cpu	UNKNOWN STEP	| 6 | native-unchanged | 3 | measured | packed_stage | 0.799841530 | 8.031209716 |
stage-a-cpu (1) / run-cpu	UNKNOWN STEP	| 7 | native-unchanged | 3 | measured | exact_f17 | 1.100333746 | 15.653191363 |
stage-a-cpu (1) / run-cpu	UNKNOWN STEP	| 8 | native-unchanged | 4 | measured | exact_f17 | 1.124822663 | 15.734905227 |
stage-a-cpu (1) / run-cpu	UNKNOWN STEP	| 9 | native-unchanged | 4 | measured | packed_stage | 0.879706997 | 8.429512676 |
stage-a-cpu (1) / run-cpu	UNKNOWN STEP	| 10 | native-unchanged | 5 | measured | packed_stage | 0.553948698 | 8.054724406 |
stage-a-cpu (1) / run-cpu	UNKNOWN STEP	| 11 | native-unchanged | 5 | measured | exact_f17 | 1.098065036 | 15.589114154 |
stage-a-cpu (1) / run-cpu	UNKNOWN STEP	| 12 | native-unchanged | 6 | measured | exact_f17 | 1.594989287 | 15.467863072 |
stage-a-cpu (1) / run-cpu	UNKNOWN STEP	| 13 | native-unchanged | 6 | measured | packed_stage | 0.554174144 | 7.996540909 |
stage-a-cpu (1) / run-cpu	UNKNOWN STEP	| 14 | synthetic-v1-v2 | 0 | warmup | exact_f17 | 2.951852575 | 39.365542680 |
stage-a-cpu (1) / run-cpu	UNKNOWN STEP	| 15 | synthetic-v1-v2 | 0 | warmup | packed_stage | 5.227535310 | 51.553978847 |
stage-a-cpu (1) / run-cpu	UNKNOWN STEP	| 16 | synthetic-v1-v2 | 1 | warmup | packed_stage | 5.537208967 | 50.414514636 |
stage-a-cpu (1) / run-cpu	UNKNOWN STEP	| 17 | synthetic-v1-v2 | 1 | warmup | exact_f17 | 4.222081284 | 39.006424625 |
stage-a-cpu (1) / run-cpu	UNKNOWN STEP	| 18 | synthetic-v1-v2 | 2 | measured | exact_f17 | 3.724775137 | 36.574509748 |
stage-a-cpu (1) / run-cpu	UNKNOWN STEP	| 19 | synthetic-v1-v2 | 2 | measured | packed_stage | 5.508079992 | 48.592996747 |
stage-a-cpu (1) / run-cpu	UNKNOWN STEP	| 20 | synthetic-v1-v2 | 3 | measured | packed_stage | 3.779247727 | 46.706875297 |
stage-a-cpu (1) / run-cpu	UNKNOWN STEP	| 21 | synthetic-v1-v2 | 3 | measured | exact_f17 | 3.788397153 | 37.534630554 |
stage-a-cpu (1) / run-cpu	UNKNOWN STEP	| 22 | synthetic-v1-v2 | 4 | measured | exact_f17 | 3.825567818 | 36.044874570 |
stage-a-cpu (1) / run-cpu	UNKNOWN STEP	| 23 | synthetic-v1-v2 | 4 | measured | packed_stage | 5.516496644 | 46.688594173 |
stage-a-cpu (1) / run-cpu	UNKNOWN STEP	| 24 | synthetic-v1-v2 | 5 | measured | packed_stage | 5.454653862 | 46.535586093 |
stage-a-cpu (1) / run-cpu	UNKNOWN STEP	| 25 | synthetic-v1-v2 | 5 | measured | exact_f17 | 3.716017536 | 37.878641596 |
stage-a-cpu (1) / run-cpu	UNKNOWN STEP	| 26 | synthetic-v1-v2 | 6 | measured | exact_f17 | 2.727061980 | 33.498578357 |
stage-a-cpu (1) / run-cpu	UNKNOWN STEP	| 27 | synthetic-v1-v2 | 6 | measured | packed_stage | 5.052016316 | 46.805521089 |
stage-a-cpu (1) / run-cpu	UNKNOWN STEP	
stage-a-cpu (1) / run-cpu	UNKNOWN STEP	### Copy and wire-work counters
stage-a-cpu (1) / run-cpu	UNKNOWN STEP	
stage-a-cpu (1) / run-cpu	UNKNOWN STEP	Values are constant across the seven samples in each case/variant.
stage-a-cpu (1) / run-cpu	UNKNOWN STEP	
stage-a-cpu (1) / run-cpu	UNKNOWN STEP	| Case | Variant | Copied unchanged bytes | Copied padding bytes | Snapshot copy bytes | Compressed payload bytes |
stage-a-cpu (1) / run-cpu	UNKNOWN STEP	| --- | --- | --- | --- | --- | --- |
stage-a-cpu (1) / run-cpu	UNKNOWN STEP	| native-unchanged | exact_f17 | 6144 | 0 | 6144 | 0 |
stage-a-cpu (1) / run-cpu	UNKNOWN STEP	| native-unchanged | packed_stage | 0 | 0 | 0 | 0 |
stage-a-cpu (1) / run-cpu	UNKNOWN STEP	| synthetic-v1-v2 | exact_f17 | 6144 | 0 | 17435507712 | 182769068 |
stage-a-cpu (1) / run-cpu	UNKNOWN STEP	| synthetic-v1-v2 | packed_stage | 465284608 | 44544 | 17900830720 | 182769068 |
stage-a-cpu (1) / run-cpu	UNKNOWN STEP	
stage-a-cpu (1) / run-cpu	UNKNOWN STEP	The unchanged candidate materializes zero groups, preserves old snapshot identity and emits no payload. The changed candidate materializes 110 of 112 groups, including 465,284,608 unchanged valid bytes inside those groups. Both arms produce 182,769,068 compressed worker payload bytes; safetensors headers/index are excluded. f17 still copies the 6,144-byte compact scalar batch when it is unchanged. Snapshot-copy counters exclude input reads, XOR output writes, count buffers and allocator costs, so they are not total memory traffic. Each candidate sample returns 112 leases exactly once before compression; the control returns 3,155 tensor/scalar-group leases.
stage-a-cpu (1) / run-cpu	UNKNOWN STEP	
stage-a-cpu (1) / run-cpu	UNKNOWN STEP	### Exact replay command and retained inputs
stage-a-cpu (1) / run-cpu	UNKNOWN STEP	
stage-a-cpu (1) / run-cpu	UNKNOWN STEP	Run from `/hai-workspace/glm52-delta` inside the recorded image. The frozen variant file is identical to the selected production module. The full launch script, including preceding exactness checks, is `run_word_two_phase_cpu.sh`.
stage-a-cpu (1) / run-cpu	UNKNOWN STEP	
stage-a-cpu (1) / run-cpu	UNKNOWN STEP	```bash
stage-a-cpu (1) / run-cpu	UNKNOWN STEP	CUDA_VISIBLE_DEVICES=99 OMP_NUM_THREADS=1 timeout --kill-after=10 1200 \
stage-a-cpu (1) / run-cpu	UNKNOWN STEP	  /opt/sglang/bin/python benchmark_delta_preparation.py \
stage-a-cpu (1) / run-cpu	UNKNOWN STEP	  --miles-path miles --preparation-module delta_preparation_word_two_phase_variant.py \
stage-a-cpu (1) / run-cpu	UNKNOWN STEP	  --checkpoint models/GLM-5.2_5layer-NVFP4 \
stage-a-cpu (1) / run-cpu	UNKNOWN STEP	  --synthetic-source artifacts/synthetic-balanced-disk-delta-01/delta-publication \
stage-a-cpu (1) / run-cpu	UNKNOWN STEP	  --expected-tensors 4690 --block-bytes 4096 --bucket-mib 128 \
stage-a-cpu (1) / run-cpu	UNKNOWN STEP	  --baseline-workers 32 --stage-workers 32 --kernel-threads 1 \
stage-a-cpu (1) / run-cpu	UNKNOWN STEP	  --warmups 2 --repeats 5 \
stage-a-cpu (1) / run-cpu	UNKNOWN STEP	  --output artifacts/torch-compile-word-two-phase-32x1-replay.jsonl \
stage-a-cpu (1) / run-cpu	UNKNOWN STEP	  > artifacts/torch-compile-word-two-phase-32x1-replay.log 2>&1
stage-a-cpu (1) / run-cpu	UNKNOWN STEP	```
stage-a-cpu (1) / run-cpu	UNKNOWN STEP	
stage-a-cpu (1) / run-cpu	UNKNOWN STEP	No explicit cache argument was supplied; the helper used `artifacts/torch-compile-word-two-phase-32x1-replay-inductor-cache`. Replay helper SHA256 `90fe76dccd02b4f9881177d6ace7b49912b54f7002c8622d63a896f3c73e5ec9`; reconstruction helper SHA256 `96bb0f3df1b5be1709c19dbeb91975eacea6a6f3a62b6d4c84c4064599fe3689`; layout SHA256 `c1b72468d9a164abaabf6689208d01971f964a9adfe10e85aeeb6bbdc8244fe9`.
stage-a-cpu (1) / run-cpu	UNKNOWN STEP	
stage-a-cpu (1) / run-cpu	UNKNOWN STEP	Retained raw files: `artifacts/torch-compile-word-two-phase-32x1-replay.jsonl`, adjacent `.log`/`.exit`, and the adjacent `-sources/` folder. Their complete provenance includes source hashes, compiler counters, tensor/layout distributions and old/new checksum manifests. Recreating training does not guarantee the same byte workload; use the retained published v1/v2 artifacts.
stage-a-cpu (1) / run-cpu	UNKNOWN STEP	
stage-a-cpu (1) / run-cpu	UNKNOWN STEP	### Limits
stage-a-cpu (1) / run-cpu	UNKNOWN STEP	
stage-a-cpu (1) / run-cpu	UNKNOWN STEP	Checkpoint reads/reconstruction, initial packing and allocations, worker startup, warmup and verification are outside sample timing. No GPU gather/D2H, pinned-pool backpressure, production layout selection, snapshot installation, filesystem publication or receiver reload is measured. This comparison supports neither GPU equality nor multi-node bandwidth/scaling or amortization claims. CPU replay includes its own diagnostics and does not substitute for the separately matched NumPy/compiled GPU campaign.
stage-a-cpu (1) / run-cpu	UNKNOWN STEP	
stage-a-cpu (1) / run-cpu	UNKNOWN STEP	## Completed 6eca CPU replay — negative result, separate from final candidate
stage-a-cpu (1) / run-cpu	UNKNOWN STEP	
stage-a-cpu (1) / run-cpu	UNKNOWN STEP	Same pinned C2 environment, 32×1 worker budget, 4,690 tensors and 112 representative layouts as the selected replay.
stage-a-cpu (1) / run-cpu	UNKNOWN STEP	
stage-a-cpu (1) / run-cpu	UNKNOWN STEP	The complete replay at `6eca79a001e2e2c9b62385b1397f1ad0fc800e81` exited with code 0 and verified all 28 warmup/measured samples. It did **not** justify replacing NumPy: unchanged wall time increased 58.10% despite 1.37% less process CPU; changed-workload wall increased 70.96% and process CPU increased 53.02%. This is retained negative evidence for that exact int32-row-count stage. The completed selected-source replay is reported separately above; GPU results are not available yet.
stage-a-cpu (1) / run-cpu	UNKNOWN STEP	
stage-a-cpu (1) / run-cpu	UNKNOWN STEP	Source module SHA256 `fd87a4a382909add1d9053233d92ed2cd4ab66a15332851ed84c7bd96158be8a`; helper SHA256 `90fe76dccd02b4f9881177d6ace7b49912b54f7002c8622d63a896f3c73e5ec9`; raw JSONL SHA256 `bc44ce8b9a878e914086a2caabab9279c889da9db19e1ac7ae820fea2c00479d`. Local raw files: `artifacts/torch-compile-stage-replay-v1.jsonl`, `.log`, `.exit`, and `artifacts/torch-compile-stage-replay-v1-sources/` (retained raw evidence).
stage-a-cpu (1) / run-cpu	UNKNOWN STEP	
stage-a-cpu (1) / run-cpu	UNKNOWN STEP	| Workload | f17 wall median s | 6eca wall median s | Wall change | f17 CPU median s | 6eca CPU median s | CPU change |
stage-a-cpu (1) / run-cpu	UNKNOWN STEP	| --- | --- | --- | --- | --- | --- | --- |
stage-a-cpu (1) / run-cpu	UNKNOWN STEP	| native-unchanged | 1.125101647 | 1.778736112 | +58.10% | 16.075276682 | 15.855253043 | -1.37% |
stage-a-cpu (1) / run-cpu	UNKNOWN STEP	| synthetic-v1-v2 | 3.529938037 | 6.034834150 | +70.96% | 36.298767904 | 55.543541675 | +53.02% |
stage-a-cpu (1) / run-cpu	UNKNOWN STEP	
stage-a-cpu (1) / run-cpu	UNKNOWN STEP	**Initialization is outside the replay samples:** both graphs ran serially against every actual layout before fanout. The first workload started with an empty task-specific disk cache; the second reused the initialized compiler. Calling-process CPU excludes compiler subprocess CPU. Warmup includes full-layout execution/materialization and is not pure compiler latency.
stage-a-cpu (1) / run-cpu	UNKNOWN STEP	
stage-a-cpu (1) / run-cpu	UNKNOWN STEP	| Workload | All-layout warmup wall s | Process CPU s | New graphs | New generated kernels |
stage-a-cpu (1) / run-cpu	UNKNOWN STEP	| --- | --- | --- | --- | --- |
stage-a-cpu (1) / run-cpu	UNKNOWN STEP	| native-unchanged | 58.232279793 | 43.329225336 | 3 | 17 |
stage-a-cpu (1) / run-cpu	UNKNOWN STEP	| synthetic-v1-v2 | 38.065546597 | 38.068060900 | 0 | 0 |
stage-a-cpu (1) / run-cpu	UNKNOWN STEP	
stage-a-cpu (1) / run-cpu	UNKNOWN STEP	All 28 timed records have empty compiler counter deltas. Graph/kernel counts are observability data and do not establish fusion or performance.
stage-a-cpu (1) / run-cpu	UNKNOWN STEP	
stage-a-cpu (1) / run-cpu	UNKNOWN STEP	<details>
stage-a-cpu (1) / run-cpu	UNKNOWN STEP	<summary>All 28 raw CPU replay samples, including two warmup pairs per workload</summary>
stage-a-cpu (1) / run-cpu	UNKNOWN STEP	
stage-a-cpu (1) / run-cpu	UNKNOWN STEP	B = exact f17; C = packed stage 6eca. Order alternates by pair; only pairs 2–6 enter medians, with no samples removed. Wall and process CPU are seconds.
stage-a-cpu (1) / run-cpu	UNKNOWN STEP	
stage-a-cpu (1) / run-cpu	UNKNOWN STEP	**native-unchanged**
stage-a-cpu (1) / run-cpu	UNKNOWN STEP	
stage-a-cpu (1) / run-cpu	UNKNOWN STEP	| Pair | Phase | Order | B wall s | C wall s | B CPU s | C CPU s |
stage-a-cpu (1) / run-cpu	UNKNOWN STEP	| --- | --- | --- | --- | --- | --- | --- |
stage-a-cpu (1) / run-cpu	UNKNOWN STEP	| 0 | warmup | B→C | 1.130001772 | 1.760311283 | 15.957901287 | 15.500207543 |
stage-a-cpu (1) / run-cpu	UNKNOWN STEP	| 1 | warmup | C→B | 1.139313117 | 1.759618964 | 16.141250380 | 15.305593954 |
stage-a-cpu (1) / run-cpu	UNKNOWN STEP	| 2 | measured | B→C | 1.125101647 | 1.866264602 | 16.314899115 | 16.107030080 |
stage-a-cpu (1) / run-cpu	UNKNOWN STEP	| 3 | measured | C→B | 1.066849843 | 1.770045894 | 16.214130711 | 15.709281407 |
stage-a-cpu (1) / run-cpu	UNKNOWN STEP	| 4 | measured | B→C | 1.606760446 | 1.778736112 | 16.075276682 | 15.267684626 |
stage-a-cpu (1) / run-cpu	UNKNOWN STEP	| 5 | measured | C→B | 1.622636632 | 1.772907419 | 15.898084304 | 15.855253043 |
stage-a-cpu (1) / run-cpu	UNKNOWN STEP	| 6 | measured | B→C | 1.120254939 | 1.780867644 | 16.011328341 | 16.003224925 |
stage-a-cpu (1) / run-cpu	UNKNOWN STEP	
stage-a-cpu (1) / run-cpu	UNKNOWN STEP	**synthetic-v1-v2**
stage-a-cpu (1) / run-cpu	UNKNOWN STEP	
stage-a-cpu (1) / run-cpu	UNKNOWN STEP	| Pair | Phase | Order | B wall s | C wall s | B CPU s | C CPU s |
stage-a-cpu (1) / run-cpu	UNKNOWN STEP	| --- | --- | --- | --- | --- | --- | --- |
stage-a-cpu (1) / run-cpu	UNKNOWN STEP	| 0 | warmup | B→C | 3.794184700 | 6.090968547 | 40.053432131 | 60.122372519 |
stage-a-cpu (1) / run-cpu	UNKNOWN STEP	| 1 | warmup | C→B | 3.750945677 | 5.926031381 | 38.689728287 | 60.020253004 |
stage-a-cpu (1) / run-cpu	UNKNOWN STEP	| 2 | measured | B→C | 3.794779886 | 6.794410720 | 39.062372466 | 61.434463655 |
stage-a-cpu (1) / run-cpu	UNKNOWN STEP	| 3 | measured | C→B | 2.996733481 | 6.034834150 | 37.727198153 | 60.461662628 |
stage-a-cpu (1) / run-cpu	UNKNOWN STEP	| 4 | measured | B→C | 3.569558824 | 4.605608953 | 36.125778705 | 54.512039273 |
stage-a-cpu (1) / run-cpu	UNKNOWN STEP	| 5 | measured | C→B | 3.529938037 | 6.064806106 | 34.611736899 | 55.543541675 |
stage-a-cpu (1) / run-cpu	UNKNOWN STEP	| 6 | measured | B→C | 2.998813627 | 5.938902053 | 36.298767904 | 54.718316252 |
stage-a-cpu (1) / run-cpu	UNKNOWN STEP	
stage-a-cpu (1) / run-cpu	UNKNOWN STEP	</details>
stage-a-cpu (1) / run-cpu	UNKNOWN STEP	
stage-a-cpu (1) / run-cpu	UNKNOWN STEP	Copy and wire-work input counters are constant across samples of each case:
stage-a-cpu (1) / run-cpu	UNKNOWN STEP	
stage-a-cpu (1) / run-cpu	UNKNOWN STEP	| Case | Variant | Copied unchanged bytes | Copied padding bytes | Snapshot copy bytes | Compressed worker payload bytes |
stage-a-cpu (1) / run-cpu	UNKNOWN STEP	| --- | --- | --- | --- | --- | --- |
stage-a-cpu (1) / run-cpu	UNKNOWN STEP	| native-unchanged | exact_f17 | 6144 | 0 | 6144 | 0 |
stage-a-cpu (1) / run-cpu	UNKNOWN STEP	| native-unchanged | packed_stage | 0 | 0 | 0 | 0 |
stage-a-cpu (1) / run-cpu	UNKNOWN STEP	| synthetic-v1-v2 | exact_f17 | 6144 | 0 | 17435507712 | 182769068 |
stage-a-cpu (1) / run-cpu	UNKNOWN STEP	| synthetic-v1-v2 | packed_stage | 465284608 | 44544 | 17900830720 | 182769068 |
stage-a-cpu (1) / run-cpu	UNKNOWN STEP	
stage-a-cpu (1) / run-cpu	UNKNOWN STEP	Synthetic v1→v2 changes 79,500,803 byte positions across 2,646 tensors; 465,303,040 valid bytes reside in entirely unchanged tensors. The stage materializes 110 of 112 groups and copies 465,284,608 unchanged valid bytes within changed groups. Both arms generate 182,769,068 compressed payload bytes, excluding safetensors headers/index. f17 still copies the 6,144-byte compact scale group even when every scalar is unchanged.
stage-a-cpu (1) / run-cpu	UNKNOWN STEP	
stage-a-cpu (1) / run-cpu	UNKNOWN STEP	Checks verify every snapshot, decoded XOR, per-name count/checksum, unchanged input, and lease return. Timed work includes submission/drain, preparation allocations/counts/materialization, native zstd/checksums and lease return. Reads/reconstruction/packing, initial allocations, worker startup and verification are outside timing. GPU gather/D2H, actual pinned-pool backpressure, live layout selection, snapshot installation, publication and receiver reload remain unmeasured.
stage-a-cpu (1) / run-cpu	UNKNOWN STEP	
stage-a-cpu (1) / run-cpu	UNKNOWN STEP	## Materialize-first 8×4 replay — separate rejected experiment
stage-a-cpu (1) / run-cpu	UNKNOWN STEP	
stage-a-cpu (1) / run-cpu	UNKNOWN STEP	An uncommitted variant materialized owned XOR/snapshot buffers before counting every group, including unchanged groups. Its complete 28-sample replay verified exact bytes/counts/checksums without timed compilation, but changed weights took 11.63% more wall time and 30.70% more CPU than the matched f17 control; unchanged weights took 265.04% more wall time and 184.46% more CPU. It used eight preparation/compression workers with four generated-kernel threads each, so compression concurrency also differed from the 32-worker control.
stage-a-cpu (1) / run-cpu	UNKNOWN STEP	
stage-a-cpu (1) / run-cpu	UNKNOWN STEP	The module SHA256 is `09fc7f41579c5e517a63263bb6a5763c08ad769a16e34dd658f3255ec900dc5d`; it has no source commit. `TORCH_COMPILE_MATERIALIZE_FIRST_HISTORY.md` retains all 28 raw rows, exact launch/environment, initialization counters, copy costs and limits, alongside `artifacts/torch-compile-materialize-first-8x4-replay.{jsonl,log,exit}` and its archived sources (retained raw evidence). It is not the selected two-phase implementation.
stage-a-cpu (1) / run-cpu	UNKNOWN STEP	
stage-a-cpu (1) / run-cpu	UNKNOWN STEP	
stage-a-cpu (1) / run-cpu	UNKNOWN STEP	<details>
stage-a-cpu (1) / run-cpu	UNKNOWN STEP	<summary>Complete materialize-first historical samples and copy counters</summary>
stage-a-cpu (1) / run-cpu	UNKNOWN STEP	
stage-a-cpu (1) / run-cpu	UNKNOWN STEP	### All 28 raw samples
stage-a-cpu (1) / run-cpu	UNKNOWN STEP	
stage-a-cpu (1) / run-cpu	UNKNOWN STEP	Rows preserve their observed execution order. `exact_f17` is the control; `packed_stage` is this uncommitted materialize-first experiment. All rows passed exact byte/count/checksum verification and had no timed compiler activity.
stage-a-cpu (1) / run-cpu	UNKNOWN STEP	
stage-a-cpu (1) / run-cpu	UNKNOWN STEP	| Sequence | Case | Pair | Phase | Variant | Wall s | Process CPU s |
stage-a-cpu (1) / run-cpu	UNKNOWN STEP	| --- | --- | --- | --- | --- | --- | --- |
stage-a-cpu (1) / run-cpu	UNKNOWN STEP	| 0 | native-unchanged | 0 | warmup | exact_f17 | 1.066240562 | 16.159637382 |
stage-a-cpu (1) / run-cpu	UNKNOWN STEP	| 1 | native-unchanged | 0 | warmup | packed_stage | 3.482836896 | 43.923641453 |
stage-a-cpu (1) / run-cpu	UNKNOWN STEP	| 2 | native-unchanged | 1 | warmup | packed_stage | 3.822864562 | 44.686293106 |
stage-a-cpu (1) / run-cpu	UNKNOWN STEP	| 3 | native-unchanged | 1 | warmup | exact_f17 | 1.111578839 | 16.694607641 |
stage-a-cpu (1) / run-cpu	UNKNOWN STEP	| 4 | native-unchanged | 2 | measured | exact_f17 | 1.090380819 | 17.104434510 |
stage-a-cpu (1) / run-cpu	UNKNOWN STEP	| 5 | native-unchanged | 2 | measured | packed_stage | 4.414925840 | 50.046197366 |
stage-a-cpu (1) / run-cpu	UNKNOWN STEP	| 6 | native-unchanged | 3 | measured | packed_stage | 4.535154984 | 47.631452992 |
stage-a-cpu (1) / run-cpu	UNKNOWN STEP	| 7 | native-unchanged | 3 | measured | exact_f17 | 1.153190670 | 16.407209183 |
stage-a-cpu (1) / run-cpu	UNKNOWN STEP	| 8 | native-unchanged | 4 | measured | exact_f17 | 1.620442025 | 16.097449749 |
stage-a-cpu (1) / run-cpu	UNKNOWN STEP	| 9 | native-unchanged | 4 | measured | packed_stage | 4.158176309 | 45.550653279 |
stage-a-cpu (1) / run-cpu	UNKNOWN STEP	| 10 | native-unchanged | 5 | measured | packed_stage | 4.209630460 | 46.672686736 |
stage-a-cpu (1) / run-cpu	UNKNOWN STEP	| 11 | native-unchanged | 5 | measured | exact_f17 | 1.726885599 | 16.443235294 |
stage-a-cpu (1) / run-cpu	UNKNOWN STEP	| 12 | native-unchanged | 6 | measured | exact_f17 | 1.118493165 | 16.058917747 |
stage-a-cpu (1) / run-cpu	UNKNOWN STEP	| 13 | native-unchanged | 6 | measured | packed_stage | 4.009350852 | 44.940521497 |
stage-a-cpu (1) / run-cpu	UNKNOWN STEP	| 14 | synthetic-v1-v2 | 0 | warmup | exact_f17 | 3.802222350 | 40.310767555 |
stage-a-cpu (1) / run-cpu	UNKNOWN STEP	| 15 | synthetic-v1-v2 | 0 | warmup | packed_stage | 3.656788837 | 47.599307944 |
stage-a-cpu (1) / run-cpu	UNKNOWN STEP	| 16 | synthetic-v1-v2 | 1 | warmup | packed_stage | 3.794409368 | 49.315498187 |
stage-a-cpu (1) / run-cpu	UNKNOWN STEP	| 17 | synthetic-v1-v2 | 1 | warmup | exact_f17 | 3.775578207 | 39.786166130 |
stage-a-cpu (1) / run-cpu	UNKNOWN STEP	| 18 | synthetic-v1-v2 | 2 | measured | exact_f17 | 3.348511277 | 36.583928973 |
stage-a-cpu (1) / run-cpu	UNKNOWN STEP	| 19 | synthetic-v1-v2 | 2 | measured | packed_stage | 3.583165166 | 46.775607558 |
stage-a-cpu (1) / run-cpu	UNKNOWN STEP	| 20 | synthetic-v1-v2 | 3 | measured | packed_stage | 3.600636177 | 46.607146266 |
stage-a-cpu (1) / run-cpu	UNKNOWN STEP	| 21 | synthetic-v1-v2 | 3 | measured | exact_f17 | 3.771694406 | 38.229441894 |
stage-a-cpu (1) / run-cpu	UNKNOWN STEP	| 22 | synthetic-v1-v2 | 4 | measured | exact_f17 | 2.873773966 | 36.209462476 |
stage-a-cpu (1) / run-cpu	UNKNOWN STEP	| 23 | synthetic-v1-v2 | 4 | measured | packed_stage | 3.830219448 | 51.210018372 |
stage-a-cpu (1) / run-cpu	UNKNOWN STEP	| 24 | synthetic-v1-v2 | 5 | measured | packed_stage | 3.782262895 | 47.533083226 |
stage-a-cpu (1) / run-cpu	UNKNOWN STEP	| 25 | synthetic-v1-v2 | 5 | measured | exact_f17 | 4.176866774 | 34.860766168 |
stage-a-cpu (1) / run-cpu	UNKNOWN STEP	| 26 | synthetic-v1-v2 | 6 | measured | exact_f17 | 2.894729759 | 33.874551642 |
stage-a-cpu (1) / run-cpu	UNKNOWN STEP	| 27 | synthetic-v1-v2 | 6 | measured | packed_stage | 3.737940219 | 47.324183514 |
stage-a-cpu (1) / run-cpu	UNKNOWN STEP	
stage-a-cpu (1) / run-cpu	UNKNOWN STEP	### Copy and ownership accounting
stage-a-cpu (1) / run-cpu	UNKNOWN STEP	
stage-a-cpu (1) / run-cpu	UNKNOWN STEP	These raw counters are constant across all seven samples of each case/variant.
stage-a-cpu (1) / run-cpu	UNKNOWN STEP	
stage-a-cpu (1) / run-cpu	UNKNOWN STEP	| Case | Variant | Copied unchanged bytes | Copied padding bytes | Snapshot copy bytes | Compressed payload bytes | Lease returns |
stage-a-cpu (1) / run-cpu	UNKNOWN STEP	| --- | --- | --- | --- | --- | --- | --- |
stage-a-cpu (1) / run-cpu	UNKNOWN STEP	| native-unchanged | exact_f17 | 6144 | 0 | 6144 | 0 | 3155 |
stage-a-cpu (1) / run-cpu	UNKNOWN STEP	| native-unchanged | packed_stage | 17900804608 | 44544 | 17900849152 | 0 | 112 |
stage-a-cpu (1) / run-cpu	UNKNOWN STEP	| synthetic-v1-v2 | exact_f17 | 6144 | 0 | 17435507712 | 182769068 | 3155 |
stage-a-cpu (1) / run-cpu	UNKNOWN STEP	| synthetic-v1-v2 | packed_stage | 465303040 | 44544 | 17900849152 | 182769068 | 112 |
stage-a-cpu (1) / run-cpu	UNKNOWN STEP	
stage-a-cpu (1) / run-cpu	UNKNOWN STEP	
stage-a-cpu (1) / run-cpu	UNKNOWN STEP	</details>
stage-a-cpu (1) / run-cpu	UNKNOWN STEP	
stage-a-cpu (1) / run-cpu	UNKNOWN STEP	## Combined GLM-5.2 GPU comparison — running, no result yet
stage-a-cpu (1) / run-cpu	UNKNOWN STEP	
stage-a-cpu (1) / run-cpu	UNKNOWN STEP	The paired NumPy/compiled campaign is running; **no GPU correctness result, weight-update timing comparison, or speedup is claimed yet**. Both arms use combined Miles `283a1cb4e6ed4a3712a39bc5dbd26060465bdcca` plus receiver `2f5fb2a09f08eb9a44c0fed5a28be0bda2942b0f`, the same C2 image and existing five-layer NVFP4 W4A16 recipe. One 8-B300 node is split 4 trainer + 4 rollout GPUs: trainer TP4/EP4, PP1/CP1/ETP1; two rollout engines each TP2/DP2/EP2.
stage-a-cpu (1) / run-cpu	UNKNOWN STEP	
stage-a-cpu (1) / run-cpu	UNKNOWN STEP	The two run names are `compile-v1-synthetic-numpy-01` and `compile-v1-synthetic-torch-01`. Each has seven rollouts: startup u0, first post-training u1, and all five steady u2–u6 observations. Per-run fresh cache paths are `/hai-workspace/glm52-delta/<run-name>-cache`; backend, output/cache paths are the intended pair differences. The NumPy/compiled flag is the existing selector; no default changes. Execute the sequential frozen plan from `/hai-workspace/glm52-delta`:
stage-a-cpu (1) / run-cpu	UNKNOWN STEP	
stage-a-cpu (1) / run-cpu	UNKNOWN STEP	```bash
stage-a-cpu (1) / run-cpu	UNKNOWN STEP	/opt/sglang/bin/python run_compile_campaign.py COMPILE_VALIDATION_PLAN.json
stage-a-cpu (1) / run-cpu	UNKNOWN STEP	```
stage-a-cpu (1) / run-cpu	UNKNOWN STEP	
stage-a-cpu (1) / run-cpu	UNKNOWN STEP	Synthetic balanced `sample.index % 2` rewards use ordinary GRPO/optimizer updates. Dataset `zhuzilin/dapo-math-17k` revision `2e65612930298bde4c5d58fd97b3f23a483aaff9`; prepared JSONL 10,490,834 bytes, SHA256 `cc9c39c2aa19177abe9464741e121cf4cac90fd25484ef3cdf86535101e3a5b6`. Workload: 8 prompts × 8 samples, response limit 100, temperature 1, LR 1e-6, trainer/rollout seeds 1234/42. Existing precision/shared-expert exclusions and disabled logprob/KL/GPU-weight-equality CI checks remain unchanged. This is transport validation, not task-quality or equal-trajectory evidence.
stage-a-cpu (1) / run-cpu	UNKNOWN STEP	
stage-a-cpu (1) / run-cpu	UNKNOWN STEP	Admission requires all 14 raw update rows, four trainer ranks per update, nonzero synthetic gradients/changes, successful training/replay checks, exact sources/helper hashes/recipes, and no new measured graph/cache/kernel activity in u2–u6. Initial and u1 compiler counters are retained. The observer covers the entire updater, outside updater CPU/wall and inside outer driver wall; it is not exclusive to the preparation graph. Publication checks retain indexes, shard hashes and checksum metadata; successful reload/checksum checks do not establish GPU byte equality.
stage-a-cpu (1) / run-cpu	UNKNOWN STEP	
stage-a-cpu (1) / run-cpu	UNKNOWN STEP	The v2 CPU observer retains trainer process CPU, inventoried receiver-tree CPU over rank-0's update, and driver CPU separately. These are not simultaneous whole-host CPU; membership is non-atomic and transient children can escape. Observer and compiler-record costs are not subtracted. Multi-node scaling/bandwidth/amortization remain unmeasured. Once both arms pass strict admission, this body will include all 14 update rows and the complete comparison; raw journals/manifests/logs will link to an exact evidence commit.
stage-a-cpu (1) / run-cpu	UNKNOWN STEP	
stage-a-cpu (1) / run-cpu	UNKNOWN STEP	## Earlier kernel probes and prior art
stage-a-cpu (1) / run-cpu	UNKNOWN STEP	
stage-a-cpu (1) / run-cpu	UNKNOWN STEP	The initial XOR plus int64-count prototype was slower despite generated AVX-512 and a GIL-releasing C++ wrapper. On this exact C2 image, each thread made 16 calls on the same 4 MiB + 3 byte inputs:
stage-a-cpu (1) / run-cpu	UNKNOWN STEP	
stage-a-cpu (1) / run-cpu	UNKNOWN STEP	| Workers | NumPy wall s | Compiled wall s | NumPy process CPU s | Compiled process CPU s |
stage-a-cpu (1) / run-cpu	UNKNOWN STEP	| --- | ---: | ---: | ---: | ---: |
stage-a-cpu (1) / run-cpu	UNKNOWN STEP	| 1 | 0.015673769 | 0.121165356 | 0.015697823 | 0.121190109 |
stage-a-cpu (1) / run-cpu	UNKNOWN STEP	| 2 | 0.015600622 | 0.121077570 | 0.030319941 | 0.241121471 |
stage-a-cpu (1) / run-cpu	UNKNOWN STEP	| 32 | 0.035654672 | 0.140478621 | 0.907117173 | 3.565812516 |
stage-a-cpu (1) / run-cpu	UNKNOWN STEP	
stage-a-cpu (1) / run-cpu	UNKNOWN STEP	Its cold compile wall was 20.843314670 s; calling-process CPU was 2.117614195 s, excluding compiler children. This short probe ran during engine startup and is diagnostic evidence about that superseded primitive, not controlled final-stage performance. Raw JSONL and generated source/disassembly are retained under `artifacts/torch-compile-c2-smoke/` (retained raw evidence). A bounded int16-count probe was rejected. Later probes motivated the selected word-lane count plus conditional word-view materialization design, which retains exact int32 row/int64 per-name counts and the unchanged-group fast path. Those bounded probes do not substitute for the final complete replay and GPU comparison.
stage-a-cpu (1) / run-cpu	UNKNOWN STEP	
stage-a-cpu (1) / run-cpu	UNKNOWN STEP	[Megatron-LM #103](https://github.com/radixark/Megatron-LM/pull/103) supplied historical CPU implementation context: earlier commit `203df6f92236eaa54170c9c9b9ca6f5f1c1a736a` explored CPU Inductor, while the inspected final PR head `483a7ae7cce92c262b1ecce4df6cbdbfe82a4fd9` uses stock fused AdamW and gradient aliasing. Its final AdamW performance numbers are not evidence for compiled delta performance.
stage-a-cpu (1) / run-cpu	UNKNOWN STEP	
stage-a-cpu (1) / run-cpu	UNKNOWN STEP	2026-09-26T01:43:01.7388622Z   INPUT_MEGATRON_PR: 
stage-a-cpu (1) / run-cpu	UNKNOWN STEP	2026-09-26T01:43:01.7388852Z   INPUT_SGLANG_PR: 
stage-a-cpu (1) / run-cpu	UNKNOWN STEP	2026-09-26T01:43:01.7389046Z ##[endgroup]
stage-a-cpu (1) / run-cpu	UNKNOWN STEP	2026-09-26T01:43:01.7550841Z Resolved: megatron=miles-main -> fetch=miles-main, sglang=sglang-miles -> fetch=sglang-miles
stage-a-cpu (1) / run-cpu	UNKNOWN STEP	2026-09-26T01:43:01.7643530Z ##[group]Run actions/checkout@v4
stage-a-cpu (1) / run-cpu	UNKNOWN STEP	2026-09-26T01:43:01.7643809Z with:
stage-a-cpu (1) / run-cpu	UNKNOWN STEP	2026-09-26T01:43:01.7644024Z   repository: sgl-project/sglang
stage-a-cpu (1) / run-cpu	UNKNOWN STEP	2026-09-26T01:43:01.7644282Z   ref: sglang-miles
stage-a-cpu (1) / run-cpu	UNKNOWN STEP	2026-09-26T01:43:01.7644484Z   path: sglang
stage-a-cpu (1) / run-cpu	UNKNOWN STEP	2026-09-26T01:43:01.7647110Z   token: ***
stage-a-cpu (1) / run-cpu	UNKNOWN STEP	2026-09-26T01:43:01.7647330Z   ssh-strict: true
stage-a-cpu (1) / run-cpu	UNKNOWN STEP	2026-09-26T01:43:01.7647534Z   ssh-user: git
stage-a-cpu (1) / run-cpu	UNKNOWN STEP	2026-09-26T01:43:01.7647746Z   persist-credentials: true
stage-a-cpu (1) / run-cpu	UNKNOWN STEP	2026-09-26T01:43:01.7647981Z   clean: true
stage-a-cpu (1) / run-cpu	UNKNOWN STEP	2026-09-26T01:43:01.7648189Z   sparse-checkout-cone-mode: true
stage-a-cpu (1) / run-cpu	UNKNOWN STEP	2026-09-26T01:43:01.7648708Z   fetch-depth: 1
stage-a-cpu (1) / run-cpu	UNKNOWN STEP	2026-09-26T01:43:01.7648920Z   fetch-tags: false
stage-a-cpu (1) / run-cpu	UNKNOWN STEP	2026-09-26T01:43:01.7649197Z   show-progress: true
stage-a-cpu (1) / run-cpu	UNKNOWN STEP	2026-09-26T01:43:01.7649431Z   lfs: false
stage-a-cpu (1) / run-cpu	UNKNOWN STEP	2026-09-26T01:43:01.7649620Z   submodules: false
stage-a-cpu (1) / run-cpu	UNKNOWN STEP	2026-09-26T01:43:01.7649828Z   set-safe-directory: true
stage-a-cpu (1) / run-cpu	UNKNOWN STEP	2026-09-26T01:43:01.7650080Z   allow-unsafe-pr-checkout: false
stage-a-cpu (1) / run-cpu	UNKNOWN STEP	2026-09-26T01:43:01.7650320Z env:
stage-a-cpu (1) / run-cpu	UNKNOWN STEP	2026-09-26T01:43:01.7650614Z   SGLANG_SOURCE_ROOT: /home/runner/work/miles/miles/sglang/python
stage-a-cpu (1) / run-cpu	UNKNOWN STEP	2026-09-26T01:43:01.7651041Z   MEGATRON_SOURCE_ROOT: /home/runner/work/miles/miles/Megatron-LM
stage-a-cpu (1) / run-cpu	UNKNOWN STEP	2026-09-26T01:43:01.7651444Z   pythonLocation: /opt/hostedtoolcache/Python/3.11.16/x64
stage-a-cpu (1) / run-cpu	UNKNOWN STEP	2026-09-26T01:43:01.7651880Z   PKG_CONFIG_PATH: /opt/hostedtoolcache/Python/3.11.16/x64/lib/pkgconfig
stage-a-cpu (1) / run-cpu	UNKNOWN STEP	2026-09-26T01:43:01.7652467Z   Python_ROOT_DIR: /opt/hostedtoolcache/Python/3.11.16/x64
stage-a-cpu (1) / run-cpu	UNKNOWN STEP	2026-09-26T01:43:01.7652846Z   Python2_ROOT_DIR: /opt/hostedtoolcache/Python/3.11.16/x64
stage-a-cpu (1) / run-cpu	UNKNOWN STEP	2026-09-26T01:43:01.7653221Z   Python3_ROOT_DIR: /opt/hostedtoolcache/Python/3.11.16/x64
stage-a-cpu (1) / run-cpu	UNKNOWN STEP	2026-09-26T01:43:01.7653607Z   LD_LIBRARY_PATH: /opt/hostedtoolcache/Python/3.11.16/x64/lib
stage-a-cpu (1) / run-cpu	UNKNOWN STEP	2026-09-26T01:43:01.7653972Z   UV_CACHE_DIR: /home/runner/work/_temp/setup-uv-cache
stage-a-cpu (1) / run-cpu	UNKNOWN STEP	2026-09-26T01:43:01.7654279Z ##[endgroup]
stage-a-cpu (1) / run-cpu	UNKNOWN STEP	2026-09-26T01:43:01.8485641Z Syncing repository: sgl-project/sglang
stage-a-cpu (1) / run-cpu	UNKNOWN STEP	2026-09-26T01:43:01.8491971Z ##[group]Getting Git version info
stage-a-cpu (1) / run-cpu	UNKNOWN STEP	2026-09-26T01:43:01.8492703Z Working directory is '/home/runner/work/miles/miles/sglang'
stage-a-cpu (1) / run-cpu	UNKNOWN STEP	2026-09-26T01:43:01.8534823Z [command]/usr/bin/git version
stage-a-cpu (1) / run-cpu	UNKNOWN STEP	2026-09-26T01:43:01.8570651Z git version 2.55.0
stage-a-cpu (1) / run-cpu	UNKNOWN STEP	2026-09-26T01:43:01.8591791Z ##[endgroup]
stage-a-cpu (1) / run-cpu	UNKNOWN STEP	2026-09-26T01:43:01.8604743Z Temporarily overriding HOME='/home/runner/work/_temp/01c78162-2e51-4e9c-a626-9dfb69f97ea8' before making global git config changes
stage-a-cpu (1) / run-cpu	UNKNOWN STEP	2026-09-26T01:43:01.8606146Z Adding repository directory to the temporary git global config as a safe directory
stage-a-cpu (1) / run-cpu	UNKNOWN STEP	2026-09-26T01:43:01.8611570Z [command]/usr/bin/git config --global --add safe.directory /home/runner/work/miles/miles/sglang
stage-a-cpu (1) / run-cpu	UNKNOWN STEP	2026-09-26T01:43:01.8643818Z ##[group]Initializing the repository
stage-a-cpu (1) / run-cpu	UNKNOWN STEP	2026-09-26T01:43:01.8648210Z [command]/usr/bin/git init /home/runner/work/miles/miles/sglang
stage-a-cpu (1) / run-cpu	UNKNOWN STEP	2026-09-26T01:43:01.8691926Z hint: Using 'master' as the name for the initial branch. This default branch name
stage-a-cpu (1) / run-cpu	UNKNOWN STEP	2026-09-26T01:43:01.8693116Z hint: will change to "main" in Git 3.0. To configure the initial branch name
stage-a-cpu (1) / run-cpu	UNKNOWN STEP	2026-09-26T01:43:01.8694274Z hint: to use in all of your new repositories, which will suppress this warning,
stage-a-cpu (1) / run-cpu	UNKNOWN STEP	2026-09-26T01:43:01.8695054Z hint: call:
stage-a-cpu (1) / run-cpu	UNKNOWN STEP	2026-09-26T01:43:01.8695544Z hint:
stage-a-cpu (1) / run-cpu	UNKNOWN STEP	2026-09-26T01:43:01.8696155Z hint: 	git config --global init.defaultBranch <name>
stage-a-cpu (1) / run-cpu	UNKNOWN STEP	2026-09-26T01:43:01.8696688Z hint:
stage-a-cpu (1) / run-cpu	UNKNOWN STEP	2026-09-26T01:43:01.8697205Z hint: Names commonly chosen instead of 'master' are 'main', 'trunk' and
stage-a-cpu (1) / run-cpu	UNKNOWN STEP	2026-09-26T01:43:01.8698074Z hint: 'development'. The just-created branch can be renamed via this command:
stage-a-cpu (1) / run-cpu	UNKNOWN STEP	2026-09-26T01:43:01.8698996Z hint:
stage-a-cpu (1) / run-cpu	UNKNOWN STEP	2026-09-26T01:43:01.8699341Z hint: 	git branch -m <name>
stage-a-cpu (1) / run-cpu	UNKNOWN STEP	2026-09-26T01:43:01.8699744Z hint:
stage-a-cpu (1) / run-cpu	UNKNOWN STEP	2026-09-26T01:43:01.8700307Z hint: Disable this message with "git config set advice.defaultBranchName false"
stage-a-cpu (1) / run-cpu	UNKNOWN STEP	2026-09-26T01:43:01.8701250Z Initialized empty Git repository in /home/runner/work/miles/miles/sglang/.git/
stage-a-cpu (1) / run-cpu	UNKNOWN STEP	2026-09-26T01:43:01.8704480Z [command]/usr/bin/git remote add origin https://github.com/sgl-project/sglang
stage-a-cpu (1) / run-cpu	UNKNOWN STEP	2026-09-26T01:43:01.8736091Z ##[endgroup]
stage-a-cpu (1) / run-cpu	UNKNOWN STEP	2026-09-26T01:43:01.8736710Z ##[group]Disabling automatic garbage collection
stage-a-cpu (1) / run-cpu	UNKNOWN STEP	2026-09-26T01:43:01.8741155Z [command]/usr/bin/git config --local gc.auto 0
stage-a-cpu (1) / run-cpu	UNKNOWN STEP	2026-09-26T01:43:01.8769852Z ##[endgroup]
stage-a-cpu (1) / run-cpu	UNKNOWN STEP	2026-09-26T01:43:01.8770442Z ##[group]Setting up auth
stage-a-cpu (1) / run-cpu	UNKNOWN STEP	2026-09-26T01:43:01.8776817Z [command]/usr/bin/git config --local --name-only --get-regexp core\.sshCommand
stage-a-cpu (1) / run-cpu	UNKNOWN STEP	2026-09-26T01:43:01.8806638Z [command]/usr/bin/git submodule foreach --recursive sh -c "git config --local --name-only --get-regexp 'core\.sshCommand' && git config --local --unset-all 'core.sshCommand' || :"
stage-a-cpu (1) / run-cpu	UNKNOWN STEP	2026-09-26T01:43:01.9031556Z [command]/usr/bin/git config --local --name-only --get-regexp http\.https\:\/\/github\.com\/\.extraheader
stage-a-cpu (1) / run-cpu	UNKNOWN STEP	2026-09-26T01:43:01.9061830Z [command]/usr/bin/git submodule foreach --recursive sh -c "git config --local --name-only --get-regexp 'http\.https\:\/\/github\.com\/\.extraheader' && git config --local --unset-all 'http.https://github.com/.extraheader' || :"
stage-a-cpu (1) / run-cpu	UNKNOWN STEP	2026-09-26T01:43:01.9287015Z [command]/usr/bin/git config --local --name-only --get-regexp ^includeIf\.gitdir:
stage-a-cpu (1) / run-cpu	UNKNOWN STEP	2026-09-26T01:43:01.9318831Z [command]/usr/bin/git submodule foreach --recursive git config --local --show-origin --name-only --get-regexp remote.origin.url
stage-a-cpu (1) / run-cpu	UNKNOWN STEP	2026-09-26T01:43:01.9538085Z [command]/usr/bin/git config --local http.https://github.com/.extraheader AUTHORIZATION: basic ***
stage-a-cpu (1) / run-cpu	UNKNOWN STEP	2026-09-26T01:43:01.9579590Z ##[endgroup]
stage-a-cpu (1) / run-cpu	UNKNOWN STEP	2026-09-26T01:43:01.9580236Z ##[group]Fetching the repository
stage-a-cpu (1) / run-cpu	UNKNOWN STEP	2026-09-26T01:43:01.9588218Z [command]/usr/bin/git -c protocol.version=2 fetch --no-tags --prune --no-recurse-submodules --depth=1 origin +refs/heads/sglang-miles*:refs/remotes/origin/sglang-miles* +refs/tags/sglang-miles*:refs/tags/sglang-miles*
stage-a-cpu (1) / run-cpu	UNKNOWN STEP	2026-09-26T01:43:10.4983210Z From https://github.com/sgl-project/sglang
stage-a-cpu (1) / run-cpu	UNKNOWN STEP	2026-09-26T01:43:10.4983968Z  * [new branch]        sglang-miles            -> origin/sglang-miles
stage-a-cpu (1) / run-cpu	UNKNOWN STEP	2026-09-26T01:43:10.4984775Z  * [new branch]        sglang-miles-20260327   -> origin/sglang-miles-20260327
stage-a-cpu (1) / run-cpu	UNKNOWN STEP	2026-09-26T01:43:10.4985631Z  * [new branch]        sglang-miles-glm53-lora -> origin/sglang-miles-glm53-lora
stage-a-cpu (1) / run-cpu	UNKNOWN STEP	2026-09-26T01:43:10.4986546Z  * [new branch]        sglang-miles-glm53next  -> origin/sglang-miles-glm53next
stage-a-cpu (1) / run-cpu	UNKNOWN STEP	2026-09-26T01:43:10.4987060Z  * [new branch]        sglang-miles-h3         -> origin/sglang-miles-h3
stage-a-cpu (1) / run-cpu	UNKNOWN STEP	2026-09-26T01:43:10.4987712Z  * [new branch]        sglang-miles-inkling    -> origin/sglang-miles-inkling
stage-a-cpu (1) / run-cpu	UNKNOWN STEP	2026-09-26T01:43:10.4988768Z  * [new branch]        sglang-miles-k3         -> origin/sglang-miles-k3
stage-a-cpu (1) / run-cpu	UNKNOWN STEP	2026-09-26T01:43:10.4989672Z  * [new branch]        sglang-miles-qwen38next -> origin/sglang-miles-qwen38next
stage-a-cpu (1) / run-cpu	UNKNOWN STEP	2026-09-26T01:43:10.4990409Z  * [new branch]        sglang-miles-v0.5.10-final -> origin/sglang-miles-v0.5.10-final
stage-a-cpu (1) / run-cpu	UNKNOWN STEP	2026-09-26T01:43:10.4990927Z  * [new branch]        sglang-miles-v0.5.12    -> origin/sglang-miles-v0.5.12
stage-a-cpu (1) / run-cpu	UNKNOWN STEP	2026-09-26T01:43:10.4991420Z  * [new branch]        sglang-miles-v0.5.12-final -> origin/sglang-miles-v0.5.12-final
stage-a-cpu (1) / run-cpu	UNKNOWN STEP	2026-09-26T01:43:10.4991944Z  * [new branch]        sglang-miles-v0.5.13-final -> origin/sglang-miles-v0.5.13-final
stage-a-cpu (1) / run-cpu	UNKNOWN STEP	2026-09-26T01:43:10.4992457Z  * [new branch]        sglang-miles-v0.5.14-final -> origin/sglang-miles-v0.5.14-final
stage-a-cpu (1) / run-cpu	UNKNOWN STEP	2026-09-26T01:43:10.4992947Z  * [new branch]        sglang-miles-v0.5.15    -> origin/sglang-miles-v0.5.15
stage-a-cpu (1) / run-cpu	UNKNOWN STEP	2026-09-26T01:43:10.4993426Z  * [new branch]        sglang-miles-v0.5.15-final -> origin/sglang-miles-v0.5.15-final
stage-a-cpu (1) / run-cpu	UNKNOWN STEP	2026-09-26T01:43:10.4993917Z  * [new branch]        sglang-miles-v0.5.16    -> origin/sglang-miles-v0.5.16
stage-a-cpu (1) / run-cpu	UNKNOWN STEP	2026-09-26T01:43:10.4994400Z  * [new branch]        sglang-miles-v0.5.16-final -> origin/sglang-miles-v0.5.16-final
stage-a-cpu (1) / run-cpu	UNKNOWN STEP	2026-09-26T01:43:10.4994881Z  * [new branch]        sglang-miles-v0.5.17    -> origin/sglang-miles-v0.5.17
stage-a-cpu (1) / run-cpu	UNKNOWN STEP	2026-09-26T01:43:10.4995361Z  * [new branch]        sglang-miles-v0.5.18    -> origin/sglang-miles-v0.5.18
stage-a-cpu (1) / run-cpu	UNKNOWN STEP	2026-09-26T01:43:10.4995843Z  * [new branch]        sglang-miles-v0.5.18-final -> origin/sglang-miles-v0.5.18-final
stage-a-cpu (1) / run-cpu	UNKNOWN STEP	2026-09-26T01:43:10.4996323Z  * [new branch]        sglang-miles-v0.5.19    -> origin/sglang-miles-v0.5.19
stage-a-cpu (1) / run-cpu	UNKNOWN STEP	2026-09-26T01:43:10.4996923Z  * [new branch]        sglang-miles-v0.5.19-final -> origin/sglang-miles-v0.5.19-final
stage-a-cpu (1) / run-cpu	UNKNOWN STEP	2026-09-26T01:43:10.4998397Z  * [new branch]        sglang-miles-v0.5.20    -> origin/sglang-miles-v0.5.20
stage-a-cpu (1) / run-cpu	UNKNOWN STEP	2026-09-26T01:43:10.4999246Z  * [new branch]        sglang-miles-v0.5.8.post1 -> origin/sglang-miles-v0.5.8.post1
stage-a-cpu (1) / run-cpu	UNKNOWN STEP	2026-09-26T01:43:10.4999771Z  * [new branch]        sglang-miles-v0.5.9     -> origin/sglang-miles-v0.5.9
stage-a-cpu (1) / run-cpu	UNKNOWN STEP	2026-09-26T01:43:10.5000271Z  * [new branch]        sglang-miles-v0.5.9-final -> origin/sglang-miles-v0.5.9-final
stage-a-cpu (1) / run-cpu	UNKNOWN STEP	2026-09-26T01:43:10.5000820Z  * [new branch]        sglang-miles_weight_checker -> origin/sglang-miles_weight_checker
stage-a-cpu (1) / run-cpu	UNKNOWN STEP	2026-09-26T01:43:10.5001431Z  * [new branch]        sglang-miles_weight_loader_threshold -> origin/sglang-miles_weight_loader_threshold
stage-a-cpu (1) / run-cpu	UNKNOWN STEP	2026-09-26T01:43:10.5002536Z ##[endgroup]
stage-a-cpu (1) / run-cpu	UNKNOWN STEP	2026-09-26T01:43:10.5002896Z ##[group]Determining the checkout info
stage-a-cpu (1) / run-cpu	UNKNOWN STEP	2026-09-26T01:43:10.5003250Z [command]/usr/bin/git branch --list --remote origin/sglang-miles
stage-a-cpu (1) / run-cpu	UNKNOWN STEP	2026-09-26T01:43:10.5026581Z   origin/sglang-miles
stage-a-cpu (1) / run-cpu	UNKNOWN STEP	2026-09-26T01:43:10.5031564Z ##[endgroup]
stage-a-cpu (1) / run-cpu	UNKNOWN STEP	2026-09-26T01:43:10.5036525Z [command]/usr/bin/git sparse-checkout disable
stage-a-cpu (1) / run-cpu	UNKNOWN STEP	2026-09-26T01:43:10.5076390Z [command]/usr/bin/git config --local --unset-all extensions.worktreeConfig
stage-a-cpu (1) / run-cpu	UNKNOWN STEP	2026-09-26T01:43:10.5103909Z ##[group]Checking out the ref
stage-a-cpu (1) / run-cpu	UNKNOWN STEP	2026-09-26T01:43:10.5108725Z [command]/usr/bin/git checkout --progress --force -B sglang-miles refs/remotes/origin/sglang-miles
stage-a-cpu (1) / run-cpu	UNKNOWN STEP	2026-09-26T01:43:11.3134453Z Switched to a new branch 'sglang-miles'
stage-a-cpu (1) / run-cpu	UNKNOWN STEP	2026-09-26T01:43:11.3135618Z branch 'sglang-miles' set up to track 'origin/sglang-miles'.
stage-a-cpu (1) / run-cpu	UNKNOWN STEP	2026-09-26T01:43:11.3189080Z ##[endgroup]
stage-a-cpu (1) / run-cpu	UNKNOWN STEP	2026-09-26T01:43:11.3230538Z [command]/usr/bin/git log -1 --format=%H
stage-a-cpu (1) / run-cpu	UNKNOWN STEP	2026-09-26T01:43:11.3253465Z 106ef6d1262a8c1bf61cabcb9053102ff80f71f9
stage-a-cpu (1) / run-cpu	UNKNOWN STEP	2026-09-26T01:43:11.3435929Z ##[group]Run actions/checkout@v4
stage-a-cpu (1) / run-cpu	UNKNOWN STEP	2026-09-26T01:43:11.3436201Z with:
stage-a-cpu (1) / run-cpu	UNKNOWN STEP	2026-09-26T01:43:11.3436411Z   repository: radixark/Megatron-LM
stage-a-cpu (1) / run-cpu	UNKNOWN STEP	2026-09-26T01:43:11.3436661Z   ref: miles-main
stage-a-cpu (1) / run-cpu	UNKNOWN STEP	2026-09-26T01:43:11.3436864Z   path: Megatron-LM
stage-a-cpu (1) / run-cpu	UNKNOWN STEP	2026-09-26T01:43:11.3439853Z   token: ***
stage-a-cpu (1) / run-cpu	UNKNOWN STEP	2026-09-26T01:43:11.3440067Z   ssh-strict: true
stage-a-cpu (1) / run-cpu	UNKNOWN STEP	2026-09-26T01:43:11.3440271Z   ssh-user: git
stage-a-cpu (1) / run-cpu	UNKNOWN STEP	2026-09-26T01:43:11.3440481Z   persist-credentials: true
stage-a-cpu (1) / run-cpu	UNKNOWN STEP	2026-09-26T01:43:11.3440715Z   clean: true
stage-a-cpu (1) / run-cpu	UNKNOWN STEP	2026-09-26T01:43:11.3440927Z   sparse-checkout-cone-mode: true
stage-a-cpu (1) / run-cpu	UNKNOWN STEP	2026-09-26T01:43:11.3441179Z   fetch-depth: 1
stage-a-cpu (1) / run-cpu	UNKNOWN STEP	2026-09-26T01:43:11.3441376Z   fetch-tags: false
stage-a-cpu (1) / run-cpu	UNKNOWN STEP	2026-09-26T01:43:11.3441583Z   show-progress: true
stage-a-cpu (1) / run-cpu	UNKNOWN STEP	2026-09-26T01:43:11.3441805Z   lfs: false
stage-a-cpu (1) / run-cpu	UNKNOWN STEP	2026-09-26T01:43:11.3441991Z   submodules: false
stage-a-cpu (1) / run-cpu	UNKNOWN STEP	2026-09-26T01:43:11.3442193Z   set-safe-directory: true
stage-a-cpu (1) / run-cpu	UNKNOWN STEP	2026-09-26T01:43:11.3442437Z   allow-unsafe-pr-checkout: false
stage-a-cpu (1) / run-cpu	UNKNOWN STEP	2026-09-26T01:43:11.3442684Z env:
stage-a-cpu (1) / run-cpu	UNKNOWN STEP	2026-09-26T01:43:11.3442968Z   SGLANG_SOURCE_ROOT: /home/runner/work/miles/miles/sglang/python
stage-a-cpu (1) / run-cpu	UNKNOWN STEP	2026-09-26T01:43:11.3443397Z   MEGATRON_SOURCE_ROOT: /home/runner/work/miles/miles/Megatron-LM
stage-a-cpu (1) / run-cpu	UNKNOWN STEP	2026-09-26T01:43:11.3443794Z   pythonLocation: /opt/hostedtoolcache/Python/3.11.16/x64
stage-a-cpu (1) / run-cpu	UNKNOWN STEP	2026-09-26T01:43:11.3444225Z   PKG_CONFIG_PATH: /opt/hostedtoolcache/Python/3.11.16/x64/lib/pkgconfig
stage-a-cpu (1) / run-cpu	UNKNOWN STEP	2026-09-26T01:43:11.3444641Z   Python_ROOT_DIR: /opt/hostedtoolcache/Python/3.11.16/x64
stage-a-cpu (1) / run-cpu	UNKNOWN STEP	2026-09-26T01:43:11.3445011Z   Python2_ROOT_DIR: /opt/hostedtoolcache/Python/3.11.16/x64
stage-a-cpu (1) / run-cpu	UNKNOWN STEP	2026-09-26T01:43:11.3445379Z   Python3_ROOT_DIR: /opt/hostedtoolcache/Python/3.11.16/x64
stage-a-cpu (1) / run-cpu	UNKNOWN STEP	2026-09-26T01:43:11.3445761Z   LD_LIBRARY_PATH: /opt/hostedtoolcache/Python/3.11.16/x64/lib
stage-a-cpu (1) / run-cpu	UNKNOWN STEP	2026-09-26T01:43:11.3446121Z   UV_CACHE_DIR: /home/runner/work/_temp/setup-uv-cache
stage-a-cpu (1) / run-cpu	UNKNOWN STEP	2026-09-26T01:43:11.3446419Z ##[endgroup]
stage-a-cpu (1) / run-cpu	UNKNOWN STEP	2026-09-26T01:43:11.4285387Z Syncing repository: radixark/Megatron-LM
stage-a-cpu (1) / run-cpu	UNKNOWN STEP	2026-09-26T01:43:11.4291568Z ##[group]Getting Git version info
stage-a-cpu (1) / run-cpu	UNKNOWN STEP	2026-09-26T01:43:11.4292103Z Working directory is '/home/runner/work/miles/miles/Megatron-LM'
stage-a-cpu (1) / run-cpu	UNKNOWN STEP	2026-09-26T01:43:11.4332318Z [command]/usr/bin/git version
stage-a-cpu (1) / run-cpu	UNKNOWN STEP	2026-09-26T01:43:11.4368343Z git version 2.55.0
stage-a-cpu (1) / run-cpu	UNKNOWN STEP	2026-09-26T01:43:11.4388918Z ##[endgroup]
stage-a-cpu (1) / run-cpu	UNKNOWN STEP	2026-09-26T01:43:11.4401675Z Temporarily overriding HOME='/home/runner/work/_temp/5309d44e-9aa7-4daf-bb13-04c3c969d125' before making global git config changes
stage-a-cpu (1) / run-cpu	UNKNOWN STEP	2026-09-26T01:43:11.4402750Z Adding repository directory to the temporary git global config as a safe directory
stage-a-cpu (1) / run-cpu	UNKNOWN STEP	2026-09-26T01:43:11.4408053Z [command]/usr/bin/git config --global --add safe.directory /home/runner/work/miles/miles/Megatron-LM
stage-a-cpu (1) / run-cpu	UNKNOWN STEP	2026-09-26T01:43:11.4439638Z ##[group]Initializing the repository
stage-a-cpu (1) / run-cpu	UNKNOWN STEP	2026-09-26T01:43:11.4443957Z [command]/usr/bin/git init /home/runner/work/miles/miles/Megatron-LM
stage-a-cpu (1) / run-cpu	UNKNOWN STEP	2026-09-26T01:43:11.4483022Z hint: Using 'master' as the name for the initial branch. This default branch name
stage-a-cpu (1) / run-cpu	UNKNOWN STEP	2026-09-26T01:43:11.4484245Z hint: will change to "main" in Git 3.0. To configure the initial branch name
stage-a-cpu (1) / run-cpu	UNKNOWN STEP	2026-09-26T01:43:11.4485164Z hint: to use in all of your new repositories, which will suppress this warning,
stage-a-cpu (1) / run-cpu	UNKNOWN STEP	2026-09-26T01:43:11.4485858Z hint: call:
stage-a-cpu (1) / run-cpu	UNKNOWN STEP	2026-09-26T01:43:11.4486140Z hint:
stage-a-cpu (1) / run-cpu	UNKNOWN STEP	2026-09-26T01:43:11.4486530Z hint: 	git config --global init.defaultBranch <name>
stage-a-cpu (1) / run-cpu	UNKNOWN STEP	2026-09-26T01:43:11.4487080Z hint:
stage-a-cpu (1) / run-cpu	UNKNOWN STEP	2026-09-26T01:43:11.4487517Z hint: Names commonly chosen instead of 'master' are 'main', 'trunk' and
stage-a-cpu (1) / run-cpu	UNKNOWN STEP	2026-09-26T01:43:11.4488023Z hint: 'development'. The just-created branch can be renamed via this command:
stage-a-cpu (1) / run-cpu	UNKNOWN STEP	2026-09-26T01:43:11.4488396Z hint:
stage-a-cpu (1) / run-cpu	UNKNOWN STEP	2026-09-26T01:43:11.4488961Z hint: 	git branch -m <name>
stage-a-cpu (1) / run-cpu	UNKNOWN STEP	2026-09-26T01:43:11.4489358Z hint:
stage-a-cpu (1) / run-cpu	UNKNOWN STEP	2026-09-26T01:43:11.4489916Z hint: Disable this message with "git config set advice.defaultBranchName false"
stage-a-cpu (1) / run-cpu	UNKNOWN STEP	2026-09-26T01:43:11.4490888Z Initialized empty Git repository in /home/runner/work/miles/miles/Megatron-LM/.git/
stage-a-cpu (1) / run-cpu	UNKNOWN STEP	2026-09-26T01:43:11.4495176Z [command]/usr/bin/git remote add origin https://github.com/radixark/Megatron-LM
stage-a-cpu (1) / run-cpu	UNKNOWN STEP	2026-09-26T01:43:11.4526925Z ##[endgroup]
stage-a-cpu (1) / run-cpu	UNKNOWN STEP	2026-09-26T01:43:11.4527553Z ##[group]Disabling automatic garbage collection
stage-a-cpu (1) / run-cpu	UNKNOWN STEP	2026-09-26T01:43:11.4531773Z [command]/usr/bin/git config --local gc.auto 0
stage-a-cpu (1) / run-cpu	UNKNOWN STEP	2026-09-26T01:43:11.4561957Z ##[endgroup]
stage-a-cpu (1) / run-cpu	UNKNOWN STEP	2026-09-26T01:43:11.4562578Z ##[group]Setting up auth
stage-a-cpu (1) / run-cpu	UNKNOWN STEP	2026-09-26T01:43:11.4569864Z [command]/usr/bin/git config --local --name-only --get-regexp core\.sshCommand
stage-a-cpu (1) / run-cpu	UNKNOWN STEP	2026-09-26T01:43:11.4601536Z [command]/usr/bin/git submodule foreach --recursive sh -c "git config --local --name-only --get-regexp 'core\.sshCommand' && git config --local --unset-all 'core.sshCommand' || :"
stage-a-cpu (1) / run-cpu	UNKNOWN STEP	2026-09-26T01:43:11.4823013Z [command]/usr/bin/git config --local --name-only --get-regexp http\.https\:\/\/github\.com\/\.extraheader
stage-a-cpu (1) / run-cpu	UNKNOWN STEP	2026-09-26T01:43:11.4852795Z [command]/usr/bin/git submodule foreach --recursive sh -c "git config --local --name-only --get-regexp 'http\.https\:\/\/github\.com\/\.extraheader' && git config --local --unset-all 'http.https://github.com/.extraheader' || :"
stage-a-cpu (1) / run-cpu	UNKNOWN STEP	2026-09-26T01:43:11.5105792Z [command]/usr/bin/git config --local --name-only --get-regexp ^includeIf\.gitdir:
stage-a-cpu (1) / run-cpu	UNKNOWN STEP	2026-09-26T01:43:11.5136867Z [command]/usr/bin/git submodule foreach --recursive git config --local --show-origin --name-only --get-regexp remote.origin.url
stage-a-cpu (1) / run-cpu	UNKNOWN STEP	2026-09-26T01:43:11.5359205Z [command]/usr/bin/git config --local http.https://github.com/.extraheader AUTHORIZATION: basic ***
stage-a-cpu (1) / run-cpu	UNKNOWN STEP	2026-09-26T01:43:11.5405374Z ##[endgroup]
stage-a-cpu (1) / run-cpu	UNKNOWN STEP	2026-09-26T01:43:11.5405945Z ##[group]Fetching the repository
stage-a-cpu (1) / run-cpu	UNKNOWN STEP	2026-09-26T01:43:11.5414514Z [command]/usr/bin/git -c protocol.version=2 fetch --no-tags --prune --no-recurse-submodules --depth=1 origin +refs/heads/miles-main*:refs/remotes/origin/miles-main* +refs/tags/miles-main*:refs/tags/miles-main*
stage-a-cpu (1) / run-cpu	UNKNOWN STEP	2026-09-26T01:43:13.8306886Z From https://github.com/radixark/Megatron-LM
stage-a-cpu (1) / run-cpu	UNKNOWN STEP	2026-09-26T01:43:13.8307644Z  * [new branch]      miles-main          -> origin/miles-main
stage-a-cpu (1) / run-cpu	UNKNOWN STEP	2026-09-26T01:43:13.8308244Z  * [new branch]      miles-main-20260622 -> origin/miles-main-20260622
stage-a-cpu (1) / run-cpu	UNKNOWN STEP	2026-09-26T01:43:13.8309035Z  * [new branch]      miles-main-test     -> origin/miles-main-test
stage-a-cpu (1) / run-cpu	UNKNOWN STEP	2026-09-26T01:43:13.8311933Z ##[endgroup]
stage-a-cpu (1) / run-cpu	UNKNOWN STEP	2026-09-26T01:43:13.8312532Z ##[group]Determining the checkout info
stage-a-cpu (1) / run-cpu	UNKNOWN STEP	2026-09-26T01:43:13.8319068Z [command]/usr/bin/git branch --list --remote origin/miles-main
stage-a-cpu (1) / run-cpu	UNKNOWN STEP	2026-09-26T01:43:13.8342646Z   origin/miles-main
stage-a-cpu (1) / run-cpu	UNKNOWN STEP	2026-09-26T01:43:13.8346895Z ##[endgroup]
stage-a-cpu (1) / run-cpu	UNKNOWN STEP	2026-09-26T01:43:13.8351745Z [command]/usr/bin/git sparse-checkout disable
stage-a-cpu (1) / run-cpu	UNKNOWN STEP	2026-09-26T01:43:13.8390069Z [command]/usr/bin/git config --local --unset-all extensions.worktreeConfig
stage-a-cpu (1) / run-cpu	UNKNOWN STEP	2026-09-26T01:43:13.8416373Z ##[group]Checking out the ref
stage-a-cpu (1) / run-cpu	UNKNOWN STEP	2026-09-26T01:43:13.8421997Z [command]/usr/bin/git checkout --progress --force -B miles-main refs/remotes/origin/miles-main
stage-a-cpu (1) / run-cpu	UNKNOWN STEP	2026-09-26T01:43:14.1874947Z Switched to a new branch 'miles-main'
stage-a-cpu (1) / run-cpu	UNKNOWN STEP	2026-09-26T01:43:14.1876070Z branch 'miles-main' set up to track 'origin/miles-main'.
stage-a-cpu (1) / run-cpu	UNKNOWN STEP	2026-09-26T01:43:14.1897038Z ##[endgroup]
stage-a-cpu (1) / run-cpu	UNKNOWN STEP	2026-09-26T01:43:14.1937619Z [command]/usr/bin/git log -1 --format=%H
stage-a-cpu (1) / run-cpu	UNKNOWN STEP	2026-09-26T01:43:14.1960326Z f148a32b4385b758b66a77c9c3ad1641f1295d4b
stage-a-cpu (1) / run-cpu	UNKNOWN STEP	2026-09-26T01:43:14.2079476Z ##[group]Run echo "PYTHONPATH=$GITHUB_WORKSPACE:$SGLANG_SOURCE_ROOT:$MEGATRON_SOURCE_ROOT" >> "$GITHUB_ENV"
stage-a-cpu (1) / run-cpu	UNKNOWN STEP	2026-09-26T01:43:14.2080245Z ^[[36;1mecho "PYTHONPATH=$GITHUB_WORKSPACE:$SGLANG_SOURCE_ROOT:$MEGATRON_SOURCE_ROOT" >> "$GITHUB_ENV"^[[0m
stage-a-cpu (1) / run-cpu	UNKNOWN STEP	2026-09-26T01:43:14.2142349Z shell: /usr/bin/bash --noprofile --norc -e -o pipefail {0}
stage-a-cpu (1) / run-cpu	UNKNOWN STEP	2026-09-26T01:43:14.2142686Z env:
stage-a-cpu (1) / run-cpu	UNKNOWN STEP	2026-09-26T01:43:14.2142973Z   SGLANG_SOURCE_ROOT: /home/runner/work/miles/miles/sglang/python
stage-a-cpu (1) / run-cpu	UNKNOWN STEP	2026-09-26T01:43:14.2143421Z   MEGATRON_SOURCE_ROOT: /home/runner/work/miles/miles/Megatron-LM
stage-a-cpu (1) / run-cpu	UNKNOWN STEP	2026-09-26T01:43:14.2143816Z   pythonLocation: /opt/hostedtoolcache/Python/3.11.16/x64
stage-a-cpu (1) / run-cpu	UNKNOWN STEP	2026-09-26T01:43:14.2144248Z   PKG_CONFIG_PATH: /opt/hostedtoolcache/Python/3.11.16/x64/lib/pkgconfig
stage-a-cpu (1) / run-cpu	UNKNOWN STEP	2026-09-26T01:43:14.2144679Z   Python_ROOT_DIR: /opt/hostedtoolcache/Python/3.11.16/x64
stage-a-cpu (1) / run-cpu	UNKNOWN STEP	2026-09-26T01:43:14.2145250Z   Python2_ROOT_DIR: /opt/hostedtoolcache/Python/3.11.16/x64
stage-a-cpu (1) / run-cpu	UNKNOWN STEP	2026-09-26T01:43:14.2145647Z   Python3_ROOT_DIR: /opt/hostedtoolcache/Python/3.11.16/x64
stage-a-cpu (1) / run-cpu	UNKNOWN STEP	2026-09-26T01:43:14.2146021Z   LD_LIBRARY_PATH: /opt/hostedtoolcache/Python/3.11.16/x64/lib
stage-a-cpu (1) / run-cpu	UNKNOWN STEP	2026-09-26T01:43:14.2146381Z   UV_CACHE_DIR: /home/runner/work/_temp/setup-uv-cache
stage-a-cpu (1) / run-cpu	UNKNOWN STEP	2026-09-26T01:43:14.2146677Z ##[endgroup]
stage-a-cpu (1) / run-cpu	UNKNOWN STEP	2026-09-26T01:43:14.2264234Z ##[group]Run uv pip install -r requirements.txt -r tests/ci/requirements-ci-cpu.txt
stage-a-cpu (1) / run-cpu	UNKNOWN STEP	2026-09-26T01:43:14.2264832Z ^[[36;1muv pip install -r requirements.txt -r tests/ci/requirements-ci-cpu.txt^[[0m
stage-a-cpu (1) / run-cpu	UNKNOWN STEP	2026-09-26T01:43:14.2265290Z ^[[36;1mpython tests/ci/verify_source_resolution.py^[[0m
stage-a-cpu (1) / run-cpu	UNKNOWN STEP	2026-09-26T01:43:14.2320640Z shell: /usr/bin/bash --noprofile --norc -e -o pipefail {0}
stage-a-cpu (1) / run-cpu	UNKNOWN STEP	2026-09-26T01:43:14.2320980Z env:
stage-a-cpu (1) / run-cpu	UNKNOWN STEP	2026-09-26T01:43:14.2321266Z   SGLANG_SOURCE_ROOT: /home/runner/work/miles/miles/sglang/python
stage-a-cpu (1) / run-cpu	UNKNOWN STEP	2026-09-26T01:43:14.2321697Z   MEGATRON_SOURCE_ROOT: /home/runner/work/miles/miles/Megatron-LM
stage-a-cpu (1) / run-cpu	UNKNOWN STEP	2026-09-26T01:43:14.2322114Z   pythonLocation: /opt/hostedtoolcache/Python/3.11.16/x64
stage-a-cpu (1) / run-cpu	UNKNOWN STEP	2026-09-26T01:43:14.2322530Z   PKG_CONFIG_PATH: /opt/hostedtoolcache/Python/3.11.16/x64/lib/pkgconfig
stage-a-cpu (1) / run-cpu	UNKNOWN STEP	2026-09-26T01:43:14.2322957Z   Python_ROOT_DIR: /opt/hostedtoolcache/Python/3.11.16/x64
stage-a-cpu (1) / run-cpu	UNKNOWN STEP	2026-09-26T01:43:14.2323333Z   Python2_ROOT_DIR: /opt/hostedtoolcache/Python/3.11.16/x64
stage-a-cpu (1) / run-cpu	UNKNOWN STEP	2026-09-26T01:43:14.2323840Z   Python3_ROOT_DIR: /opt/hostedtoolcache/Python/3.11.16/x64
stage-a-cpu (1) / run-cpu	UNKNOWN STEP	2026-09-26T01:43:14.2324236Z   LD_LIBRARY_PATH: /opt/hostedtoolcache/Python/3.11.16/x64/lib
stage-a-cpu (1) / run-cpu	UNKNOWN STEP	2026-09-26T01:43:14.2324605Z   UV_CACHE_DIR: /home/runner/work/_temp/setup-uv-cache
stage-a-cpu (1) / run-cpu	UNKNOWN STEP	2026-09-26T01:43:14.2325205Z   PYTHONPATH: /home/runner/work/miles/miles:/home/runner/work/miles/miles/sglang/python:/home/runner/work/miles/miles/Megatron-LM
stage-a-cpu (1) / run-cpu	UNKNOWN STEP	2026-09-26T01:43:14.2325760Z   UV_SYSTEM_PYTHON: 1
stage-a-cpu (1) / run-cpu	UNKNOWN STEP	2026-09-26T01:43:14.2325968Z ##[endgroup]
stage-a-cpu (1) / run-cpu	UNKNOWN STEP	2026-09-26T01:43:14.2860949Z Using Python 3.11.16 environment at: /opt/hostedtoolcache/Python/3.11.16/x64
stage-a-cpu (1) / run-cpu	UNKNOWN STEP	2026-09-26T01:43:14.7008151Z Resolved 210 packages in 413ms
stage-a-cpu (1) / run-cpu	UNKNOWN STEP	2026-09-26T01:43:14.7318517Z Downloading nvidia-cuda-runtime (2.1MiB)
stage-a-cpu (1) / run-cpu	UNKNOWN STEP	2026-09-26T01:43:14.7320638Z Downloading networkx (2.0MiB)
stage-a-cpu (1) / run-cpu	UNKNOWN STEP	2026-09-26T01:43:14.7321737Z Downloading nvidia-cufft (204.2MiB)
stage-a-cpu (1) / run-cpu	UNKNOWN STEP	2026-09-26T01:43:14.7322666Z Downloading tokenizers (3.1MiB)
stage-a-cpu (1) / run-cpu	UNKNOWN STEP	2026-09-26T01:43:14.7337526Z Downloading sympy (6.0MiB)
stage-a-cpu (1) / run-cpu	UNKNOWN STEP	2026-09-26T01:43:14.7339094Z Downloading hf-xet (4.3MiB)
stage-a-cpu (1) / run-cpu	UNKNOWN STEP	2026-09-26T01:43:14.7415976Z Downloading cryptography (4.5MiB)
stage-a-cpu (1) / run-cpu	UNKNOWN STEP	2026-09-26T01:43:14.7417283Z Downloading nvidia-cuda-cupti (10.2MiB)
stage-a-cpu (1) / run-cpu	UNKNOWN STEP	2026-09-26T01:43:14.7419233Z Downloading nvidia-nccl-cu13 (187.4MiB)
stage-a-cpu (1) / run-cpu	UNKNOWN STEP	2026-09-26T01:43:14.7421044Z Downloading nvidia-curand (56.8MiB)
stage-a-cpu (1) / run-cpu	UNKNOWN STEP	2026-09-26T01:43:14.7422254Z Downloading zstandard (5.3MiB)
stage-a-cpu (1) / run-cpu	UNKNOWN STEP	2026-09-26T01:43:14.7423748Z Downloading jedi (4.7MiB)
stage-a-cpu (1) / run-cpu	UNKNOWN STEP	2026-09-26T01:43:14.7522456Z Downloading lxml (5.0MiB)
stage-a-cpu (1) / run-cpu	UNKNOWN STEP	2026-09-26T01:43:14.7567773Z Downloading tensorboard-data-server (6.3MiB)
stage-a-cpu (1) / run-cpu	UNKNOWN STEP	2026-09-26T01:43:14.7575302Z Downloading virtualenv (5.2MiB)
stage-a-cpu (1) / run-cpu	UNKNOWN STEP	2026-09-26T01:43:14.7576785Z Downloading torch (506.0MiB)
stage-a-cpu (1) / run-cpu	UNKNOWN STEP	2026-09-26T01:43:14.7578896Z Downloading nvidia-cusolver (191.6MiB)
stage-a-cpu (1) / run-cpu	UNKNOWN STEP	2026-09-26T01:43:14.7588184Z Downloading nvidia-cusparse (139.2MiB)
stage-a-cpu (1) / run-cpu	UNKNOWN STEP	2026-09-26T01:43:14.7589690Z Downloading triton (179.5MiB)
stage-a-cpu (1) / run-cpu	UNKNOWN STEP	2026-09-26T01:43:14.7591149Z Downloading nvidia-cuda-nvrtc (86.0MiB)
stage-a-cpu (1) / run-cpu	UNKNOWN STEP	2026-09-26T01:43:14.7592668Z Downloading nvidia-cublas (403.5MiB)
stage-a-cpu (1) / run-cpu	UNKNOWN STEP	2026-09-26T01:43:14.7595639Z Downloading nvidia-cudnn-cu13 (349.1MiB)
stage-a-cpu (1) / run-cpu	UNKNOWN STEP	2026-09-26T01:43:14.7614892Z Downloading grpcio-tools (2.6MiB)
stage-a-cpu (1) / run-cpu	UNKNOWN STEP	2026-09-26T01:43:14.7616321Z Downloading grpcio (6.9MiB)
stage-a-cpu (1) / run-cpu	UNKNOWN STEP	2026-09-26T01:43:14.7619042Z Downloading wandb (24.9MiB)
stage-a-cpu (1) / run-cpu	UNKNOWN STEP	2026-09-26T01:43:14.7619822Z Downloading nvidia-nvshmem-cu13 (57.6MiB)
stage-a-cpu (1) / run-cpu	UNKNOWN STEP	2026-09-26T01:43:14.7621653Z Downloading torchft-nightly (2.4MiB)
stage-a-cpu (1) / run-cpu	UNKNOWN STEP	2026-09-26T01:43:14.7678640Z Downloading tensorboard (5.3MiB)
stage-a-cpu (1) / run-cpu	UNKNOWN STEP	2026-09-26T01:43:14.7681545Z Downloading pyqwest (5.4MiB)
stage-a-cpu (1) / run-cpu	UNKNOWN STEP	2026-09-26T01:43:14.7682781Z Downloading pillow (6.6MiB)
stage-a-cpu (1) / run-cpu	UNKNOWN STEP	2026-09-26T01:43:14.7685489Z Downloading sglang-router (29.3MiB)
stage-a-cpu (1) / run-cpu	UNKNOWN STEP	2026-09-26T01:43:14.7687231Z Downloading ray (74.7MiB)
stage-a-cpu (1) / run-cpu	UNKNOWN STEP	2026-09-26T01:43:14.7689180Z Downloading cuda-bindings (6.8MiB)
stage-a-cpu (1) / run-cpu	UNKNOWN STEP	2026-09-26T01:43:14.7690968Z Downloading onnx (8.5MiB)
stage-a-cpu (1) / run-cpu	UNKNOWN STEP	2026-09-26T01:43:14.7734267Z Downloading memray (9.2MiB)
stage-a-cpu (1) / run-cpu	UNKNOWN STEP	2026-09-26T01:43:14.7736435Z Downloading xgrammar (42.6MiB)
stage-a-cpu (1) / run-cpu	UNKNOWN STEP	2026-09-26T01:43:14.7738892Z Downloading torchvision (7.2MiB)
stage-a-cpu (1) / run-cpu	UNKNOWN STEP	2026-09-26T01:43:14.7772528Z Downloading polars-runtime-32 (54.6MiB)
stage-a-cpu (1) / run-cpu	UNKNOWN STEP	2026-09-26T01:43:14.7841751Z Downloading apache-tvm-ffi (3.1MiB)
stage-a-cpu (1) / run-cpu	UNKNOWN STEP	2026-09-26T01:43:14.7932411Z Downloading psycopg-binary (5.0MiB)
stage-a-cpu (1) / run-cpu	UNKNOWN STEP	2026-09-26T01:43:14.7969297Z Downloading transformers (10.6MiB)
stage-a-cpu (1) / run-cpu	UNKNOWN STEP	2026-09-26T01:43:14.7972074Z Downloading py-spy (2.8MiB)
stage-a-cpu (1) / run-cpu	UNKNOWN STEP	2026-09-26T01:43:14.7977010Z Downloading pycryptodomex (2.2MiB)
stage-a-cpu (1) / run-cpu	UNKNOWN STEP	2026-09-26T01:43:14.7978200Z Downloading numpy (16.1MiB)
stage-a-cpu (1) / run-cpu	UNKNOWN STEP	2026-09-26T01:43:14.7983371Z Downloading pandas (10.6MiB)
stage-a-cpu (1) / run-cpu	UNKNOWN STEP	2026-09-26T01:43:14.7992601Z Downloading pyarrow (47.7MiB)
stage-a-cpu (1) / run-cpu	UNKNOWN STEP	2026-09-26T01:43:14.7994114Z Downloading nvidia-nvjitlink (38.8MiB)
stage-a-cpu (1) / run-cpu	UNKNOWN STEP	2026-09-26T01:43:14.7997679Z Downloading av (34.1MiB)
stage-a-cpu (1) / run-cpu	UNKNOWN STEP	2026-09-26T01:43:14.8000650Z Downloading nvidia-cusparselt-cu13 (162.0MiB)
stage-a-cpu (1) / run-cpu	UNKNOWN STEP	2026-09-26T01:43:14.8003331Z Downloading kubernetes-asyncio (2.9MiB)
stage-a-cpu (1) / run-cpu	UNKNOWN STEP	2026-09-26T01:43:15.2488067Z  Downloaded networkx
stage-a-cpu (1) / run-cpu	UNKNOWN STEP	2026-09-26T01:43:15.2738172Z Downloading pydantic-core (2.0MiB)
stage-a-cpu (1) / run-cpu	UNKNOWN STEP	2026-09-26T01:43:15.2916082Z  Downloaded nvidia-cuda-runtime
stage-a-cpu (1) / run-cpu	UNKNOWN STEP	2026-09-26T01:43:15.3165683Z Downloading aiohttp (1.7MiB)
stage-a-cpu (1) / run-cpu	UNKNOWN STEP	2026-09-26T01:43:15.3449768Z  Downloaded torchft-nightly
stage-a-cpu (1) / run-cpu	UNKNOWN STEP	2026-09-26T01:43:15.3468714Z  Downloaded pycryptodomex
stage-a-cpu (1) / run-cpu	UNKNOWN STEP	2026-09-26T01:43:15.3850254Z Downloading sentencepiece (1.3MiB)
stage-a-cpu (1) / run-cpu	UNKNOWN STEP	2026-09-26T01:43:15.3871751Z Downloading pygments (1.2MiB)
stage-a-cpu (1) / run-cpu	UNKNOWN STEP	2026-09-26T01:43:15.4392624Z  Downloaded grpcio-tools
stage-a-cpu (1) / run-cpu	UNKNOWN STEP	2026-09-26T01:43:15.4617503Z Downloading nvidia-cufile (1.2MiB)
stage-a-cpu (1) / run-cpu	UNKNOWN STEP	2026-09-26T01:43:15.4939904Z  Downloaded py-spy
stage-a-cpu (1) / run-cpu	UNKNOWN STEP	2026-09-26T01:43:15.5304662Z Downloading hypothesis (1.1MiB)
stage-a-cpu (1) / run-cpu	UNKNOWN STEP	2026-09-26T01:43:15.5379553Z  Downloaded kubernetes-asyncio
stage-a-cpu (1) / run-cpu	UNKNOWN STEP	2026-09-26T01:43:15.5534997Z  Downloaded tokenizers
stage-a-cpu (1) / run-cpu	UNKNOWN STEP	2026-09-26T01:43:15.5562010Z  Downloaded apache-tvm-ffi
stage-a-cpu (1) / run-cpu	UNKNOWN STEP	2026-09-26T01:43:15.5635434Z Downloading tiktoken (1.1MiB)
stage-a-cpu (1) / run-cpu	UNKNOWN STEP	2026-09-26T01:43:15.7264682Z  Downloaded pygments
stage-a-cpu (1) / run-cpu	UNKNOWN STEP	2026-09-26T01:43:15.7612685Z  Downloaded sentencepiece
stage-a-cpu (1) / run-cpu	UNKNOWN STEP	2026-09-26T01:43:15.7684993Z  Downloaded pydantic-core
stage-a-cpu (1) / run-cpu	UNKNOWN STEP	2026-09-26T01:43:15.7773716Z  Downloaded aiohttp
stage-a-cpu (1) / run-cpu	UNKNOWN STEP	2026-09-26T01:43:15.7787063Z  Downloaded nvidia-cufile
stage-a-cpu (1) / run-cpu	UNKNOWN STEP	2026-09-26T01:43:15.8266128Z  Downloaded hf-xet
stage-a-cpu (1) / run-cpu	UNKNOWN STEP	2026-09-26T01:43:15.8282122Z  Downloaded hypothesis
stage-a-cpu (1) / run-cpu	UNKNOWN STEP	2026-09-26T01:43:15.8491093Z  Downloaded tiktoken
stage-a-cpu (1) / run-cpu	UNKNOWN STEP	2026-09-26T01:43:15.9476411Z  Downloaded jedi
stage-a-cpu (1) / run-cpu	UNKNOWN STEP	2026-09-26T01:43:15.9477268Z  Downloaded cryptography
stage-a-cpu (1) / run-cpu	UNKNOWN STEP	2026-09-26T01:43:16.0437970Z  Downloaded lxml
stage-a-cpu (1) / run-cpu	UNKNOWN STEP	2026-09-26T01:43:16.0629835Z  Downloaded psycopg-binary
stage-a-cpu (1) / run-cpu	UNKNOWN STEP	2026-09-26T01:43:16.1065236Z  Downloaded tensorboard
stage-a-cpu (1) / run-cpu	UNKNOWN STEP	2026-09-26T01:43:16.1076962Z  Downloaded virtualenv
stage-a-cpu (1) / run-cpu	UNKNOWN STEP	2026-09-26T01:43:16.1238181Z  Downloaded pyqwest
stage-a-cpu (1) / run-cpu	UNKNOWN STEP	2026-09-26T01:43:16.1256408Z  Downloaded zstandard
stage-a-cpu (1) / run-cpu	UNKNOWN STEP	2026-09-26T01:43:16.2622381Z  Downloaded sympy
stage-a-cpu (1) / run-cpu	UNKNOWN STEP	2026-09-26T01:43:16.3980031Z  Downloaded tensorboard-data-server
stage-a-cpu (1) / run-cpu	UNKNOWN STEP	2026-09-26T01:43:16.4608919Z  Downloaded pillow
stage-a-cpu (1) / run-cpu	UNKNOWN STEP	2026-09-26T01:43:16.5145589Z  Downloaded cuda-bindings
stage-a-cpu (1) / run-cpu	UNKNOWN STEP	2026-09-26T01:43:16.5190333Z  Downloaded grpcio
stage-a-cpu (1) / run-cpu	UNKNOWN STEP	2026-09-26T01:43:16.5925883Z  Downloaded torchvision
stage-a-cpu (1) / run-cpu	UNKNOWN STEP	2026-09-26T01:43:16.7931994Z  Downloaded onnx
stage-a-cpu (1) / run-cpu	UNKNOWN STEP	2026-09-26T01:43:16.8700098Z  Downloaded memray
stage-a-cpu (1) / run-cpu	UNKNOWN STEP	2026-09-26T01:43:17.0036509Z  Downloaded nvidia-cuda-cupti
stage-a-cpu (1) / run-cpu	UNKNOWN STEP	2026-09-26T01:43:17.0355363Z  Downloaded transformers
stage-a-cpu (1) / run-cpu	UNKNOWN STEP	2026-09-26T01:43:17.0356486Z  Downloaded pandas
stage-a-cpu (1) / run-cpu	UNKNOWN STEP	2026-09-26T01:43:17.5232135Z  Downloaded numpy
stage-a-cpu (1) / run-cpu	UNKNOWN STEP	2026-09-26T01:43:18.5876362Z  Downloaded sglang-router
stage-a-cpu (1) / run-cpu	UNKNOWN STEP	2026-09-26T01:43:18.5921633Z  Downloaded wandb
stage-a-cpu (1) / run-cpu	UNKNOWN STEP	2026-09-26T01:43:18.9662032Z  Downloaded av
stage-a-cpu (1) / run-cpu	UNKNOWN STEP	2026-09-26T01:43:19.3439730Z  Downloaded nvidia-nvjitlink
stage-a-cpu (1) / run-cpu	UNKNOWN STEP	2026-09-26T01:43:19.5637279Z  Downloaded xgrammar
stage-a-cpu (1) / run-cpu	UNKNOWN STEP	2026-09-26T01:43:19.7867740Z  Downloaded pyarrow
stage-a-cpu (1) / run-cpu	UNKNOWN STEP	2026-09-26T01:43:20.0529669Z  Downloaded polars-runtime-32
stage-a-cpu (1) / run-cpu	UNKNOWN STEP	2026-09-26T01:43:20.2048711Z  Downloaded nvidia-curand
stage-a-cpu (1) / run-cpu	UNKNOWN STEP	2026-09-26T01:43:20.2292696Z  Downloaded nvidia-nvshmem-cu13
stage-a-cpu (1) / run-cpu	UNKNOWN STEP	2026-09-26T01:43:20.7864337Z  Downloaded ray
stage-a-cpu (1) / run-cpu	UNKNOWN STEP	2026-09-26T01:43:21.2339599Z  Downloaded nvidia-cuda-nvrtc
stage-a-cpu (1) / run-cpu	UNKNOWN STEP	2026-09-26T01:43:22.6710005Z  Downloaded nvidia-cusparse
stage-a-cpu (1) / run-cpu	UNKNOWN STEP	2026-09-26T01:43:23.4033336Z  Downloaded nvidia-cusparselt-cu13
stage-a-cpu (1) / run-cpu	UNKNOWN STEP	2026-09-26T01:43:24.1538610Z  Downloaded triton
stage-a-cpu (1) / run-cpu	UNKNOWN STEP	2026-09-26T01:43:24.1842484Z  Downloaded nvidia-nccl-cu13
stage-a-cpu (1) / run-cpu	UNKNOWN STEP	2026-09-26T01:43:24.2166605Z  Downloaded nvidia-cusolver
stage-a-cpu (1) / run-cpu	UNKNOWN STEP	2026-09-26T01:43:24.3694912Z  Downloaded nvidia-cufft
stage-a-cpu (1) / run-cpu	UNKNOWN STEP	2026-09-26T01:43:25.7399082Z  Downloaded nvidia-cudnn-cu13
stage-a-cpu (1) / run-cpu	UNKNOWN STEP	2026-09-26T01:43:26.1395368Z  Downloaded nvidia-cublas
stage-a-cpu (1) / run-cpu	UNKNOWN STEP	2026-09-26T01:43:27.8173080Z  Downloaded torch
stage-a-cpu (1) / run-cpu	UNKNOWN STEP	2026-09-26T01:43:27.8174182Z Prepared 209 packages in 13.11s
stage-a-cpu (1) / run-cpu	UNKNOWN STEP	2026-09-26T01:43:32.0563984Z Installed 209 packages in 4.23s
stage-a-cpu (1) / run-cpu	UNKNOWN STEP	2026-09-26T01:43:32.0570719Z  + absl-py==2.5.0
stage-a-cpu (1) / run-cpu	UNKNOWN STEP	2026-09-26T01:43:32.0571403Z  + accelerate==1.15.0
stage-a-cpu (1) / run-cpu	UNKNOWN STEP	2026-09-26T01:43:32.0571890Z  + aiohappyeyeballs==2.7.1
stage-a-cpu (1) / run-cpu	UNKNOWN STEP	2026-09-26T01:43:32.0572362Z  + aiohttp==3.14.3
stage-a-cpu (1) / run-cpu	UNKNOWN STEP	2026-09-26T01:43:32.0572795Z  + aiohttp-cors==0.8.1
stage-a-cpu (1) / run-cpu	UNKNOWN STEP	2026-09-26T01:43:32.0573241Z  + aiosignal==1.4.0
stage-a-cpu (1) / run-cpu	UNKNOWN STEP	2026-09-26T01:43:32.0573666Z  + annotated-doc==0.0.5
stage-a-cpu (1) / run-cpu	UNKNOWN STEP	2026-09-26T01:43:32.0574116Z  + annotated-types==0.8.0
stage-a-cpu (1) / run-cpu	UNKNOWN STEP	2026-09-26T01:43:32.0574615Z  + antlr4-python3-runtime==4.9.3
stage-a-cpu (1) / run-cpu	UNKNOWN STEP	2026-09-26T01:43:32.0575154Z  + anyio==4.15.1
stage-a-cpu (1) / run-cpu	UNKNOWN STEP	2026-09-26T01:43:32.0575581Z  + apache-tvm-ffi==0.1.14.post1
stage-a-cpu (1) / run-cpu	UNKNOWN STEP	2026-09-26T01:43:32.0576078Z  + asttokens==3.0.2
stage-a-cpu (1) / run-cpu	UNKNOWN STEP	2026-09-26T01:43:32.0576505Z  + attrs==26.1.0
stage-a-cpu (1) / run-cpu	UNKNOWN STEP	2026-09-26T01:43:32.0576902Z  + av==18.1.0
stage-a-cpu (1) / run-cpu	UNKNOWN STEP	2026-09-26T01:43:32.0577289Z  + blake3==1.0.9
stage-a-cpu (1) / run-cpu	UNKNOWN STEP	2026-09-26T01:43:32.0577687Z  + blobfile==3.3.0
stage-a-cpu (1) / run-cpu	UNKNOWN STEP	2026-09-26T01:43:32.0578118Z  + certifi==2026.7.22
stage-a-cpu (1) / run-cpu	UNKNOWN STEP	2026-09-26T01:43:32.0578750Z  + cffi==2.1.1
stage-a-cpu (1) / run-cpu	UNKNOWN STEP	2026-09-26T01:43:32.0579172Z  + charset-normalizer==3.5.1
stage-a-cpu (1) / run-cpu	UNKNOWN STEP	2026-09-26T01:43:32.0579646Z  + click==8.5.0
stage-a-cpu (1) / run-cpu	UNKNOWN STEP	2026-09-26T01:43:32.0580053Z  + colorful==0.5.8
stage-a-cpu (1) / run-cpu	UNKNOWN STEP	2026-09-26T01:43:32.0580493Z  + compressed-tensors==0.17.1
stage-a-cpu (1) / run-cpu	UNKNOWN STEP	2026-09-26T01:43:32.0580994Z  + cryptography==50.0.1
stage-a-cpu (1) / run-cpu	UNKNOWN STEP	2026-09-26T01:43:32.0581457Z  + cuda-bindings==13.4.3
stage-a-cpu (1) / run-cpu	UNKNOWN STEP	2026-09-26T01:43:32.0581931Z  + cuda-pathfinder==1.8.2
stage-a-cpu (1) / run-cpu	UNKNOWN STEP	2026-09-26T01:43:32.0582418Z  + cuda-toolkit==13.0.2
stage-a-cpu (1) / run-cpu	UNKNOWN STEP	2026-09-26T01:43:32.0582858Z  + datasets==5.0.1
stage-a-cpu (1) / run-cpu	UNKNOWN STEP	2026-09-26T01:43:32.0583280Z  + decorator==5.3.1
stage-a-cpu (1) / run-cpu	UNKNOWN STEP	2026-09-26T01:43:32.0583712Z  + defusedxml==0.7.1
stage-a-cpu (1) / run-cpu	UNKNOWN STEP	2026-09-26T01:43:32.0584109Z  + dill==0.4.1
stage-a-cpu (1) / run-cpu	UNKNOWN STEP	2026-09-26T01:43:32.0584454Z  + distlib==0.4.3
stage-a-cpu (1) / run-cpu	UNKNOWN STEP	2026-09-26T01:43:32.0584809Z  + distro==1.9.0
stage-a-cpu (1) / run-cpu	UNKNOWN STEP	2026-09-26T01:43:32.0585169Z  + einops==0.8.2
stage-a-cpu (1) / run-cpu	UNKNOWN STEP	2026-09-26T01:43:32.0585535Z  + executing==2.2.1
stage-a-cpu (1) / run-cpu	UNKNOWN STEP	2026-09-26T01:43:32.0585896Z  + fastapi==0.141.1
stage-a-cpu (1) / run-cpu	UNKNOWN STEP	2026-09-26T01:43:32.0586256Z  + filelock==4.0.3
stage-a-cpu (1) / run-cpu	UNKNOWN STEP	2026-09-26T01:43:32.0586622Z  + frozenlist==1.8.0
stage-a-cpu (1) / run-cpu	UNKNOWN STEP	2026-09-26T01:43:32.0587015Z  + fsspec==2026.6.0
stage-a-cpu (1) / run-cpu	UNKNOWN STEP	2026-09-26T01:43:32.0587383Z  + gguf==0.19.0
stage-a-cpu (1) / run-cpu	UNKNOWN STEP	2026-09-26T01:43:32.0587769Z  + google-api-core==2.39.0
stage-a-cpu (1) / run-cpu	UNKNOWN STEP	2026-09-26T01:43:32.0588200Z  + google-auth==2.58.1
stage-a-cpu (1) / run-cpu	UNKNOWN STEP	2026-09-26T01:43:32.0588765Z  + googleapis-common-protos==1.75.4
stage-a-cpu (1) / run-cpu	UNKNOWN STEP	2026-09-26T01:43:32.0589228Z  + grpcio==1.84.0
stage-a-cpu (1) / run-cpu	UNKNOWN STEP	2026-09-26T01:43:32.0589613Z  + grpcio-tools==1.84.0
stage-a-cpu (1) / run-cpu	UNKNOWN STEP	2026-09-26T01:43:32.0590011Z  + h11==0.16.0
stage-a-cpu (1) / run-cpu	UNKNOWN STEP	2026-09-26T01:43:32.0590353Z  + h2==4.4.1
stage-a-cpu (1) / run-cpu	UNKNOWN STEP	2026-09-26T01:43:32.0590698Z  + hf-xet==1.6.0
stage-a-cpu (1) / run-cpu	UNKNOWN STEP	2026-09-26T01:43:32.0591061Z  + hpack==4.2.0
stage-a-cpu (1) / run-cpu	UNKNOWN STEP	2026-09-26T01:43:32.0591423Z  + httpcore==1.0.9
stage-a-cpu (1) / run-cpu	UNKNOWN STEP	2026-09-26T01:43:32.0591798Z  + httpcore2==2.13.1
stage-a-cpu (1) / run-cpu	UNKNOWN STEP	2026-09-26T01:43:32.0592180Z  + httpx==0.28.1
stage-a-cpu (1) / run-cpu	UNKNOWN STEP	2026-09-26T01:43:32.0592549Z  + httpx2==2.13.1
stage-a-cpu (1) / run-cpu	UNKNOWN STEP	2026-09-26T01:43:32.0592954Z  + huggingface-hub==1.33.0
stage-a-cpu (1) / run-cpu	UNKNOWN STEP	2026-09-26T01:43:32.0593380Z  + hyperframe==6.1.0
stage-a-cpu (1) / run-cpu	UNKNOWN STEP	2026-09-26T01:43:32.0593769Z  + hypothesis==6.168.1
stage-a-cpu (1) / run-cpu	UNKNOWN STEP	2026-09-26T01:43:32.0594155Z  + idna==3.20
stage-a-cpu (1) / run-cpu	UNKNOWN STEP	2026-09-26T01:43:32.0594510Z  + iniconfig==2.3.0
stage-a-cpu (1) / run-cpu	UNKNOWN STEP	2026-09-26T01:43:32.0594873Z  + ipython==9.15.0
stage-a-cpu (1) / run-cpu	UNKNOWN STEP	2026-09-26T01:43:32.0595288Z  + ipython-pygments-lexers==1.1.1
stage-a-cpu (1) / run-cpu	UNKNOWN STEP	2026-09-26T01:43:32.0595754Z  + jedi==0.20.0
stage-a-cpu (1) / run-cpu	UNKNOWN STEP	2026-09-26T01:43:32.0596108Z  + jinja2==3.1.6
stage-a-cpu (1) / run-cpu	UNKNOWN STEP	2026-09-26T01:43:32.0596455Z  + jiter==0.17.0
stage-a-cpu (1) / run-cpu	UNKNOWN STEP	2026-09-26T01:43:32.0596831Z  + jsonschema==4.26.0
stage-a-cpu (1) / run-cpu	UNKNOWN STEP	2026-09-26T01:43:32.0597268Z  + jsonschema-specifications==2025.9.1
stage-a-cpu (1) / run-cpu	UNKNOWN STEP	2026-09-26T01:43:32.0597785Z  + kubernetes-asyncio==36.1.0
stage-a-cpu (1) / run-cpu	UNKNOWN STEP	2026-09-26T01:43:32.0598234Z  + linkify-it-py==2.2.0
stage-a-cpu (1) / run-cpu	UNKNOWN STEP	2026-09-26T01:43:32.0598899Z  + loguru==0.7.3
stage-a-cpu (1) / run-cpu	UNKNOWN STEP	2026-09-26T01:43:32.0599278Z  + lxml==6.1.3
stage-a-cpu (1) / run-cpu	UNKNOWN STEP	2026-09-26T01:43:32.0599639Z  + markdown==3.11
stage-a-cpu (1) / run-cpu	UNKNOWN STEP	2026-09-26T01:43:32.0600031Z  + markdown-it-py==4.2.0
stage-a-cpu (1) / run-cpu	UNKNOWN STEP	2026-09-26T01:43:32.0600799Z  + markupsafe==3.0.3
stage-a-cpu (1) / run-cpu	UNKNOWN STEP	2026-09-26T01:43:32.0601209Z  + matplotlib-inline==0.2.2
stage-a-cpu (1) / run-cpu	UNKNOWN STEP	2026-09-26T01:43:32.0601630Z  + mcp==2.2.0
stage-a-cpu (1) / run-cpu	UNKNOWN STEP	2026-09-26T01:43:32.0601978Z  + mcp-types==2.2.0
stage-a-cpu (1) / run-cpu	UNKNOWN STEP	2026-09-26T01:43:32.0602369Z  + mdit-py-plugins==0.6.1
stage-a-cpu (1) / run-cpu	UNKNOWN STEP	2026-09-26T01:43:32.0602786Z  + mdurl==0.1.2
stage-a-cpu (1) / run-cpu	UNKNOWN STEP	2026-09-26T01:43:32.0603147Z  + memray==1.20.0
stage-a-cpu (1) / run-cpu	UNKNOWN STEP	2026-09-26T01:43:32.0604023Z  + ml-dtypes==0.6.0
stage-a-cpu (1) / run-cpu	UNKNOWN STEP	2026-09-26T01:43:32.0604891Z  + mpmath==1.3.0
stage-a-cpu (1) / run-cpu	UNKNOWN STEP	2026-09-26T01:43:32.0605417Z  + msgpack==1.2.2
stage-a-cpu (1) / run-cpu	UNKNOWN STEP	2026-09-26T01:43:32.0606063Z  + msgspec==0.21.1
stage-a-cpu (1) / run-cpu	UNKNOWN STEP	2026-09-26T01:43:32.0606651Z  + multidict==6.9.1
stage-a-cpu (1) / run-cpu	UNKNOWN STEP	2026-09-26T01:43:32.0607340Z  + multiprocess==0.70.19
stage-a-cpu (1) / run-cpu	UNKNOWN STEP	2026-09-26T01:43:32.0607925Z  + networkx==3.6.1
stage-a-cpu (1) / run-cpu	UNKNOWN STEP	2026-09-26T01:43:32.0608594Z  + numpy==2.4.6
stage-a-cpu (1) / run-cpu	UNKNOWN STEP	2026-09-26T01:43:32.0609294Z  + nvidia-cublas==13.1.0.3
stage-a-cpu (1) / run-cpu	UNKNOWN STEP	2026-09-26T01:43:32.0610073Z  + nvidia-cuda-cupti==13.0.85
stage-a-cpu (1) / run-cpu	UNKNOWN STEP	2026-09-26T01:43:32.0610781Z  + nvidia-cuda-nvrtc==13.0.88
stage-a-cpu (1) / run-cpu	UNKNOWN STEP	2026-09-26T01:43:32.0621983Z  + nvidia-cuda-runtime==13.0.96
stage-a-cpu (1) / run-cpu	UNKNOWN STEP	2026-09-26T01:43:32.0622422Z  + nvidia-cudnn-cu13==9.19.0.56
stage-a-cpu (1) / run-cpu	UNKNOWN STEP	2026-09-26T01:43:32.0622837Z  + nvidia-cufft==12.0.0.61
stage-a-cpu (1) / run-cpu	UNKNOWN STEP	2026-09-26T01:43:32.0623269Z  + nvidia-cufile==1.15.1.6
stage-a-cpu (1) / run-cpu	UNKNOWN STEP	2026-09-26T01:43:32.0623673Z  + nvidia-curand==10.4.0.35
stage-a-cpu (1) / run-cpu	UNKNOWN STEP	2026-09-26T01:43:32.0624084Z  + nvidia-cusolver==12.0.4.66
stage-a-cpu (1) / run-cpu	UNKNOWN STEP	2026-09-26T01:43:32.0624493Z  + nvidia-cusparse==12.6.3.3
stage-a-cpu (1) / run-cpu	UNKNOWN STEP	2026-09-26T01:43:32.0624929Z  + nvidia-cusparselt-cu13==0.8.0
stage-a-cpu (1) / run-cpu	UNKNOWN STEP	2026-09-26T01:43:32.0625361Z  + nvidia-ml-py==13.615.71
stage-a-cpu (1) / run-cpu	UNKNOWN STEP	2026-09-26T01:43:32.0625765Z  + nvidia-nccl-cu13==2.28.9
stage-a-cpu (1) / run-cpu	UNKNOWN STEP	2026-09-26T01:43:32.0626165Z  + nvidia-nvjitlink==13.0.88
stage-a-cpu (1) / run-cpu	UNKNOWN STEP	2026-09-26T01:43:32.0626578Z  + nvidia-nvshmem-cu13==3.4.5
stage-a-cpu (1) / run-cpu	UNKNOWN STEP	2026-09-26T01:43:32.0626984Z  + nvidia-nvtx==13.0.85
stage-a-cpu (1) / run-cpu	UNKNOWN STEP	2026-09-26T01:43:32.0627375Z  + nvidia-resiliency-ext==0.6.0
stage-a-cpu (1) / run-cpu	UNKNOWN STEP	2026-09-26T01:43:32.0627797Z  + omegaconf==2.3.1
stage-a-cpu (1) / run-cpu	UNKNOWN STEP	2026-09-26T01:43:32.0628010Z  + onnx==1.23.0
stage-a-cpu (1) / run-cpu	UNKNOWN STEP	2026-09-26T01:43:32.0628209Z  + onnx-ir==1.0.0
stage-a-cpu (1) / run-cpu	UNKNOWN STEP	2026-09-26T01:43:32.0628650Z  + onnxscript==0.7.2
stage-a-cpu (1) / run-cpu	UNKNOWN STEP	2026-09-26T01:43:32.0628907Z  + openai==2.6.1
stage-a-cpu (1) / run-cpu	UNKNOWN STEP	2026-09-26T01:43:32.0629111Z  + opencensus==0.11.4
stage-a-cpu (1) / run-cpu	UNKNOWN STEP	2026-09-26T01:43:32.0629346Z  + opencensus-context==0.1.3
stage-a-cpu (1) / run-cpu	UNKNOWN STEP	2026-09-26T01:43:32.0629597Z  + opentelemetry-api==1.45.0
stage-a-cpu (1) / run-cpu	UNKNOWN STEP	2026-09-26T01:43:32.0629881Z  + opentelemetry-exporter-http-transport==0.66b0
stage-a-cpu (1) / run-cpu	UNKNOWN STEP	2026-09-26T01:43:32.0630237Z  + opentelemetry-exporter-otlp-common==0.66b0
stage-a-cpu (1) / run-cpu	UNKNOWN STEP	2026-09-26T01:43:32.0630591Z  + opentelemetry-exporter-otlp-proto-common==1.45.0
stage-a-cpu (1) / run-cpu	UNKNOWN STEP	2026-09-26T01:43:32.0630959Z  + opentelemetry-exporter-otlp-proto-http==1.45.0
stage-a-cpu (1) / run-cpu	UNKNOWN STEP	2026-09-26T01:43:32.0631369Z  + opentelemetry-exporter-prometheus==0.66b0
stage-a-cpu (1) / run-cpu	UNKNOWN STEP	2026-09-26T01:43:32.0631679Z  + opentelemetry-proto==1.45.0
stage-a-cpu (1) / run-cpu	UNKNOWN STEP	2026-09-26T01:43:32.0631933Z  + opentelemetry-sdk==1.45.0
stage-a-cpu (1) / run-cpu	UNKNOWN STEP	2026-09-26T01:43:32.0632205Z  + opentelemetry-semantic-conventions==0.66b0
stage-a-cpu (1) / run-cpu	UNKNOWN STEP	2026-09-26T01:43:32.0632488Z  + orjson==3.12.0
stage-a-cpu (1) / run-cpu	UNKNOWN STEP	2026-09-26T01:43:32.0632691Z  + packaging==26.3
stage-a-cpu (1) / run-cpu	UNKNOWN STEP	2026-09-26T01:43:32.0632898Z  + pandas==3.0.6
stage-a-cpu (1) / run-cpu	UNKNOWN STEP	2026-09-26T01:43:32.0633091Z  + parso==0.8.7
stage-a-cpu (1) / run-cpu	UNKNOWN STEP	2026-09-26T01:43:32.0633308Z  + partial-json-parser==0.2.1.1.post7
stage-a-cpu (1) / run-cpu	UNKNOWN STEP	2026-09-26T01:43:32.0633566Z  + pexpect==4.9.0
stage-a-cpu (1) / run-cpu	UNKNOWN STEP	2026-09-26T01:43:32.0633763Z  + pillow==12.3.0
stage-a-cpu (1) / run-cpu	UNKNOWN STEP	2026-09-26T01:43:32.0633960Z  + platformdirs==4.11.14
stage-a-cpu (1) / run-cpu	UNKNOWN STEP	2026-09-26T01:43:32.0634188Z  + pluggy==1.6.0
stage-a-cpu (1) / run-cpu	UNKNOWN STEP	2026-09-26T01:43:32.0634377Z  + polars==1.42.1
stage-a-cpu (1) / run-cpu	UNKNOWN STEP	2026-09-26T01:43:32.0634607Z  + polars-runtime-32==1.42.1
stage-a-cpu (1) / run-cpu	UNKNOWN STEP	2026-09-26T01:43:32.0634853Z  + prometheus-client==0.26.0
stage-a-cpu (1) / run-cpu	UNKNOWN STEP	2026-09-26T01:43:32.0635093Z  + prompt-toolkit==3.0.53
stage-a-cpu (1) / run-cpu	UNKNOWN STEP	2026-09-26T01:43:32.0635319Z  + propcache==0.5.4
stage-a-cpu (1) / run-cpu	UNKNOWN STEP	2026-09-26T01:43:32.0635525Z  + proto-plus==1.28.4
stage-a-cpu (1) / run-cpu	UNKNOWN STEP	2026-09-26T01:43:32.0635738Z  + protobuf==7.36.2
stage-a-cpu (1) / run-cpu	UNKNOWN STEP	2026-09-26T01:43:32.0635934Z  + psutil==7.2.2
stage-a-cpu (1) / run-cpu	UNKNOWN STEP	2026-09-26T01:43:32.0636132Z  + psycopg==3.3.6
stage-a-cpu (1) / run-cpu	UNKNOWN STEP	2026-09-26T01:43:32.0636335Z  + psycopg-binary==3.3.6
stage-a-cpu (1) / run-cpu	UNKNOWN STEP	2026-09-26T01:43:32.0636559Z  + ptyprocess==0.7.0
stage-a-cpu (1) / run-cpu	UNKNOWN STEP	2026-09-26T01:43:32.0636764Z  + pure-eval==0.2.4
stage-a-cpu (1) / run-cpu	UNKNOWN STEP	2026-09-26T01:43:32.0636963Z  + py-spy==0.4.2
stage-a-cpu (1) / run-cpu	UNKNOWN STEP	2026-09-26T01:43:32.0637153Z  + pyarrow==25.0.1
stage-a-cpu (1) / run-cpu	UNKNOWN STEP	2026-09-26T01:43:32.0637349Z  + pyasn1==0.6.4
stage-a-cpu (1) / run-cpu	UNKNOWN STEP	2026-09-26T01:43:32.0637549Z  + pyasn1-modules==0.4.2
stage-a-cpu (1) / run-cpu	UNKNOWN STEP	2026-09-26T01:43:32.0637770Z  + pybase64==1.5.0
stage-a-cpu (1) / run-cpu	UNKNOWN STEP	2026-09-26T01:43:32.0637968Z  + pycparser==3.0
stage-a-cpu (1) / run-cpu	UNKNOWN STEP	2026-09-26T01:43:32.0638173Z  + pycryptodomex==3.23.0
stage-a-cpu (1) / run-cpu	UNKNOWN STEP	2026-09-26T01:43:32.0638902Z  + pydantic==2.13.5
stage-a-cpu (1) / run-cpu	UNKNOWN STEP	2026-09-26T01:43:32.0639234Z  + pydantic-core==2.46.5
stage-a-cpu (1) / run-cpu	UNKNOWN STEP	2026-09-26T01:43:32.0639597Z  + pygments==2.21.0
stage-a-cpu (1) / run-cpu	UNKNOWN STEP	2026-09-26T01:43:32.0639899Z  + pyjwt==2.15.0
stage-a-cpu (1) / run-cpu	UNKNOWN STEP	2026-09-26T01:43:32.0640210Z  + pylatexenc==2.11
stage-a-cpu (1) / run-cpu	UNKNOWN STEP	2026-09-26T01:43:32.0640412Z  + pyqwest==0.11.0
stage-a-cpu (1) / run-cpu	UNKNOWN STEP	2026-09-26T01:43:32.0640608Z  + pytest==9.1.1
stage-a-cpu (1) / run-cpu	UNKNOWN STEP	2026-09-26T01:43:32.0640812Z  + pytest-asyncio==1.4.0
stage-a-cpu (1) / run-cpu	UNKNOWN STEP	2026-09-26T01:43:32.0641206Z  + python-dateutil==2.9.0.post0
stage-a-cpu (1) / run-cpu	UNKNOWN STEP	2026-09-26T01:43:32.0641465Z  + python-discovery==1.6.1
stage-a-cpu (1) / run-cpu	UNKNOWN STEP	2026-09-26T01:43:32.0641709Z  + python-dotenv==1.2.3
stage-a-cpu (1) / run-cpu	UNKNOWN STEP	2026-09-26T01:43:32.0641935Z  + python-multipart==0.0.32
stage-a-cpu (1) / run-cpu	UNKNOWN STEP	2026-09-26T01:43:32.0642153Z  + pyyaml==6.0.3
stage-a-cpu (1) / run-cpu	UNKNOWN STEP	2026-09-26T01:43:32.0642383Z  + pyzmq==27.1.0
stage-a-cpu (1) / run-cpu	UNKNOWN STEP	2026-09-26T01:43:32.0642583Z  + qwen-vl-utils==0.0.14
stage-a-cpu (1) / run-cpu	UNKNOWN STEP	2026-09-26T01:43:32.0642792Z  + ray==2.58.0
stage-a-cpu (1) / run-cpu	UNKNOWN STEP	2026-09-26T01:43:32.0642990Z  + referencing==0.37.0
stage-a-cpu (1) / run-cpu	UNKNOWN STEP	2026-09-26T01:43:32.0643205Z  + regex==2026.9.10
stage-a-cpu (1) / run-cpu	UNKNOWN STEP	2026-09-26T01:43:32.0643398Z  + requests==2.34.2
stage-a-cpu (1) / run-cpu	UNKNOWN STEP	2026-09-26T01:43:32.0643617Z  + rich==15.0.0
stage-a-cpu (1) / run-cpu	UNKNOWN STEP	2026-09-26T01:43:32.0643825Z  + ring-flash-attn==0.1.8
stage-a-cpu (1) / run-cpu	UNKNOWN STEP	2026-09-26T01:43:32.0644053Z  + rpds-py==2026.6.3
stage-a-cpu (1) / run-cpu	UNKNOWN STEP	2026-09-26T01:43:32.0644262Z  + safetensors==0.8.0
stage-a-cpu (1) / run-cpu	UNKNOWN STEP	2026-09-26T01:43:32.0644479Z  + sentencepiece==0.2.1
stage-a-cpu (1) / run-cpu	UNKNOWN STEP	2026-09-26T01:43:32.0644695Z  + setproctitle==1.3.7
stage-a-cpu (1) / run-cpu	UNKNOWN STEP	2026-09-26T01:43:32.0644907Z  + sglang-router==0.3.2
stage-a-cpu (1) / run-cpu	UNKNOWN STEP	2026-09-26T01:43:32.0645123Z  + shellingham==1.5.4
stage-a-cpu (1) / run-cpu	UNKNOWN STEP	2026-09-26T01:43:32.0645323Z  + six==1.17.0
stage-a-cpu (1) / run-cpu	UNKNOWN STEP	2026-09-26T01:43:32.0645518Z  + smart-open==8.0.1
stage-a-cpu (1) / run-cpu	UNKNOWN STEP	2026-09-26T01:43:32.0645719Z  + sniffio==1.3.1
stage-a-cpu (1) / run-cpu	UNKNOWN STEP	2026-09-26T01:43:32.0645932Z  + sortedcontainers==2.4.0
stage-a-cpu (1) / run-cpu	UNKNOWN STEP	2026-09-26T01:43:32.0646159Z  + sse-starlette==3.4.11
stage-a-cpu (1) / run-cpu	UNKNOWN STEP	2026-09-26T01:43:32.0646373Z  + stack-data==0.6.3
stage-a-cpu (1) / run-cpu	UNKNOWN STEP	2026-09-26T01:43:32.0646575Z  + starlette==1.7.0
stage-a-cpu (1) / run-cpu	UNKNOWN STEP	2026-09-26T01:43:32.0646775Z  + sympy==1.14.0
stage-a-cpu (1) / run-cpu	UNKNOWN STEP	2026-09-26T01:43:32.0646973Z  + tensorboard==2.21.0
stage-a-cpu (1) / run-cpu	UNKNOWN STEP	2026-09-26T01:43:32.0647200Z  + tensorboard-data-server==0.7.2
stage-a-cpu (1) / run-cpu	UNKNOWN STEP	2026-09-26T01:43:32.0647447Z  + textual==8.2.8
stage-a-cpu (1) / run-cpu	UNKNOWN STEP	2026-09-26T01:43:32.0649220Z  + tiktoken==0.13.0
stage-a-cpu (1) / run-cpu	UNKNOWN STEP	2026-09-26T01:43:32.0649449Z  + tinker==0.26.2
stage-a-cpu (1) / run-cpu	UNKNOWN STEP	2026-09-26T01:43:32.0649664Z  + tokenizers==0.22.2
stage-a-cpu (1) / run-cpu	UNKNOWN STEP	2026-09-26T01:43:32.0649874Z  + torch==2.11.0
stage-a-cpu (1) / run-cpu	UNKNOWN STEP	2026-09-26T01:43:32.0650085Z  + torchft-nightly==2026.4.3
stage-a-cpu (1) / run-cpu	UNKNOWN STEP	2026-09-26T01:43:32.0650325Z  + torchvision==0.26.0
stage-a-cpu (1) / run-cpu	UNKNOWN STEP	2026-09-26T01:43:32.0650530Z  + tqdm==4.70.1
stage-a-cpu (1) / run-cpu	UNKNOWN STEP	2026-09-26T01:43:32.0650722Z  + traitlets==5.16.1
stage-a-cpu (1) / run-cpu	UNKNOWN STEP	2026-09-26T01:43:32.0651180Z  + transformers==5.12.1
stage-a-cpu (1) / run-cpu	UNKNOWN STEP	2026-09-26T01:43:32.0651426Z  + triton==3.6.0
stage-a-cpu (1) / run-cpu	UNKNOWN STEP	2026-09-26T01:43:32.0651628Z  + truststore==0.10.4
stage-a-cpu (1) / run-cpu	UNKNOWN STEP	2026-09-26T01:43:32.0651832Z  + typer==0.27.2
stage-a-cpu (1) / run-cpu	UNKNOWN STEP	2026-09-26T01:43:32.0652043Z  + typing-extensions==4.16.0
stage-a-cpu (1) / run-cpu	UNKNOWN STEP	2026-09-26T01:43:32.0652294Z  + typing-inspection==0.4.4
stage-a-cpu (1) / run-cpu	UNKNOWN STEP	2026-09-26T01:43:32.0652518Z  + urllib3==2.8.0
stage-a-cpu (1) / run-cpu	UNKNOWN STEP	2026-09-26T01:43:32.0652709Z  + uvicorn==0.54.0
stage-a-cpu (1) / run-cpu	UNKNOWN STEP	2026-09-26T01:43:32.0652905Z  + virtualenv==21.12.1
stage-a-cpu (1) / run-cpu	UNKNOWN STEP	2026-09-26T01:43:32.0653108Z  + wandb==0.30.0
stage-a-cpu (1) / run-cpu	UNKNOWN STEP	2026-09-26T01:43:32.0653301Z  + wcwidth==0.9.1
stage-a-cpu (1) / run-cpu	UNKNOWN STEP	2026-09-26T01:43:32.0653489Z  + werkzeug==3.1.8
stage-a-cpu (1) / run-cpu	UNKNOWN STEP	2026-09-26T01:43:32.0653750Z  + wrapt==2.4.1
stage-a-cpu (1) / run-cpu	UNKNOWN STEP	2026-09-26T01:43:32.0654090Z  + xgrammar==0.2.1
stage-a-cpu (1) / run-cpu	UNKNOWN STEP	2026-09-26T01:43:32.0654420Z  + xxhash==3.7.1
stage-a-cpu (1) / run-cpu	UNKNOWN STEP	2026-09-26T01:43:32.0654633Z  + yarl==1.25.1
stage-a-cpu (1) / run-cpu	UNKNOWN STEP	2026-09-26T01:43:32.0654826Z  + zstandard==0.25.0
stage-a-cpu (1) / run-cpu	UNKNOWN STEP	2026-09-26T01:43:32.2862309Z miles: /home/runner/work/miles/miles/miles/__init__.py
stage-a-cpu (1) / run-cpu	UNKNOWN STEP	2026-09-26T01:43:32.2863016Z miles_plugins: /home/runner/work/miles/miles/miles_plugins/__init__.py
stage-a-cpu (1) / run-cpu	UNKNOWN STEP	2026-09-26T01:43:32.2863544Z sglang: /home/runner/work/miles/miles/sglang/python/sglang/__init__.py
stage-a-cpu (1) / run-cpu	UNKNOWN STEP	2026-09-26T01:43:32.2864124Z megatron.core: /home/runner/work/miles/miles/Megatron-LM/megatron/core/__init__.py
stage-a-cpu (1) / run-cpu	UNKNOWN STEP	2026-09-26T01:43:32.2864760Z megatron.training: /home/runner/work/miles/miles/Megatron-LM/megatron/training/__init__.py
stage-a-cpu (1) / run-cpu	UNKNOWN STEP	2026-09-26T01:43:32.2948971Z ##[group]Run azure/setup-helm@v4
stage-a-cpu (1) / run-cpu	UNKNOWN STEP	2026-09-26T01:43:32.2949257Z with:
stage-a-cpu (1) / run-cpu	UNKNOWN STEP	2026-09-26T01:43:32.2949444Z   version: v4.2.3
stage-a-cpu (1) / run-cpu	UNKNOWN STEP	2026-09-26T01:43:32.2952075Z   token: ***
stage-a-cpu (1) / run-cpu	UNKNOWN STEP	2026-09-26T01:43:32.2952305Z   downloadBaseURL: https://get.helm.sh
stage-a-cpu (1) / run-cpu	UNKNOWN STEP	2026-09-26T01:43:32.2952571Z env:
stage-a-cpu (1) / run-cpu	UNKNOWN STEP	2026-09-26T01:43:32.2952848Z   SGLANG_SOURCE_ROOT: /home/runner/work/miles/miles/sglang/python
stage-a-cpu (1) / run-cpu	UNKNOWN STEP	2026-09-26T01:43:32.2953271Z   MEGATRON_SOURCE_ROOT: /home/runner/work/miles/miles/Megatron-LM
stage-a-cpu (1) / run-cpu	UNKNOWN STEP	2026-09-26T01:43:32.2953864Z   pythonLocation: /opt/hostedtoolcache/Python/3.11.16/x64
stage-a-cpu (1) / run-cpu	UNKNOWN STEP	2026-09-26T01:43:32.2954293Z   PKG_CONFIG_PATH: /opt/hostedtoolcache/Python/3.11.16/x64/lib/pkgconfig
stage-a-cpu (1) / run-cpu	UNKNOWN STEP	2026-09-26T01:43:32.2954708Z   Python_ROOT_DIR: /opt/hostedtoolcache/Python/3.11.16/x64
stage-a-cpu (1) / run-cpu	UNKNOWN STEP	2026-09-26T01:43:32.2955081Z   Python2_ROOT_DIR: /opt/hostedtoolcache/Python/3.11.16/x64
stage-a-cpu (1) / run-cpu	UNKNOWN STEP	2026-09-26T01:43:32.2955447Z   Python3_ROOT_DIR: /opt/hostedtoolcache/Python/3.11.16/x64
stage-a-cpu (1) / run-cpu	UNKNOWN STEP	2026-09-26T01:43:32.2955846Z   LD_LIBRARY_PATH: /opt/hostedtoolcache/Python/3.11.16/x64/lib
stage-a-cpu (1) / run-cpu	UNKNOWN STEP	2026-09-26T01:43:32.2956221Z   UV_CACHE_DIR: /home/runner/work/_temp/setup-uv-cache
stage-a-cpu (1) / run-cpu	UNKNOWN STEP	2026-09-26T01:43:32.2956822Z   PYTHONPATH: /home/runner/work/miles/miles:/home/runner/work/miles/miles/sglang/python:/home/runner/work/miles/miles/Megatron-LM
stage-a-cpu (1) / run-cpu	UNKNOWN STEP	2026-09-26T01:43:32.2957393Z ##[endgroup]
stage-a-cpu (1) / run-cpu	UNKNOWN STEP	2026-09-26T01:43:32.3613338Z ##[group]Installing v4.2.3
stage-a-cpu (1) / run-cpu	UNKNOWN STEP	2026-09-26T01:43:32.3623692Z Downloading 'v4.2.3' from 'https://get.helm.sh'
stage-a-cpu (1) / run-cpu	UNKNOWN STEP	2026-09-26T01:43:32.5715695Z [command]/usr/bin/tar xz --warning=no-unknown-keyword --overwrite -C /home/runner/work/_temp/bcf4b998-f3af-44e6-8290-012d7291c8e4 -f /home/runner/work/_temp/38f43b68-edee-4934-afd8-23c5059c61ec
stage-a-cpu (1) / run-cpu	UNKNOWN STEP	2026-09-26T01:43:32.9999083Z ##[endgroup]
stage-a-cpu (1) / run-cpu	UNKNOWN STEP	2026-09-26T01:43:33.0001592Z Helm tool version 'v4.2.3' has been cached at /opt/hostedtoolcache/helm/4.2.3/x64/linux-amd64/helm
stage-a-cpu (1) / run-cpu	UNKNOWN STEP	2026-09-26T01:43:33.0151436Z ##[group]Run python tests/ci/run_suite.py --hw cpu --suite stage-a-cpu --auto-partition-id 1 --auto-partition-size 4 --cadence regular --labels  --list-only
stage-a-cpu (1) / run-cpu	UNKNOWN STEP	2026-09-26T01:43:33.0152561Z ^[[36;1mpython tests/ci/run_suite.py --hw cpu --suite stage-a-cpu --auto-partition-id 1 --auto-partition-size 4 --cadence regular --labels  --list-only^[[0m
stage-a-cpu (1) / run-cpu	UNKNOWN STEP	2026-09-26T01:43:33.0214363Z shell: /usr/bin/bash --noprofile --norc -e -o pipefail {0}
stage-a-cpu (1) / run-cpu	UNKNOWN STEP	2026-09-26T01:43:33.0214706Z env:
stage-a-cpu (1) / run-cpu	UNKNOWN STEP	2026-09-26T01:43:33.0214988Z   SGLANG_SOURCE_ROOT: /home/runner/work/miles/miles/sglang/python
stage-a-cpu (1) / run-cpu	UNKNOWN STEP	2026-09-26T01:43:33.0215413Z   MEGATRON_SOURCE_ROOT: /home/runner/work/miles/miles/Megatron-LM
stage-a-cpu (1) / run-cpu	UNKNOWN STEP	2026-09-26T01:43:33.0215826Z   pythonLocation: /opt/hostedtoolcache/Python/3.11.16/x64
stage-a-cpu (1) / run-cpu	UNKNOWN STEP	2026-09-26T01:43:33.0216252Z   PKG_CONFIG_PATH: /opt/hostedtoolcache/Python/3.11.16/x64/lib/pkgconfig
stage-a-cpu (1) / run-cpu	UNKNOWN STEP	2026-09-26T01:43:33.0216667Z   Python_ROOT_DIR: /opt/hostedtoolcache/Python/3.11.16/x64
stage-a-cpu (1) / run-cpu	UNKNOWN STEP	2026-09-26T01:43:33.0217064Z   Python2_ROOT_DIR: /opt/hostedtoolcache/Python/3.11.16/x64
stage-a-cpu (1) / run-cpu	UNKNOWN STEP	2026-09-26T01:43:33.0217442Z   Python3_ROOT_DIR: /opt/hostedtoolcache/Python/3.11.16/x64
stage-a-cpu (1) / run-cpu	UNKNOWN STEP	2026-09-26T01:43:33.0217819Z   LD_LIBRARY_PATH: /opt/hostedtoolcache/Python/3.11.16/x64/lib
stage-a-cpu (1) / run-cpu	UNKNOWN STEP	2026-09-26T01:43:33.0218188Z   UV_CACHE_DIR: /home/runner/work/_temp/setup-uv-cache
stage-a-cpu (1) / run-cpu	UNKNOWN STEP	2026-09-26T01:43:33.0219074Z   PYTHONPATH: /home/runner/work/miles/miles:/home/runner/work/miles/miles/sglang/python:/home/runner/work/miles/miles/Megatron-LM
stage-a-cpu (1) / run-cpu	UNKNOWN STEP	2026-09-26T01:43:33.0219657Z ##[endgroup]
stage-a-cpu (1) / run-cpu	UNKNOWN STEP	2026-09-26T01:43:34.0784233Z Policy: cadence='regular' bypass_fastfail=False include_labels=[]
stage-a-cpu (1) / run-cpu	UNKNOWN STEP	2026-09-26T01:43:34.0791951Z 
stage-a-cpu (1) / run-cpu	UNKNOWN STEP	2026-09-26T01:43:34.0792398Z ============================================================
stage-a-cpu (1) / run-cpu	UNKNOWN STEP	2026-09-26T01:43:34.0793364Z Hardware: CPU  Suite: stage-a-cpu  Cadence: regular  Continue on error: False  Partition: 2/4 (0-based id=1)
stage-a-cpu (1) / run-cpu	UNKNOWN STEP	2026-09-26T01:43:34.0794242Z ============================================================
stage-a-cpu (1) / run-cpu	UNKNOWN STEP	2026-09-26T01:43:34.0794724Z Enabled 131 test(s) (est total 452s):
stage-a-cpu (1) / run-cpu	UNKNOWN STEP	2026-09-26T01:43:34.0795490Z   - tests/fast/backends/megatron_utils/test_hf_weight_iterator_direct.py (est_time=60.0s)
stage-a-cpu (1) / run-cpu	UNKNOWN STEP	2026-09-26T01:43:34.0796421Z   - tests/fast/backends/test_fsdp_routing_replay.py (est_time=60.0s)
stage-a-cpu (1) / run-cpu	UNKNOWN STEP	2026-09-26T01:43:34.0797370Z   - tests/fast/backends/training_utils/weight_update/test_hf_weight_iterator.py (est_time=60.0s)
stage-a-cpu (1) / run-cpu	UNKNOWN STEP	2026-09-26T01:43:34.0798699Z   - tests/fast/rollout/inference_rollout/test_sample_completion_backfill.py (est_time=60.0s)
stage-a-cpu (1) / run-cpu	UNKNOWN STEP	2026-09-26T01:43:34.0799789Z   - tests/fast/router/test_sglang_anthropic_conversion.py (est_time=60.0s)
stage-a-cpu (1) / run-cpu	UNKNOWN STEP	2026-09-26T01:43:34.0800641Z   - tests/fast/utils/chat_template_utils/test_deepseek_v4.py (est_time=25.0s)
stage-a-cpu (1) / run-cpu	UNKNOWN STEP	2026-09-26T01:43:34.0801866Z   - tests/ci/test/test_fork_ci_image.py (est_time=2.0s)
stage-a-cpu (1) / run-cpu	UNKNOWN STEP	2026-09-26T01:43:34.0802518Z   - tests/fast/test_glm5_indexer_query_norm.py (est_time=2.0s)
stage-a-cpu (1) / run-cpu	UNKNOWN STEP	2026-09-26T01:43:34.0803219Z   - tests/ci/test/test_ci_discovery_coverage.py (est_time=1.0s)
stage-a-cpu (1) / run-cpu	UNKNOWN STEP	2026-09-26T01:43:34.0803944Z   - tests/ci/test/test_ci_failure_analysis.py (est_time=1.0s)
stage-a-cpu (1) / run-cpu	UNKNOWN STEP	2026-09-26T01:43:34.0804594Z   - tests/ci/test/test_ci_history.py (est_time=1.0s)
stage-a-cpu (1) / run-cpu	UNKNOWN STEP	2026-09-26T01:43:34.0805179Z   - tests/ci/test/test_ci_policy.py (est_time=1.0s)
stage-a-cpu (1) / run-cpu	UNKNOWN STEP	2026-09-26T01:43:34.0805779Z   - tests/ci/test/test_ci_register.py (est_time=1.0s)
stage-a-cpu (1) / run-cpu	UNKNOWN STEP	2026-09-26T01:43:34.0806458Z   - tests/ci/test/test_comment_ci_command.py (est_time=1.0s)
stage-a-cpu (1) / run-cpu	UNKNOWN STEP	2026-09-26T01:43:34.0807090Z   - tests/ci/test/test_failure_tail.py (est_time=1.0s)
stage-a-cpu (1) / run-cpu	UNKNOWN STEP	2026-09-26T01:43:34.0807658Z   - tests/ci/test/test_file_run.py (est_time=1.0s)
stage-a-cpu (1) / run-cpu	UNKNOWN STEP	2026-09-26T01:43:34.0808254Z   - tests/ci/test/test_gate_integration.py (est_time=1.0s)
stage-a-cpu (1) / run-cpu	UNKNOWN STEP	2026-09-26T01:43:34.0809082Z   - tests/ci/test/test_hardware.py (est_time=1.0s)
stage-a-cpu (1) / run-cpu	UNKNOWN STEP	2026-09-26T01:43:34.0809695Z   - tests/ci/test/test_history_gate.py (est_time=1.0s)
stage-a-cpu (1) / run-cpu	UNKNOWN STEP	2026-09-26T01:43:34.0810273Z   - tests/ci/test/test_labels.py (est_time=1.0s)
stage-a-cpu (1) / run-cpu	UNKNOWN STEP	2026-09-26T01:43:34.0810863Z   - tests/ci/test/test_metric_history_store.py (est_time=1.0s)
stage-a-cpu (1) / run-cpu	UNKNOWN STEP	2026-09-26T01:43:34.0811422Z   - tests/ci/test/test_neon_store.py (est_time=1.0s)
stage-a-cpu (1) / run-cpu	UNKNOWN STEP	2026-09-26T01:43:34.0812314Z   - tests/ci/test/test_stage_selection.py (est_time=1.0s)
stage-a-cpu (1) / run-cpu	UNKNOWN STEP	2026-09-26T01:43:34.0813199Z   - tests/fast/backends/megatron_utils/test_checkpoint_transfer.py (est_time=1.0s) [implicit]
stage-a-cpu (1) / run-cpu	UNKNOWN STEP	2026-09-26T01:43:34.0814274Z   - tests/fast/backends/megatron_utils/test_fp32_param_utils.py (est_time=1.0s) [implicit]
stage-a-cpu (1) / run-cpu	UNKNOWN STEP	2026-09-26T01:43:34.0815324Z   - tests/fast/backends/megatron_utils/test_initialize.py (est_time=1.0s) [implicit]
stage-a-cpu (1) / run-cpu	UNKNOWN STEP	2026-09-26T01:43:34.0816409Z   - tests/fast/backends/megatron_utils/test_lora_checkpoint_helpers.py (est_time=1.0s) [implicit]
stage-a-cpu (1) / run-cpu	UNKNOWN STEP	2026-09-26T01:43:34.0817467Z   - tests/fast/backends/megatron_utils/test_model.py (est_time=1.0s) [implicit]
stage-a-cpu (1) / run-cpu	UNKNOWN STEP	2026-09-26T01:43:34.0818766Z   - tests/fast/backends/megatron_utils/test_mtp_loss_mask_alignment.py (est_time=1.0s) [implicit]
stage-a-cpu (1) / run-cpu	UNKNOWN STEP	2026-09-26T01:43:34.0819956Z   - tests/fast/backends/megatron_utils/test_optimizer_state_reset.py (est_time=1.0s) [implicit]
stage-a-cpu (1) / run-cpu	UNKNOWN STEP	2026-09-26T01:43:34.0821109Z   - tests/fast/backends/megatron_utils/test_qwen3_5_mtp_bridge_mapping.py (est_time=1.0s) [implicit]
stage-a-cpu (1) / run-cpu	UNKNOWN STEP	2026-09-26T01:43:34.0822259Z   - tests/fast/backends/megatron_utils/test_slice_lora_to_rank.py (est_time=1.0s) [implicit]
stage-a-cpu (1) / run-cpu	UNKNOWN STEP	2026-09-26T01:43:34.0823311Z   - tests/fast/backends/sglang_utils/test_arguments.py (est_time=1.0s) [implicit]
stage-a-cpu (1) / run-cpu	UNKNOWN STEP	2026-09-26T01:43:34.0824283Z   - tests/fast/backends/sglang_utils/test_router_args_utils.py (est_time=1.0s) [implicit]
stage-a-cpu (1) / run-cpu	UNKNOWN STEP	2026-09-26T01:43:34.0825283Z   - tests/fast/backends/sglang_utils/test_sglang_config.py (est_time=1.0s) [implicit]
stage-a-cpu (1) / run-cpu	UNKNOWN STEP	2026-09-26T01:43:34.0826069Z   - tests/fast/backends/test_fsdp_arguments.py (est_time=1.0s) [implicit]
stage-a-cpu (1) / run-cpu	UNKNOWN STEP	2026-09-26T01:43:34.0826875Z   - tests/fast/backends/test_fsdp_dtensor.py (est_time=1.0s) [implicit]
stage-a-cpu (1) / run-cpu	UNKNOWN STEP	2026-09-26T01:43:34.0827756Z   - tests/fast/backends/test_fsdp_qwen3_true_on_policy.py (est_time=1.0s) [implicit]
stage-a-cpu (1) / run-cpu	UNKNOWN STEP	2026-09-26T01:43:34.0828895Z   - tests/fast/backends/test_fsdp_update_weight.py (est_time=1.0s) [implicit]
stage-a-cpu (1) / run-cpu	UNKNOWN STEP	2026-09-26T01:43:34.0829838Z   - tests/fast/backends/training_utils/loss/test_opd.py (est_time=1.0s) [implicit]
stage-a-cpu (1) / run-cpu	UNKNOWN STEP	2026-09-26T01:43:34.0830779Z   - tests/fast/backends/training_utils/loss_hub/test_losses_imports.py (est_time=1.0s) [implicit]
stage-a-cpu (1) / run-cpu	UNKNOWN STEP	2026-09-26T01:43:34.0831876Z   - tests/fast/backends/training_utils/test_cp_log_prob_assembly.py (est_time=1.0s) [implicit]
stage-a-cpu (1) / run-cpu	UNKNOWN STEP	2026-09-26T01:43:34.0832966Z   - tests/fast/backends/training_utils/test_log_utils_metric_reduction.py (est_time=1.0s) [implicit]
stage-a-cpu (1) / run-cpu	UNKNOWN STEP	2026-09-26T01:43:34.0834064Z   - tests/fast/backends/training_utils/test_ppo_gae_masks.py (est_time=1.0s) [implicit]
stage-a-cpu (1) / run-cpu	UNKNOWN STEP	2026-09-26T01:43:34.0835014Z   - tests/fast/backends/training_utils/test_sampling_mask.py (est_time=1.0s) [implicit]
stage-a-cpu (1) / run-cpu	UNKNOWN STEP	2026-09-26T01:43:34.0836015Z   - tests/fast/backends/training_utils/test_ulysses_cp_utils.py (est_time=1.0s) [implicit]
stage-a-cpu (1) / run-cpu	UNKNOWN STEP	2026-09-26T01:43:34.0837284Z   - tests/fast/backends/training_utils/weight_update/test_cuda_ipc.py (est_time=1.0s) [implicit]
stage-a-cpu (1) / run-cpu	UNKNOWN STEP	2026-09-26T01:43:34.0838733Z   - tests/fast/backends/training_utils/weight_update/test_disk_delta_weight_version.py (est_time=1.0s) [implicit]
stage-a-cpu (1) / run-cpu	UNKNOWN STEP	2026-09-26T01:43:34.0840083Z   - tests/fast/backends/training_utils/weight_update/test_p2p_remote_weight_infos.py (est_time=1.0s) [implicit]
stage-a-cpu (1) / run-cpu	UNKNOWN STEP	2026-09-26T01:43:34.0841139Z   - tests/fast/dashboard/test_collector.py (est_time=1.0s) [implicit]
stage-a-cpu (1) / run-cpu	UNKNOWN STEP	2026-09-26T01:43:34.0841991Z   - tests/fast/dashboard/test_dump_reader_views.py (est_time=1.0s) [implicit]
stage-a-cpu (1) / run-cpu	UNKNOWN STEP	2026-09-26T01:43:34.0842807Z   - tests/fast/dashboard/test_hooks.py (est_time=1.0s) [implicit]
stage-a-cpu (1) / run-cpu	UNKNOWN STEP	2026-09-26T01:43:34.0843487Z   - tests/fast/dashboard/test_server.py (est_time=1.0s) [implicit]
stage-a-cpu (1) / run-cpu	UNKNOWN STEP	2026-09-26T01:43:34.0844312Z   - tests/fast/dashboard/test_trajectory_sink.py (est_time=1.0s) [implicit]
stage-a-cpu (1) / run-cpu	UNKNOWN STEP	2026-09-26T01:43:34.0845190Z   - tests/fast/e2e/ft/test_execution.py (est_time=1.0s) [implicit]
stage-a-cpu (1) / run-cpu	UNKNOWN STEP	2026-09-26T01:43:34.0845965Z   - tests/fast/e2e/ft/test_scenario_ft_random.py (est_time=1.0s) [implicit]
stage-a-cpu (1) / run-cpu	UNKNOWN STEP	2026-09-26T01:43:34.0846954Z   - tests/fast/examples/experimental/harbor/test_launch_common.py (est_time=1.0s) [implicit]
stage-a-cpu (1) / run-cpu	UNKNOWN STEP	2026-09-26T01:43:34.0848272Z   - tests/fast/examples/experimental/hud/test_sglang_compat.py (est_time=1.0s) [implicit]
stage-a-cpu (1) / run-cpu	UNKNOWN STEP	2026-09-26T01:43:34.0849687Z   - tests/fast/examples/experimental/openenv/test_openenv_e2b_agent_function.py (est_time=1.0s) [implicit]
stage-a-cpu (1) / run-cpu	UNKNOWN STEP	2026-09-26T01:43:34.0850991Z   - tests/fast/examples/experimental/openenv/test_tb2_sandbox_daytona.py (est_time=1.0s) [implicit]
stage-a-cpu (1) / run-cpu	UNKNOWN STEP	2026-09-26T01:43:34.0852234Z   - tests/fast/examples/experimental/terminus_compaction/test_run.py (est_time=1.0s) [implicit]
stage-a-cpu (1) / run-cpu	UNKNOWN STEP	2026-09-26T01:43:34.0853407Z   - tests/fast/examples/infra_features/p2p_weight_transfer/test_run.py (est_time=1.0s) [implicit]
stage-a-cpu (1) / run-cpu	UNKNOWN STEP	2026-09-26T01:43:34.0854374Z   - tests/fast/launch_scripts/test_sh_harness.py (est_time=1.0s) [implicit]
stage-a-cpu (1) / run-cpu	UNKNOWN STEP	2026-09-26T01:43:34.0855201Z   - tests/fast/models/test_kimi_k3_lora.py (est_time=1.0s) [implicit]
stage-a-cpu (1) / run-cpu	UNKNOWN STEP	2026-09-26T01:43:34.0856025Z   - tests/fast/optimizers/test_nvme_stream.py (est_time=1.0s) [implicit]
stage-a-cpu (1) / run-cpu	UNKNOWN STEP	2026-09-26T01:43:34.0856849Z   - tests/fast/ray/rollout/test_debug_data.py (est_time=1.0s) [implicit]
stage-a-cpu (1) / run-cpu	UNKNOWN STEP	2026-09-26T01:43:34.0857762Z   - tests/fast/ray/rollout/test_inference_controller_tick.py (est_time=1.0s) [implicit]
stage-a-cpu (1) / run-cpu	UNKNOWN STEP	2026-09-26T01:43:34.0858893Z   - tests/fast/ray/rollout/test_rollout_server.py (est_time=1.0s) [implicit]
stage-a-cpu (1) / run-cpu	UNKNOWN STEP	2026-09-26T01:43:34.0859840Z   - tests/fast/ray/rollout/test_rollout_server_locking.py (est_time=1.0s) [implicit]
stage-a-cpu (1) / run-cpu	UNKNOWN STEP	2026-09-26T01:43:34.0860848Z   - tests/fast/ray/rollout/test_server_cell_dispose.py (est_time=1.0s) [implicit]
stage-a-cpu (1) / run-cpu	UNKNOWN STEP	2026-09-26T01:43:34.0861741Z   - tests/fast/ray/specs/test_entrypoint.py (est_time=1.0s) [implicit]
stage-a-cpu (1) / run-cpu	UNKNOWN STEP	2026-09-26T01:43:34.0862573Z   - tests/fast/ray/test_placement_group.py (est_time=1.0s) [implicit]
stage-a-cpu (1) / run-cpu	UNKNOWN STEP	2026-09-26T01:43:34.0863335Z   - tests/fast/ray/test_wiring.py (est_time=1.0s) [implicit]
stage-a-cpu (1) / run-cpu	UNKNOWN STEP	2026-09-26T01:43:34.0864152Z   - tests/fast/ray/train/test_cell_restart.py (est_time=1.0s) [implicit]
stage-a-cpu (1) / run-cpu	UNKNOWN STEP	2026-09-26T01:43:34.0864990Z   - tests/fast/ray/train/test_group_reconcile.py (est_time=1.0s) [implicit]
stage-a-cpu (1) / run-cpu	UNKNOWN STEP	2026-09-26T01:43:34.0865870Z   - tests/fast/rollout/agentic/test_session.py (est_time=1.0s) [implicit]
stage-a-cpu (1) / run-cpu	UNKNOWN STEP	2026-09-26T01:43:34.0866810Z   - tests/fast/rollout/generate_utils/test_openai_endpoint_utils.py (est_time=1.0s) [implicit]
stage-a-cpu (1) / run-cpu	UNKNOWN STEP	2026-09-26T01:43:34.0867997Z   - tests/fast/rollout/inference_rollout/integration/test_agent_metadata.py (est_time=1.0s) [implicit]
stage-a-cpu (1) / run-cpu	UNKNOWN STEP	2026-09-26T01:43:34.0869389Z   - tests/fast/rollout/inference_rollout/integration/test_group_rm.py (est_time=1.0s) [implicit]
stage-a-cpu (1) / run-cpu	UNKNOWN STEP	2026-09-26T01:43:34.0870573Z   - tests/fast/rollout/inference_rollout/integration/test_sample_filter.py (est_time=1.0s) [implicit]
stage-a-cpu (1) / run-cpu	UNKNOWN STEP	2026-09-26T01:43:34.0871636Z   - tests/fast/rollout/rm_hub/test_deepscaler.py (est_time=1.0s) [implicit]
stage-a-cpu (1) / run-cpu	UNKNOWN STEP	2026-09-26T01:43:34.0872499Z   - tests/fast/rollout/rm_hub/test_math_utils.py (est_time=1.0s) [implicit]
stage-a-cpu (1) / run-cpu	UNKNOWN STEP	2026-09-26T01:43:34.0873699Z   - tests/fast/rollout/session/test_request_args.py (est_time=1.0s) [implicit]
stage-a-cpu (1) / run-cpu	UNKNOWN STEP	2026-09-26T01:43:34.0874590Z   - tests/fast/rollout/session/test_sessions.py (est_time=1.0s) [implicit]
stage-a-cpu (1) / run-cpu	UNKNOWN STEP	2026-09-26T01:43:34.0875421Z   - tests/fast/router/test_linear_trajectory.py (est_time=1.0s) [implicit]
stage-a-cpu (1) / run-cpu	UNKNOWN STEP	2026-09-26T01:43:34.0876343Z   - tests/fast/router/test_session_anthropic.py (est_time=1.0s) [implicit]
stage-a-cpu (1) / run-cpu	UNKNOWN STEP	2026-09-26T01:43:34.0877231Z   - tests/fast/router/test_session_race_conditions.py (est_time=1.0s) [implicit]
stage-a-cpu (1) / run-cpu	UNKNOWN STEP	2026-09-26T01:43:34.0878088Z   - tests/fast/router/test_session_state.py (est_time=1.0s) [implicit]
stage-a-cpu (1) / run-cpu	UNKNOWN STEP	2026-09-26T01:43:34.0879182Z   - tests/fast/router/test_sessions_v2.py (est_time=1.0s) [implicit]
stage-a-cpu (1) / run-cpu	UNKNOWN STEP	2026-09-26T01:43:34.0879976Z   - tests/fast/test_docker_image_inputs.py (est_time=1.0s) [implicit]
stage-a-cpu (1) / run-cpu	UNKNOWN STEP	2026-09-26T01:43:34.0880708Z   - tests/fast/test_nvfp4_scope.py (est_time=1.0s) [implicit]
stage-a-cpu (1) / run-cpu	UNKNOWN STEP	2026-09-26T01:43:34.0881426Z   - tests/fast/test_qsa_tile_index.py (est_time=1.0s) [implicit]
stage-a-cpu (1) / run-cpu	UNKNOWN STEP	2026-09-26T01:43:34.0882209Z   - tests/fast/test_ray_launcher_unbuffering.py (est_time=1.0s) [implicit]
stage-a-cpu (1) / run-cpu	UNKNOWN STEP	2026-09-26T01:43:34.0883008Z   - tests/fast/tinker/core/test_future.py (est_time=1.0s) [implicit]
stage-a-cpu (1) / run-cpu	UNKNOWN STEP	2026-09-26T01:43:34.0883829Z   - tests/fast/tinker/server/test_app.py (est_time=1.0s) [implicit]
stage-a-cpu (1) / run-cpu	UNKNOWN STEP	2026-09-26T01:43:34.0884785Z   - tests/fast/tinker/test_loss_tables.py (est_time=1.0s) [implicit]
stage-a-cpu (1) / run-cpu	UNKNOWN STEP	2026-09-26T01:43:34.0885533Z   - tests/fast/utils/api_server/test_handles.py (est_time=1.0s) [implicit]
stage-a-cpu (1) / run-cpu	UNKNOWN STEP	2026-09-26T01:43:34.0886378Z   - tests/fast/utils/chat_template_utils/test_fixed_templates.py (est_time=1.0s) [implicit]
stage-a-cpu (1) / run-cpu	UNKNOWN STEP	2026-09-26T01:43:34.0887291Z   - tests/fast/utils/chat_template_utils/test_template.py (est_time=1.0s) [implicit]
stage-a-cpu (1) / run-cpu	UNKNOWN STEP	2026-09-26T01:43:34.0888245Z   - tests/fast/utils/debug_utils/run_megatron/cli/commands/test_run.py (est_time=1.0s) [implicit]
stage-a-cpu (1) / run-cpu	UNKNOWN STEP	2026-09-26T01:43:34.0889547Z   - tests/fast/utils/debug_utils/run_megatron/cli/test_prompt_utils.py (est_time=1.0s) [implicit]
stage-a-cpu (1) / run-cpu	UNKNOWN STEP	2026-09-26T01:43:34.0890655Z   - tests/fast/utils/debug_utils/run_megatron/worker/test_output.py (est_time=1.0s) [implicit]
stage-a-cpu (1) / run-cpu	UNKNOWN STEP	2026-09-26T01:43:34.0891621Z   - tests/fast/utils/debug_utils/test_replay_reward_fn.py (est_time=1.0s) [implicit]
stage-a-cpu (1) / run-cpu	UNKNOWN STEP	2026-09-26T01:43:34.0892514Z   - tests/fast/utils/event_analyzer/rules/test_witness.py (est_time=1.0s) [implicit]
stage-a-cpu (1) / run-cpu	UNKNOWN STEP	2026-09-26T01:43:34.0893364Z   - tests/fast/utils/event_logger/test_models.py (est_time=1.0s) [implicit]
stage-a-cpu (1) / run-cpu	UNKNOWN STEP	2026-09-26T01:43:34.0894232Z   - tests/fast/utils/hf_utils/test_weight_mapping.py (est_time=1.0s) [implicit]
stage-a-cpu (1) / run-cpu	UNKNOWN STEP	2026-09-26T01:43:34.0895002Z   - tests/fast/utils/test_arguments.py (est_time=1.0s) [implicit]
stage-a-cpu (1) / run-cpu	UNKNOWN STEP	2026-09-26T01:43:34.0895754Z   - tests/fast/utils/test_command_utils.py (est_time=1.0s) [implicit]
stage-a-cpu (1) / run-cpu	UNKNOWN STEP	2026-09-26T01:43:34.0896535Z   - tests/fast/utils/test_delta_preparation.py (est_time=1.0s) [implicit]
stage-a-cpu (1) / run-cpu	UNKNOWN STEP	2026-09-26T01:43:34.0897300Z   - tests/fast/utils/test_dp_schedule.py (est_time=1.0s) [implicit]
stage-a-cpu (1) / run-cpu	UNKNOWN STEP	2026-09-26T01:43:34.0898084Z   - tests/fast/utils/test_file_arg_utils.py (est_time=1.0s) [implicit]
stage-a-cpu (1) / run-cpu	UNKNOWN STEP	2026-09-26T01:43:34.0899058Z   - tests/fast/utils/test_heartbeat_utils.py (est_time=1.0s) [implicit]
stage-a-cpu (1) / run-cpu	UNKNOWN STEP	2026-09-26T01:43:34.0899837Z   - tests/fast/utils/test_metric_checker.py (est_time=1.0s) [implicit]
stage-a-cpu (1) / run-cpu	UNKNOWN STEP	2026-09-26T01:43:34.0900604Z   - tests/fast/utils/test_object_store.py (est_time=1.0s) [implicit]
stage-a-cpu (1) / run-cpu	UNKNOWN STEP	2026-09-26T01:43:34.0901354Z   - tests/fast/utils/test_retry_utils.py (est_time=1.0s) [implicit]
stage-a-cpu (1) / run-cpu	UNKNOWN STEP	2026-09-26T01:43:34.0902115Z   - tests/fast/utils/test_targets_expert_leaves.py (est_time=1.0s) [implicit]
stage-a-cpu (1) / run-cpu	UNKNOWN STEP	2026-09-26T01:43:34.0902911Z   - tests/fast/utils/test_typer_utils.py (est_time=1.0s) [implicit]
stage-a-cpu (1) / run-cpu	UNKNOWN STEP	2026-09-26T01:43:34.0903775Z   - tests/fast/utils/test_utils/comparisons/test_metrics.py (est_time=1.0s) [implicit]
stage-a-cpu (1) / run-cpu	UNKNOWN STEP	2026-09-26T01:43:34.0904771Z   - tests/fast/utils/test_utils/test_mock_sglang_http_server.py (est_time=1.0s) [implicit]
stage-a-cpu (1) / run-cpu	UNKNOWN STEP	2026-09-26T01:43:34.0905722Z   - tests/fast/utils/test_utils/test_session_verify_agent.py (est_time=1.0s) [implicit]
stage-a-cpu (1) / run-cpu	UNKNOWN STEP	2026-09-26T01:43:34.0906658Z   - tests/fast/utils/test_witness/test_allocator.py (est_time=1.0s) [implicit]
stage-a-cpu (1) / run-cpu	UNKNOWN STEP	2026-09-26T01:43:34.0907949Z   - tests/fast/utils/workers/e2e/test_client_local_validation.py (est_time=1.0s) [implicit]
stage-a-cpu (1) / run-cpu	UNKNOWN STEP	2026-09-26T01:43:34.0909024Z   - tests/fast/utils/workers/e2e/test_dedup.py (est_time=1.0s) [implicit]
stage-a-cpu (1) / run-cpu	UNKNOWN STEP	2026-09-26T01:43:34.0909552Z   - tests/fast/utils/workers/e2e/test_protocol_raw_http.py (est_time=1.0s) [implicit]
stage-a-cpu (1) / run-cpu	UNKNOWN STEP	2026-09-26T01:43:34.0910121Z   - tests/fast/utils/workers/real_ray/test_ray_worker_manager.py (est_time=1.0s) [implicit]
stage-a-cpu (1) / run-cpu	UNKNOWN STEP	2026-09-26T01:43:34.0910672Z   - tests/fast/utils/workers/rpc/client/test_misc.py (est_time=1.0s) [implicit]
stage-a-cpu (1) / run-cpu	UNKNOWN STEP	2026-09-26T01:43:34.0911203Z   - tests/fast/utils/workers/rpc/server/test_app.py (est_time=1.0s) [implicit]
stage-a-cpu (1) / run-cpu	UNKNOWN STEP	2026-09-26T01:43:34.0912074Z   - tests/fast/utils/workers/serving/test_serve_inner.py (est_time=1.0s) [implicit]
stage-a-cpu (1) / run-cpu	UNKNOWN STEP	2026-09-26T01:43:34.0913008Z   - tests/fast/utils/workers/test_command_actor.py (est_time=1.0s) [implicit]
stage-a-cpu (1) / run-cpu	UNKNOWN STEP	2026-09-26T01:43:34.0913842Z   - tests/fast/utils/workers/test_process_utils.py (est_time=1.0s) [implicit]
stage-a-cpu (1) / run-cpu	UNKNOWN STEP	2026-09-26T01:43:34.0914351Z   - tests/fast/utils/workers/test_worker_info.py (est_time=1.0s) [implicit]
stage-a-cpu (1) / run-cpu	UNKNOWN STEP	2026-09-26T01:43:34.0914636Z 
stage-a-cpu (1) / run-cpu	UNKNOWN STEP	2026-09-26T01:43:34.0946617Z ##[group]Run python tests/ci/run_suite.py --hw cpu --suite stage-a-cpu --auto-partition-id 1 --auto-partition-size 4 --cadence regular --labels 
stage-a-cpu (1) / run-cpu	UNKNOWN STEP	2026-09-26T01:43:34.0947613Z ^[[36;1mpython tests/ci/run_suite.py --hw cpu --suite stage-a-cpu --auto-partition-id 1 --auto-partition-size 4 --cadence regular --labels ^[[0m
stage-a-cpu (1) / run-cpu	UNKNOWN STEP	2026-09-26T01:43:34.1010004Z shell: /usr/bin/bash --noprofile --norc -e -o pipefail {0}
stage-a-cpu (1) / run-cpu	UNKNOWN STEP	2026-09-26T01:43:34.1010342Z env:
stage-a-cpu (1) / run-cpu	UNKNOWN STEP	2026-09-26T01:43:34.1010629Z   SGLANG_SOURCE_ROOT: /home/runner/work/miles/miles/sglang/python
stage-a-cpu (1) / run-cpu	UNKNOWN STEP	2026-09-26T01:43:34.1011051Z   MEGATRON_SOURCE_ROOT: /home/runner/work/miles/miles/Megatron-LM
stage-a-cpu (1) / run-cpu	UNKNOWN STEP	2026-09-26T01:43:34.1011452Z   pythonLocation: /opt/hostedtoolcache/Python/3.11.16/x64
stage-a-cpu (1) / run-cpu	UNKNOWN STEP	2026-09-26T01:43:34.1011882Z   PKG_CONFIG_PATH: /opt/hostedtoolcache/Python/3.11.16/x64/lib/pkgconfig
stage-a-cpu (1) / run-cpu	UNKNOWN STEP	2026-09-26T01:43:34.1012310Z   Python_ROOT_DIR: /opt/hostedtoolcache/Python/3.11.16/x64
stage-a-cpu (1) / run-cpu	UNKNOWN STEP	2026-09-26T01:43:34.1012691Z   Python2_ROOT_DIR: /opt/hostedtoolcache/Python/3.11.16/x64
stage-a-cpu (1) / run-cpu	UNKNOWN STEP	2026-09-26T01:43:34.1013096Z   Python3_ROOT_DIR: /opt/hostedtoolcache/Python/3.11.16/x64
stage-a-cpu (1) / run-cpu	UNKNOWN STEP	2026-09-26T01:43:34.1013471Z   LD_LIBRARY_PATH: /opt/hostedtoolcache/Python/3.11.16/x64/lib
stage-a-cpu (1) / run-cpu	UNKNOWN STEP	2026-09-26T01:43:34.1013834Z   UV_CACHE_DIR: /home/runner/work/_temp/setup-uv-cache
stage-a-cpu (1) / run-cpu	UNKNOWN STEP	2026-09-26T01:43:34.1014433Z   PYTHONPATH: /home/runner/work/miles/miles:/home/runner/work/miles/miles/sglang/python:/home/runner/work/miles/miles/Megatron-LM
stage-a-cpu (1) / run-cpu	UNKNOWN STEP	2026-09-26T01:43:34.1014996Z   HF_TOKEN: 
stage-a-cpu (1) / run-cpu	UNKNOWN STEP	2026-09-26T01:43:34.1015184Z ##[endgroup]
stage-a-cpu (1) / run-cpu	UNKNOWN STEP	2026-09-26T01:43:35.1125311Z Policy: cadence='regular' bypass_fastfail=False include_labels=[]
stage-a-cpu (1) / run-cpu	UNKNOWN STEP	2026-09-26T01:43:35.1133286Z 
stage-a-cpu (1) / run-cpu	UNKNOWN STEP	2026-09-26T01:43:35.1133551Z ============================================================
stage-a-cpu (1) / run-cpu	UNKNOWN STEP	2026-09-26T01:43:35.1134929Z Hardware: CPU  Suite: stage-a-cpu  Cadence: regular  Continue on error: False  Partition: 2/4 (0-based id=1)
stage-a-cpu (1) / run-cpu	UNKNOWN STEP	2026-09-26T01:43:35.1136194Z ============================================================
stage-a-cpu (1) / run-cpu	UNKNOWN STEP	2026-09-26T01:43:35.1147935Z Enabled 131 test(s) (est total 452s):
stage-a-cpu (1) / run-cpu	UNKNOWN STEP	2026-09-26T01:43:35.1148909Z   - tests/fast/backends/megatron_utils/test_hf_weight_iterator_direct.py (est_time=60.0s)
stage-a-cpu (1) / run-cpu	UNKNOWN STEP	2026-09-26T01:43:35.1149588Z   - tests/fast/backends/test_fsdp_routing_replay.py (est_time=60.0s)
stage-a-cpu (1) / run-cpu	UNKNOWN STEP	2026-09-26T01:43:35.1150280Z   - tests/fast/backends/training_utils/weight_update/test_hf_weight_iterator.py (est_time=60.0s)
stage-a-cpu (1) / run-cpu	UNKNOWN STEP	2026-09-26T01:43:35.1151101Z   - tests/fast/rollout/inference_rollout/test_sample_completion_backfill.py (est_time=60.0s)
stage-a-cpu (1) / run-cpu	UNKNOWN STEP	2026-09-26T01:43:35.1151799Z   - tests/fast/router/test_sglang_anthropic_conversion.py (est_time=60.0s)
stage-a-cpu (1) / run-cpu	UNKNOWN STEP	2026-09-26T01:43:35.1152418Z   - tests/fast/utils/chat_template_utils/test_deepseek_v4.py (est_time=25.0s)
stage-a-cpu (1) / run-cpu	UNKNOWN STEP	2026-09-26T01:43:35.1152948Z   - tests/ci/test/test_fork_ci_image.py (est_time=2.0s)
stage-a-cpu (1) / run-cpu	UNKNOWN STEP	2026-09-26T01:43:35.1153409Z   - tests/fast/test_glm5_indexer_query_norm.py (est_time=2.0s)
stage-a-cpu (1) / run-cpu	UNKNOWN STEP	2026-09-26T01:43:35.1154175Z   - tests/ci/test/test_ci_discovery_coverage.py (est_time=1.0s)
stage-a-cpu (1) / run-cpu	UNKNOWN STEP	2026-09-26T01:43:35.1154671Z   - tests/ci/test/test_ci_failure_analysis.py (est_time=1.0s)
stage-a-cpu (1) / run-cpu	UNKNOWN STEP	2026-09-26T01:43:35.1155121Z   - tests/ci/test/test_ci_history.py (est_time=1.0s)
stage-a-cpu (1) / run-cpu	UNKNOWN STEP	2026-09-26T01:43:35.1155528Z   - tests/ci/test/test_ci_policy.py (est_time=1.0s)
stage-a-cpu (1) / run-cpu	UNKNOWN STEP	2026-09-26T01:43:35.1155937Z   - tests/ci/test/test_ci_register.py (est_time=1.0s)
stage-a-cpu (1) / run-cpu	UNKNOWN STEP	2026-09-26T01:43:35.1156385Z   - tests/ci/test/test_comment_ci_command.py (est_time=1.0s)
stage-a-cpu (1) / run-cpu	UNKNOWN STEP	2026-09-26T01:43:35.1156833Z   - tests/ci/test/test_failure_tail.py (est_time=1.0s)
stage-a-cpu (1) / run-cpu	UNKNOWN STEP	2026-09-26T01:43:35.1157217Z   - tests/ci/test/test_file_run.py (est_time=1.0s)
stage-a-cpu (1) / run-cpu	UNKNOWN STEP	2026-09-26T01:43:35.1157564Z   - tests/ci/test/test_gate_integration.py (est_time=1.0s)
stage-a-cpu (1) / run-cpu	UNKNOWN STEP	2026-09-26T01:43:35.1157906Z   - tests/ci/test/test_hardware.py (est_time=1.0s)
stage-a-cpu (1) / run-cpu	UNKNOWN STEP	2026-09-26T01:43:35.1158263Z   - tests/ci/test/test_history_gate.py (est_time=1.0s)
stage-a-cpu (1) / run-cpu	UNKNOWN STEP	2026-09-26T01:43:35.1159960Z   - tests/ci/test/test_labels.py (est_time=1.0s)
stage-a-cpu (1) / run-cpu	UNKNOWN STEP	2026-09-26T01:43:35.1160598Z   - tests/ci/test/test_metric_history_store.py (est_time=1.0s)
stage-a-cpu (1) / run-cpu	UNKNOWN STEP	2026-09-26T01:43:35.1161250Z   - tests/ci/test/test_neon_store.py (est_time=1.0s)
stage-a-cpu (1) / run-cpu	UNKNOWN STEP	2026-09-26T01:43:35.1162211Z   - tests/ci/test/test_stage_selection.py (est_time=1.0s)
stage-a-cpu (1) / run-cpu	UNKNOWN STEP	2026-09-26T01:43:35.1163339Z   - tests/fast/backends/megatron_utils/test_checkpoint_transfer.py (est_time=1.0s) [implicit]
stage-a-cpu (1) / run-cpu	UNKNOWN STEP	2026-09-26T01:43:35.1164511Z   - tests/fast/backends/megatron_utils/test_fp32_param_utils.py (est_time=1.0s) [implicit]
stage-a-cpu (1) / run-cpu	UNKNOWN STEP	2026-09-26T01:43:35.1165616Z   - tests/fast/backends/megatron_utils/test_initialize.py (est_time=1.0s) [implicit]
stage-a-cpu (1) / run-cpu	UNKNOWN STEP	2026-09-26T01:43:35.1166780Z   - tests/fast/backends/megatron_utils/test_lora_checkpoint_helpers.py (est_time=1.0s) [implicit]
stage-a-cpu (1) / run-cpu	UNKNOWN STEP	2026-09-26T01:43:35.1167917Z   - tests/fast/backends/megatron_utils/test_model.py (est_time=1.0s) [implicit]
stage-a-cpu (1) / run-cpu	UNKNOWN STEP	2026-09-26T01:43:35.1169289Z   - tests/fast/backends/megatron_utils/test_mtp_loss_mask_alignment.py (est_time=1.0s) [implicit]
stage-a-cpu (1) / run-cpu	UNKNOWN STEP	2026-09-26T01:43:35.1170511Z   - tests/fast/backends/megatron_utils/test_optimizer_state_reset.py (est_time=1.0s) [implicit]
stage-a-cpu (1) / run-cpu	UNKNOWN STEP	2026-09-26T01:43:35.1171863Z   - tests/fast/backends/megatron_utils/test_qwen3_5_mtp_bridge_mapping.py (est_time=1.0s) [implicit]
stage-a-cpu (1) / run-cpu	UNKNOWN STEP	2026-09-26T01:43:35.1173064Z   - tests/fast/backends/megatron_utils/test_slice_lora_to_rank.py (est_time=1.0s) [implicit]
stage-a-cpu (1) / run-cpu	UNKNOWN STEP	2026-09-26T01:43:35.1174177Z   - tests/fast/backends/sglang_utils/test_arguments.py (est_time=1.0s) [implicit]
stage-a-cpu (1) / run-cpu	UNKNOWN STEP	2026-09-26T01:43:35.1175259Z   - tests/fast/backends/sglang_utils/test_router_args_utils.py (est_time=1.0s) [implicit]
stage-a-cpu (1) / run-cpu	UNKNOWN STEP	2026-09-26T01:43:35.1176353Z   - tests/fast/backends/sglang_utils/test_sglang_config.py (est_time=1.0s) [implicit]
stage-a-cpu (1) / run-cpu	UNKNOWN STEP	2026-09-26T01:43:35.1177324Z   - tests/fast/backends/test_fsdp_arguments.py (est_time=1.0s) [implicit]
stage-a-cpu (1) / run-cpu	UNKNOWN STEP	2026-09-26T01:43:35.1178212Z   - tests/fast/backends/test_fsdp_dtensor.py (est_time=1.0s) [implicit]
stage-a-cpu (1) / run-cpu	UNKNOWN STEP	2026-09-26T01:43:35.1179430Z   - tests/fast/backends/test_fsdp_qwen3_true_on_policy.py (est_time=1.0s) [implicit]
stage-a-cpu (1) / run-cpu	UNKNOWN STEP	2026-09-26T01:43:35.1180425Z   - tests/fast/backends/test_fsdp_update_weight.py (est_time=1.0s) [implicit]
stage-a-cpu (1) / run-cpu	UNKNOWN STEP	2026-09-26T01:43:35.1181420Z   - tests/fast/backends/training_utils/loss/test_opd.py (est_time=1.0s) [implicit]
stage-a-cpu (1) / run-cpu	UNKNOWN STEP	2026-09-26T01:43:35.1182551Z   - tests/fast/backends/training_utils/loss_hub/test_losses_imports.py (est_time=1.0s) [implicit]
stage-a-cpu (1) / run-cpu	UNKNOWN STEP	2026-09-26T01:43:35.1183752Z   - tests/fast/backends/training_utils/test_cp_log_prob_assembly.py (est_time=1.0s) [implicit]
stage-a-cpu (1) / run-cpu	UNKNOWN STEP	2026-09-26T01:43:35.1185022Z   - tests/fast/backends/training_utils/test_log_utils_metric_reduction.py (est_time=1.0s) [implicit]
stage-a-cpu (1) / run-cpu	UNKNOWN STEP	2026-09-26T01:43:35.1186181Z   - tests/fast/backends/training_utils/test_ppo_gae_masks.py (est_time=1.0s) [implicit]
stage-a-cpu (1) / run-cpu	UNKNOWN STEP	2026-09-26T01:43:35.1187354Z   - tests/fast/backends/training_utils/test_sampling_mask.py (est_time=1.0s) [implicit]
stage-a-cpu (1) / run-cpu	UNKNOWN STEP	2026-09-26T01:43:35.1188829Z   - tests/fast/backends/training_utils/test_ulysses_cp_utils.py (est_time=1.0s) [implicit]
stage-a-cpu (1) / run-cpu	UNKNOWN STEP	2026-09-26T01:43:35.1190059Z   - tests/fast/backends/training_utils/weight_update/test_cuda_ipc.py (est_time=1.0s) [implicit]
stage-a-cpu (1) / run-cpu	UNKNOWN STEP	2026-09-26T01:43:35.1191645Z   - tests/fast/backends/training_utils/weight_update/test_disk_delta_weight_version.py (est_time=1.0s) [implicit]
stage-a-cpu (1) / run-cpu	UNKNOWN STEP	2026-09-26T01:43:35.1193068Z   - tests/fast/backends/training_utils/weight_update/test_p2p_remote_weight_infos.py (est_time=1.0s) [implicit]
stage-a-cpu (1) / run-cpu	UNKNOWN STEP	2026-09-26T01:43:35.1194220Z   - tests/fast/dashboard/test_collector.py (est_time=1.0s) [implicit]
stage-a-cpu (1) / run-cpu	UNKNOWN STEP	2026-09-26T01:43:35.1195125Z   - tests/fast/dashboard/test_dump_reader_views.py (est_time=1.0s) [implicit]
stage-a-cpu (1) / run-cpu	UNKNOWN STEP	2026-09-26T01:43:35.1196027Z   - tests/fast/dashboard/test_hooks.py (est_time=1.0s) [implicit]
stage-a-cpu (1) / run-cpu	UNKNOWN STEP	2026-09-26T01:43:35.1196843Z   - tests/fast/dashboard/test_server.py (est_time=1.0s) [implicit]
stage-a-cpu (1) / run-cpu	UNKNOWN STEP	2026-09-26T01:43:35.1197729Z   - tests/fast/dashboard/test_trajectory_sink.py (est_time=1.0s) [implicit]
stage-a-cpu (1) / run-cpu	UNKNOWN STEP	2026-09-26T01:43:35.1198880Z   - tests/fast/e2e/ft/test_execution.py (est_time=1.0s) [implicit]
stage-a-cpu (1) / run-cpu	UNKNOWN STEP	2026-09-26T01:43:35.1199711Z   - tests/fast/e2e/ft/test_scenario_ft_random.py (est_time=1.0s) [implicit]
stage-a-cpu (1) / run-cpu	UNKNOWN STEP	2026-09-26T01:43:35.1200757Z   - tests/fast/examples/experimental/harbor/test_launch_common.py (est_time=1.0s) [implicit]
stage-a-cpu (1) / run-cpu	UNKNOWN STEP	2026-09-26T01:43:35.1202168Z   - tests/fast/examples/experimental/hud/test_sglang_compat.py (est_time=1.0s) [implicit]
stage-a-cpu (1) / run-cpu	UNKNOWN STEP	2026-09-26T01:43:35.1203536Z   - tests/fast/examples/experimental/openenv/test_openenv_e2b_agent_function.py (est_time=1.0s) [implicit]
stage-a-cpu (1) / run-cpu	UNKNOWN STEP	2026-09-26T01:43:35.1204922Z   - tests/fast/examples/experimental/openenv/test_tb2_sandbox_daytona.py (est_time=1.0s) [implicit]
stage-a-cpu (1) / run-cpu	UNKNOWN STEP	2026-09-26T01:43:35.1206213Z   - tests/fast/examples/experimental/terminus_compaction/test_run.py (est_time=1.0s) [implicit]
stage-a-cpu (1) / run-cpu	UNKNOWN STEP	2026-09-26T01:43:35.1207459Z   - tests/fast/examples/infra_features/p2p_weight_transfer/test_run.py (est_time=1.0s) [implicit]
stage-a-cpu (1) / run-cpu	UNKNOWN STEP	2026-09-26T01:43:35.1208840Z   - tests/fast/launch_scripts/test_sh_harness.py (est_time=1.0s) [implicit]
stage-a-cpu (1) / run-cpu	UNKNOWN STEP	2026-09-26T01:43:35.1209770Z   - tests/fast/models/test_kimi_k3_lora.py (est_time=1.0s) [implicit]
stage-a-cpu (1) / run-cpu	UNKNOWN STEP	2026-09-26T01:43:35.1210658Z   - tests/fast/optimizers/test_nvme_stream.py (est_time=1.0s) [implicit]
stage-a-cpu (1) / run-cpu	UNKNOWN STEP	2026-09-26T01:43:35.1211155Z   - tests/fast/ray/rollout/test_debug_data.py (est_time=1.0s) [implicit]
stage-a-cpu (1) / run-cpu	UNKNOWN STEP	2026-09-26T01:43:35.1211667Z   - tests/fast/ray/rollout/test_inference_controller_tick.py (est_time=1.0s) [implicit]
stage-a-cpu (1) / run-cpu	UNKNOWN STEP	2026-09-26T01:43:35.1212188Z   - tests/fast/ray/rollout/test_rollout_server.py (est_time=1.0s) [implicit]
stage-a-cpu (1) / run-cpu	UNKNOWN STEP	2026-09-26T01:43:35.1212686Z   - tests/fast/ray/rollout/test_rollout_server_locking.py (est_time=1.0s) [implicit]
stage-a-cpu (1) / run-cpu	UNKNOWN STEP	2026-09-26T01:43:35.1213211Z   - tests/fast/ray/rollout/test_server_cell_dispose.py (est_time=1.0s) [implicit]
stage-a-cpu (1) / run-cpu	UNKNOWN STEP	2026-09-26T01:43:35.1213682Z   - tests/fast/ray/specs/test_entrypoint.py (est_time=1.0s) [implicit]
stage-a-cpu (1) / run-cpu	UNKNOWN STEP	2026-09-26T01:43:35.1214117Z   - tests/fast/ray/test_placement_group.py (est_time=1.0s) [implicit]
stage-a-cpu (1) / run-cpu	UNKNOWN STEP	2026-09-26T01:43:35.1214515Z   - tests/fast/ray/test_wiring.py (est_time=1.0s) [implicit]
stage-a-cpu (1) / run-cpu	UNKNOWN STEP	2026-09-26T01:43:35.1214931Z   - tests/fast/ray/train/test_cell_restart.py (est_time=1.0s) [implicit]
stage-a-cpu (1) / run-cpu	UNKNOWN STEP	2026-09-26T01:43:35.1215388Z   - tests/fast/ray/train/test_group_reconcile.py (est_time=1.0s) [implicit]
stage-a-cpu (1) / run-cpu	UNKNOWN STEP	2026-09-26T01:43:35.1215858Z   - tests/fast/rollout/agentic/test_session.py (est_time=1.0s) [implicit]
stage-a-cpu (1) / run-cpu	UNKNOWN STEP	2026-09-26T01:43:35.1216389Z   - tests/fast/rollout/generate_utils/test_openai_endpoint_utils.py (est_time=1.0s) [implicit]
stage-a-cpu (1) / run-cpu	UNKNOWN STEP	2026-09-26T01:43:35.1217032Z   - tests/fast/rollout/inference_rollout/integration/test_agent_metadata.py (est_time=1.0s) [implicit]
stage-a-cpu (1) / run-cpu	UNKNOWN STEP	2026-09-26T01:43:35.1217679Z   - tests/fast/rollout/inference_rollout/integration/test_group_rm.py (est_time=1.0s) [implicit]
stage-a-cpu (1) / run-cpu	UNKNOWN STEP	2026-09-26T01:43:35.1218316Z   - tests/fast/rollout/inference_rollout/integration/test_sample_filter.py (est_time=1.0s) [implicit]
stage-a-cpu (1) / run-cpu	UNKNOWN STEP	2026-09-26T01:43:35.1219244Z   - tests/fast/rollout/rm_hub/test_deepscaler.py (est_time=1.0s) [implicit]
stage-a-cpu (1) / run-cpu	UNKNOWN STEP	2026-09-26T01:43:35.1219714Z   - tests/fast/rollout/rm_hub/test_math_utils.py (est_time=1.0s) [implicit]
stage-a-cpu (1) / run-cpu	UNKNOWN STEP	2026-09-26T01:43:35.1220187Z   - tests/fast/rollout/session/test_request_args.py (est_time=1.0s) [implicit]
stage-a-cpu (1) / run-cpu	UNKNOWN STEP	2026-09-26T01:43:35.1220666Z   - tests/fast/rollout/session/test_sessions.py (est_time=1.0s) [implicit]
stage-a-cpu (1) / run-cpu	UNKNOWN STEP	2026-09-26T01:43:35.1221338Z   - tests/fast/router/test_linear_trajectory.py (est_time=1.0s) [implicit]
stage-a-cpu (1) / run-cpu	UNKNOWN STEP	2026-09-26T01:43:35.1221798Z   - tests/fast/router/test_session_anthropic.py (est_time=1.0s) [implicit]
stage-a-cpu (1) / run-cpu	UNKNOWN STEP	2026-09-26T01:43:35.1222273Z   - tests/fast/router/test_session_race_conditions.py (est_time=1.0s) [implicit]
stage-a-cpu (1) / run-cpu	UNKNOWN STEP	2026-09-26T01:43:35.1222737Z   - tests/fast/router/test_session_state.py (est_time=1.0s) [implicit]
stage-a-cpu (1) / run-cpu	UNKNOWN STEP	2026-09-26T01:43:35.1223168Z   - tests/fast/router/test_sessions_v2.py (est_time=1.0s) [implicit]
stage-a-cpu (1) / run-cpu	UNKNOWN STEP	2026-09-26T01:43:35.1223589Z   - tests/fast/test_docker_image_inputs.py (est_time=1.0s) [implicit]
stage-a-cpu (1) / run-cpu	UNKNOWN STEP	2026-09-26T01:43:35.1224000Z   - tests/fast/test_nvfp4_scope.py (est_time=1.0s) [implicit]
stage-a-cpu (1) / run-cpu	UNKNOWN STEP	2026-09-26T01:43:35.1224381Z   - tests/fast/test_qsa_tile_index.py (est_time=1.0s) [implicit]
stage-a-cpu (1) / run-cpu	UNKNOWN STEP	2026-09-26T01:43:35.1224824Z   - tests/fast/test_ray_launcher_unbuffering.py (est_time=1.0s) [implicit]
stage-a-cpu (1) / run-cpu	UNKNOWN STEP	2026-09-26T01:43:35.1225274Z   - tests/fast/tinker/core/test_future.py (est_time=1.0s) [implicit]
stage-a-cpu (1) / run-cpu	UNKNOWN STEP	2026-09-26T01:43:35.1225706Z   - tests/fast/tinker/server/test_app.py (est_time=1.0s) [implicit]
stage-a-cpu (1) / run-cpu	UNKNOWN STEP	2026-09-26T01:43:35.1226242Z   - tests/fast/tinker/test_loss_tables.py (est_time=1.0s) [implicit]
stage-a-cpu (1) / run-cpu	UNKNOWN STEP	2026-09-26T01:43:35.1226689Z   - tests/fast/utils/api_server/test_handles.py (est_time=1.0s) [implicit]
stage-a-cpu (1) / run-cpu	UNKNOWN STEP	2026-09-26T01:43:35.1227217Z   - tests/fast/utils/chat_template_utils/test_fixed_templates.py (est_time=1.0s) [implicit]
stage-a-cpu (1) / run-cpu	UNKNOWN STEP	2026-09-26T01:43:35.1227772Z   - tests/fast/utils/chat_template_utils/test_template.py (est_time=1.0s) [implicit]
stage-a-cpu (1) / run-cpu	UNKNOWN STEP	2026-09-26T01:43:35.1228355Z   - tests/fast/utils/debug_utils/run_megatron/cli/commands/test_run.py (est_time=1.0s) [implicit]
stage-a-cpu (1) / run-cpu	UNKNOWN STEP	2026-09-26T01:43:35.1229148Z   - tests/fast/utils/debug_utils/run_megatron/cli/test_prompt_utils.py (est_time=1.0s) [implicit]
stage-a-cpu (1) / run-cpu	UNKNOWN STEP	2026-09-26T01:43:35.1229747Z   - tests/fast/utils/debug_utils/run_megatron/worker/test_output.py (est_time=1.0s) [implicit]
stage-a-cpu (1) / run-cpu	UNKNOWN STEP	2026-09-26T01:43:35.1230317Z   - tests/fast/utils/debug_utils/test_replay_reward_fn.py (est_time=1.0s) [implicit]
stage-a-cpu (1) / run-cpu	UNKNOWN STEP	2026-09-26T01:43:35.1230849Z   - tests/fast/utils/event_analyzer/rules/test_witness.py (est_time=1.0s) [implicit]
stage-a-cpu (1) / run-cpu	UNKNOWN STEP	2026-09-26T01:43:35.1231351Z   - tests/fast/utils/event_logger/test_models.py (est_time=1.0s) [implicit]
stage-a-cpu (1) / run-cpu	UNKNOWN STEP	2026-09-26T01:43:35.1231838Z   - tests/fast/utils/hf_utils/test_weight_mapping.py (est_time=1.0s) [implicit]
stage-a-cpu (1) / run-cpu	UNKNOWN STEP	2026-09-26T01:43:35.1232301Z   - tests/fast/utils/test_arguments.py (est_time=1.0s) [implicit]
stage-a-cpu (1) / run-cpu	UNKNOWN STEP	2026-09-26T01:43:35.1232715Z   - tests/fast/utils/test_command_utils.py (est_time=1.0s) [implicit]
stage-a-cpu (1) / run-cpu	UNKNOWN STEP	2026-09-26T01:43:35.1233155Z   - tests/fast/utils/test_delta_preparation.py (est_time=1.0s) [implicit]
stage-a-cpu (1) / run-cpu	UNKNOWN STEP	2026-09-26T01:43:35.1233593Z   - tests/fast/utils/test_dp_schedule.py (est_time=1.0s) [implicit]
stage-a-cpu (1) / run-cpu	UNKNOWN STEP	2026-09-26T01:43:35.1234018Z   - tests/fast/utils/test_file_arg_utils.py (est_time=1.0s) [implicit]
stage-a-cpu (1) / run-cpu	UNKNOWN STEP	2026-09-26T01:43:35.1234452Z   - tests/fast/utils/test_heartbeat_utils.py (est_time=1.0s) [implicit]
stage-a-cpu (1) / run-cpu	UNKNOWN STEP	2026-09-26T01:43:35.1234886Z   - tests/fast/utils/test_metric_checker.py (est_time=1.0s) [implicit]
stage-a-cpu (1) / run-cpu	UNKNOWN STEP	2026-09-26T01:43:35.1235311Z   - tests/fast/utils/test_object_store.py (est_time=1.0s) [implicit]
stage-a-cpu (1) / run-cpu	UNKNOWN STEP	2026-09-26T01:43:35.1235733Z   - tests/fast/utils/test_retry_utils.py (est_time=1.0s) [implicit]
stage-a-cpu (1) / run-cpu	UNKNOWN STEP	2026-09-26T01:43:35.1236198Z   - tests/fast/utils/test_targets_expert_leaves.py (est_time=1.0s) [implicit]
stage-a-cpu (1) / run-cpu	UNKNOWN STEP	2026-09-26T01:43:35.1236652Z   - tests/fast/utils/test_typer_utils.py (est_time=1.0s) [implicit]
stage-a-cpu (1) / run-cpu	UNKNOWN STEP	2026-09-26T01:43:35.1237125Z   - tests/fast/utils/test_utils/comparisons/test_metrics.py (est_time=1.0s) [implicit]
stage-a-cpu (1) / run-cpu	UNKNOWN STEP	2026-09-26T01:43:35.1237682Z   - tests/fast/utils/test_utils/test_mock_sglang_http_server.py (est_time=1.0s) [implicit]
stage-a-cpu (1) / run-cpu	UNKNOWN STEP	2026-09-26T01:43:35.1238230Z   - tests/fast/utils/test_utils/test_session_verify_agent.py (est_time=1.0s) [implicit]
stage-a-cpu (1) / run-cpu	UNKNOWN STEP	2026-09-26T01:43:35.1238899Z   - tests/fast/utils/test_witness/test_allocator.py (est_time=1.0s) [implicit]
stage-a-cpu (1) / run-cpu	UNKNOWN STEP	2026-09-26T01:43:35.1239447Z   - tests/fast/utils/workers/e2e/test_client_local_validation.py (est_time=1.0s) [implicit]
stage-a-cpu (1) / run-cpu	UNKNOWN STEP	2026-09-26T01:43:35.1240142Z   - tests/fast/utils/workers/e2e/test_dedup.py (est_time=1.0s) [implicit]
stage-a-cpu (1) / run-cpu	UNKNOWN STEP	2026-09-26T01:43:35.1240651Z   - tests/fast/utils/workers/e2e/test_protocol_raw_http.py (est_time=1.0s) [implicit]
stage-a-cpu (1) / run-cpu	UNKNOWN STEP	2026-09-26T01:43:35.1241199Z   - tests/fast/utils/workers/real_ray/test_ray_worker_manager.py (est_time=1.0s) [implicit]
stage-a-cpu (1) / run-cpu	UNKNOWN STEP	2026-09-26T01:43:35.1241739Z   - tests/fast/utils/workers/rpc/client/test_misc.py (est_time=1.0s) [implicit]
stage-a-cpu (1) / run-cpu	UNKNOWN STEP	2026-09-26T01:43:35.1242250Z   - tests/fast/utils/workers/rpc/server/test_app.py (est_time=1.0s) [implicit]
stage-a-cpu (1) / run-cpu	UNKNOWN STEP	2026-09-26T01:43:35.1242759Z   - tests/fast/utils/workers/serving/test_serve_inner.py (est_time=1.0s) [implicit]
stage-a-cpu (1) / run-cpu	UNKNOWN STEP	2026-09-26T01:43:35.1243267Z   - tests/fast/utils/workers/test_command_actor.py (est_time=1.0s) [implicit]
stage-a-cpu (1) / run-cpu	UNKNOWN STEP	2026-09-26T01:43:35.1243743Z   - tests/fast/utils/workers/test_process_utils.py (est_time=1.0s) [implicit]
stage-a-cpu (1) / run-cpu	UNKNOWN STEP	2026-09-26T01:43:35.1244217Z   - tests/fast/utils/workers/test_worker_info.py (est_time=1.0s) [implicit]
stage-a-cpu (1) / run-cpu	UNKNOWN STEP	2026-09-26T01:43:35.1244503Z 
stage-a-cpu (1) / run-cpu	UNKNOWN STEP	2026-09-26T01:43:35.1266525Z Running: pytest tests/fast/backends/megatron_utils/test_hf_weight_iterator_direct.py tests/fast/backends/test_fsdp_routing_replay.py tests/fast/backends/training_utils/weight_update/test_hf_weight_iterator.py tests/fast/rollout/inference_rollout/test_sample_completion_backfill.py tests/fast/router/test_sglang_anthropic_conversion.py tests/fast/utils/chat_template_utils/test_deepseek_v4.py tests/ci/test/test_fork_ci_image.py tests/fast/test_glm5_indexer_query_norm.py tests/ci/test/test_ci_discovery_coverage.py tests/ci/test/test_ci_failure_analysis.py tests/ci/test/test_ci_history.py tests/ci/test/test_ci_policy.py tests/ci/test/test_ci_register.py tests/ci/test/test_comment_ci_command.py tests/ci/test/test_failure_tail.py tests/ci/test/test_file_run.py tests/ci/test/test_gate_integration.py tests/ci/test/test_hardware.py tests/ci/test/test_history_gate.py tests/ci/test/test_labels.py tests/ci/test/test_metric_history_store.py tests/ci/test/test_neon_store.py tests/ci/test/test_stage_selection.py tests/fast/backends/megatron_utils/test_checkpoint_transfer.py tests/fast/backends/megatron_utils/test_fp32_param_utils.py tests/fast/backends/megatron_utils/test_initialize.py tests/fast/backends/megatron_utils/test_lora_checkpoint_helpers.py tests/fast/backends/megatron_utils/test_model.py tests/fast/backends/megatron_utils/test_mtp_loss_mask_alignment.py tests/fast/backends/megatron_utils/test_optimizer_state_reset.py tests/fast/backends/megatron_utils/test_qwen3_5_mtp_bridge_mapping.py tests/fast/backends/megatron_utils/test_slice_lora_to_rank.py tests/fast/backends/sglang_utils/test_arguments.py tests/fast/backends/sglang_utils/test_router_args_utils.py tests/fast/backends/sglang_utils/test_sglang_config.py tests/fast/backends/test_fsdp_arguments.py tests/fast/backends/test_fsdp_dtensor.py tests/fast/backends/test_fsdp_qwen3_true_on_policy.py tests/fast/backends/test_fsdp_update_weight.py tests/fast/backends/training_utils/loss/test_opd.py tests/fast/backends/training_utils/loss_hub/test_losses_imports.py tests/fast/backends/training_utils/test_cp_log_prob_assembly.py tests/fast/backends/training_utils/test_log_utils_metric_reduction.py tests/fast/backends/training_utils/test_ppo_gae_masks.py tests/fast/backends/training_utils/test_sampling_mask.py tests/fast/backends/training_utils/test_ulysses_cp_utils.py tests/fast/backends/training_utils/weight_update/test_cuda_ipc.py tests/fast/backends/training_utils/weight_update/test_disk_delta_weight_version.py tests/fast/backends/training_utils/weight_update/test_p2p_remote_weight_infos.py tests/fast/dashboard/test_collector.py tests/fast/dashboard/test_dump_reader_views.py tests/fast/dashboard/test_hooks.py tests/fast/dashboard/test_server.py tests/fast/dashboard/test_trajectory_sink.py tests/fast/e2e/ft/test_execution.py tests/fast/e2e/ft/test_scenario_ft_random.py tests/fast/examples/experimental/harbor/test_launch_common.py tests/fast/examples/experimental/hud/test_sglang_compat.py tests/fast/examples/experimental/openenv/test_openenv_e2b_agent_function.py tests/fast/examples/experimental/openenv/test_tb2_sandbox_daytona.py tests/fast/examples/experimental/terminus_compaction/test_run.py tests/fast/examples/infra_features/p2p_weight_transfer/test_run.py tests/fast/launch_scripts/test_sh_harness.py tests/fast/models/test_kimi_k3_lora.py tests/fast/optimizers/test_nvme_stream.py tests/fast/ray/rollout/test_debug_data.py tests/fast/ray/rollout/test_inference_controller_tick.py tests/fast/ray/rollout/test_rollout_server.py tests/fast/ray/rollout/test_rollout_server_locking.py tests/fast/ray/rollout/test_server_cell_dispose.py tests/fast/ray/specs/test_entrypoint.py tests/fast/ray/test_placement_group.py tests/fast/ray/test_wiring.py tests/fast/ray/train/test_cell_restart.py tests/fast/ray/train/test_group_reconcile.py tests/fast/rollout/agentic/test_session.py tests/fast/rollout/generate_utils/test_openai_endpoint_utils.py tests/fast/rollout/inference_rollout/integration/test_agent_metadata.py tests/fast/rollout/inference_rollout/integration/test_group_rm.py tests/fast/rollout/inference_rollout/integration/test_sample_filter.py tests/fast/rollout/rm_hub/test_deepscaler.py tests/fast/rollout/rm_hub/test_math_utils.py tests/fast/rollout/session/test_request_args.py tests/fast/rollout/session/test_sessions.py tests/fast/router/test_linear_trajectory.py tests/fast/router/test_session_anthropic.py tests/fast/router/test_session_race_conditions.py tests/fast/router/test_session_state.py tests/fast/router/test_sessions_v2.py tests/fast/test_docker_image_inputs.py tests/fast/test_nvfp4_scope.py tests/fast/test_qsa_tile_index.py tests/fast/test_ray_launcher_unbuffering.py tests/fast/tinker/core/test_future.py tests/fast/tinker/server/test_app.py tests/fast/tinker/test_loss_tables.py tests/fast/utils/api_server/test_handles.py tests/fast/utils/chat_template_utils/test_fixed_templates.py tests/fast/utils/chat_template_utils/test_template.py tests/fast/utils/debug_utils/run_megatron/cli/commands/test_run.py tests/fast/utils/debug_utils/run_megatron/cli/test_prompt_utils.py tests/fast/utils/debug_utils/run_megatron/worker/test_output.py tests/fast/utils/debug_utils/test_replay_reward_fn.py tests/fast/utils/event_analyzer/rules/test_witness.py tests/fast/utils/event_logger/test_models.py tests/fast/utils/hf_utils/test_weight_mapping.py tests/fast/utils/test_arguments.py tests/fast/utils/test_command_utils.py tests/fast/utils/test_delta_preparation.py tests/fast/utils/test_dp_schedule.py tests/fast/utils/test_file_arg_utils.py tests/fast/utils/test_heartbeat_utils.py tests/fast/utils/test_metric_checker.py tests/fast/utils/test_object_store.py tests/fast/utils/test_retry_utils.py tests/fast/utils/test_targets_expert_leaves.py tests/fast/utils/test_typer_utils.py tests/fast/utils/test_utils/comparisons/test_metrics.py tests/fast/utils/test_utils/test_mock_sglang_http_server.py tests/fast/utils/test_utils/test_session_verify_agent.py tests/fast/utils/test_witness/test_allocator.py tests/fast/utils/workers/e2e/test_client_local_validation.py tests/fast/utils/workers/e2e/test_dedup.py tests/fast/utils/workers/e2e/test_protocol_raw_http.py tests/fast/utils/workers/real_ray/test_ray_worker_manager.py tests/fast/utils/workers/rpc/client/test_misc.py tests/fast/utils/workers/rpc/server/test_app.py tests/fast/utils/workers/serving/test_serve_inner.py tests/fast/utils/workers/test_command_actor.py tests/fast/utils/workers/test_process_utils.py tests/fast/utils/workers/test_worker_info.py -v -x
stage-a-cpu (1) / run-cpu	UNKNOWN STEP	2026-09-26T01:44:00.9478192Z ============================= test session starts ==============================
stage-a-cpu (1) / run-cpu	UNKNOWN STEP	2026-09-26T01:44:00.9479972Z platform linux -- Python 3.11.16, pytest-9.1.1, pluggy-1.6.0 -- /opt/hostedtoolcache/Python/3.11.16/x64/bin/python
stage-a-cpu (1) / run-cpu	UNKNOWN STEP	2026-09-26T01:44:00.9480928Z cachedir: .pytest_cache
stage-a-cpu (1) / run-cpu	UNKNOWN STEP	2026-09-26T01:44:00.9481935Z hypothesis profile 'ci' -> database=None, deadline=None, print_blob=True, derandomize=True, suppress_health_check=(HealthCheck.too_slow,)
stage-a-cpu (1) / run-cpu	UNKNOWN STEP	2026-09-26T01:44:00.9483094Z rootdir: /home/runner/work/miles/miles
stage-a-cpu (1) / run-cpu	UNKNOWN STEP	2026-09-26T01:44:00.9483608Z configfile: pyproject.toml
stage-a-cpu (1) / run-cpu	UNKNOWN STEP	2026-09-26T01:44:00.9484514Z plugins: asyncio-1.4.0, hypothesis-6.168.1, anyio-4.15.1
stage-a-cpu (1) / run-cpu	UNKNOWN STEP	2026-09-26T01:44:00.9485619Z asyncio: mode=Mode.AUTO, debug=False, asyncio_default_fixture_loop_scope=None, asyncio_default_test_loop_scope=function
stage-a-cpu (1) / run-cpu	UNKNOWN STEP	2026-09-26T01:44:10.6940244Z collecting ... collected 3198 items / 1 skipped
stage-a-cpu (1) / run-cpu	UNKNOWN STEP	2026-09-26T01:44:10.6940594Z 
stage-a-cpu (1) / run-cpu	UNKNOWN STEP	2026-09-26T01:44:10.7326613Z tests/fast/backends/megatron_utils/test_hf_weight_iterator_direct.py::test_gather_batches_pack_by_size_only PASSED [  0%]
stage-a-cpu (1) / run-cpu	UNKNOWN STEP	2026-09-26T01:44:10.7355213Z tests/fast/backends/test_fsdp_routing_replay.py::test_discover_returns_global_layer_index_skipping_dense PASSED [  0%]
stage-a-cpu (1) / run-cpu	UNKNOWN STEP	2026-09-26T01:44:10.7386885Z tests/fast/backends/test_fsdp_routing_replay.py::test_discover_is_sorted_by_layer_index PASSED [  0%]
stage-a-cpu (1) / run-cpu	UNKNOWN STEP	2026-09-26T01:44:10.7413326Z tests/fast/backends/test_fsdp_routing_replay.py::test_discover_finds_layers_behind_an_extra_wrapper PASSED [  0%]
stage-a-cpu (1) / run-cpu	UNKNOWN STEP	2026-09-26T01:44:10.7439477Z tests/fast/backends/test_fsdp_routing_replay.py::test_install_assigns_stream_idx_equal_to_global_layer_index PASSED [  0%]
stage-a-cpu (1) / run-cpu	UNKNOWN STEP	2026-09-26T01:44:10.7466302Z tests/fast/backends/test_fsdp_routing_replay.py::test_install_calls_the_adapter_once_per_moe_layer PASSED [  0%]
stage-a-cpu (1) / run-cpu	UNKNOWN STEP	2026-09-26T01:44:10.7491724Z tests/fast/backends/test_fsdp_routing_replay.py::test_install_is_a_noop_when_manager_disabled PASSED [  0%]
stage-a-cpu (1) / run-cpu	UNKNOWN STEP	2026-09-26T01:44:10.7517821Z tests/fast/backends/test_fsdp_routing_replay.py::test_install_raises_when_no_adapter_matches PASSED [  0%]
stage-a-cpu (1) / run-cpu	UNKNOWN STEP	2026-09-26T01:44:10.7544066Z tests/fast/backends/test_fsdp_routing_replay.py::test_install_raises_when_adapter_matches_but_finds_no_layers PASSED [  0%]
stage-a-cpu (1) / run-cpu	UNKNOWN STEP	2026-09-26T01:44:10.7568369Z tests/fast/backends/test_fsdp_routing_replay.py::test_specs_register_adapters_for_every_supported_model_type PASSED [  0%]
stage-a-cpu (1) / run-cpu	UNKNOWN STEP	2026-09-26T01:44:10.7592565Z tests/fast/backends/test_fsdp_routing_replay.py::test_dense_archs_do_not_resolve_to_a_moe_adapter PASSED [  0%]
stage-a-cpu (1) / run-cpu	UNKNOWN STEP	2026-09-26T01:44:10.7616294Z tests/fast/backends/test_fsdp_routing_replay.py::test_enable_follows_use_routing_replay PASSED [  0%]
stage-a-cpu (1) / run-cpu	UNKNOWN STEP	2026-09-26T01:44:10.7640003Z tests/fast/backends/test_fsdp_routing_replay.py::test_enable_defaults_false_when_arg_absent PASSED [  0%]
stage-a-cpu (1) / run-cpu	UNKNOWN STEP	2026-09-26T01:44:10.7663921Z tests/fast/backends/test_fsdp_routing_replay.py::test_enable_turns_on_the_replay_check_only_under_ci_test PASSED [  0%]
stage-a-cpu (1) / run-cpu	UNKNOWN STEP	2026-09-26T01:44:10.7687507Z tests/fast/backends/test_fsdp_routing_replay.py::test_log_prob_stage_is_fallthrough_when_disabled PASSED [  0%]
stage-a-cpu (1) / run-cpu	UNKNOWN STEP	2026-09-26T01:44:10.7711818Z tests/fast/backends/test_fsdp_routing_replay.py::test_log_prob_stage_replays_when_routing_came_from_the_rollout PASSED [  0%]
stage-a-cpu (1) / run-cpu	UNKNOWN STEP	2026-09-26T01:44:10.7735553Z tests/fast/backends/test_fsdp_routing_replay.py::test_log_prob_stage_records_for_the_non_rollout_variant PASSED [  0%]
stage-a-cpu (1) / run-cpu	UNKNOWN STEP	2026-09-26T01:44:10.7759298Z tests/fast/backends/test_fsdp_routing_replay.py::test_fill_is_skipped_for_the_non_rollout_variant PASSED [  0%]
stage-a-cpu (1) / run-cpu	UNKNOWN STEP	2026-09-26T01:44:10.7782747Z tests/fast/backends/test_fsdp_routing_replay.py::test_stage_sets_and_restores PASSED [  0%]
stage-a-cpu (1) / run-cpu	UNKNOWN STEP	2026-09-26T01:44:10.7806148Z tests/fast/backends/test_fsdp_routing_replay.py::test_stage_restores_on_exception PASSED [  0%]
stage-a-cpu (1) / run-cpu	UNKNOWN STEP	2026-09-26T01:44:10.7829193Z tests/fast/backends/test_fsdp_routing_replay.py::test_stage_nests PASSED [  0%]
stage-a-cpu (1) / run-cpu	UNKNOWN STEP	2026-09-26T01:44:10.7861356Z tests/fast/backends/test_fsdp_routing_replay.py::test_ref_model_creation_does_not_install_routing_replay PASSED [  0%]
stage-a-cpu (1) / run-cpu	UNKNOWN STEP	2026-09-26T01:44:10.7884451Z tests/fast/backends/test_fsdp_routing_replay.py::test_resolve_num_layers_from_flat_config PASSED [  0%]
stage-a-cpu (1) / run-cpu	UNKNOWN STEP	2026-09-26T01:44:10.7907793Z tests/fast/backends/test_fsdp_routing_replay.py::test_resolve_num_layers_unwraps_text_config PASSED [  0%]
stage-a-cpu (1) / run-cpu	UNKNOWN STEP	2026-09-26T01:44:10.7931383Z tests/fast/backends/test_fsdp_routing_replay.py::test_resolve_num_layers_prefers_text_config_when_both_present PASSED [  0%]
stage-a-cpu (1) / run-cpu	UNKNOWN STEP	2026-09-26T01:44:10.7955068Z tests/fast/backends/test_fsdp_routing_replay.py::test_resolve_num_layers_uses_get_text_config_when_available PASSED [  0%]
stage-a-cpu (1) / run-cpu	UNKNOWN STEP	2026-09-26T01:44:10.7978522Z tests/fast/backends/test_fsdp_routing_replay.py::test_resolve_num_layers_falls_back_when_text_config_lacks_depth PASSED [  0%]
stage-a-cpu (1) / run-cpu	UNKNOWN STEP	2026-09-26T01:44:10.8002884Z tests/fast/backends/test_fsdp_routing_replay.py::test_resolve_num_layers_returns_none_when_absent PASSED [  0%]
stage-a-cpu (1) / run-cpu	UNKNOWN STEP	2026-09-26T01:44:10.8032022Z tests/fast/backends/training_utils/weight_update/test_hf_weight_iterator.py::TestWeightUpdatePlacement::test_resolve_without_forced_returns_required PASSED [  0%]
stage-a-cpu (1) / run-cpu	UNKNOWN STEP	2026-09-26T01:44:10.8053431Z tests/fast/backends/training_utils/weight_update/test_hf_weight_iterator.py::TestWeightUpdatePlacement::test_resolve_joins_gathered_dims PASSED [  0%]
stage-a-cpu (1) / run-cpu	UNKNOWN STEP	2026-09-26T01:44:10.8076977Z tests/fast/backends/training_utils/weight_update/test_hf_weight_iterator.py::TestIterHfWeightsTemplate::test_adapter_units_join_the_stream_prefixed PASSED [  0%]
stage-a-cpu (1) / run-cpu	UNKNOWN STEP	2026-09-26T01:44:10.8101029Z tests/fast/backends/training_utils/weight_update/test_hf_weight_iterator.py::TestIterHfWeightsTemplate::test_adapter_argument_reaches_the_hook PASSED [  1%]
stage-a-cpu (1) / run-cpu	UNKNOWN STEP	2026-09-26T01:44:10.8124401Z tests/fast/backends/training_utils/weight_update/test_hf_weight_iterator.py::TestIterHfWeightsTemplate::test_include_base_false_streams_adapters_only PASSED [  1%]
stage-a-cpu (1) / run-cpu	UNKNOWN STEP	2026-09-26T01:44:10.8150133Z tests/fast/backends/training_utils/weight_update/test_hf_weight_iterator.py::TestIterHfWeightsTemplate::test_each_adapter_keeps_its_own_prefix PASSED [  1%]
stage-a-cpu (1) / run-cpu	UNKNOWN STEP	2026-09-26T01:44:10.8173971Z tests/fast/backends/training_utils/weight_update/test_hf_weight_iterator.py::TestIterHfWeightsTemplate::test_no_adapters_matches_base_stream PASSED [  1%]
stage-a-cpu (1) / run-cpu	UNKNOWN STEP	2026-09-26T01:44:10.8220577Z tests/fast/rollout/inference_rollout/test_sample_completion_backfill.py::test_sync_driver_defaults_to_group_granularity PASSED [  1%]
stage-a-cpu (1) / run-cpu	UNKNOWN STEP	2026-09-26T01:44:10.8375264Z tests/fast/rollout/inference_rollout/test_sample_completion_backfill.py::test_missing_reward_group_is_refilled_before_default_conversion[None-None] PASSED [  1%]
stage-a-cpu (1) / run-cpu	UNKNOWN STEP	2026-09-26T01:44:10.8526259Z tests/fast/rollout/inference_rollout/test_sample_completion_backfill.py::test_missing_reward_group_is_refilled_before_default_conversion[score-None] PASSED [  1%]
stage-a-cpu (1) / run-cpu	UNKNOWN STEP	2026-09-26T01:44:10.8675668Z tests/fast/rollout/inference_rollout/test_sample_completion_backfill.py::test_missing_reward_group_is_refilled_before_default_conversion[score-missing_reward2] PASSED [  1%]
stage-a-cpu (1) / run-cpu	UNKNOWN STEP	2026-09-26T01:44:10.8810119Z tests/fast/rollout/inference_rollout/test_sample_completion_backfill.py::test_aborted_group_is_classified_before_missing_reward PASSED [  1%]
stage-a-cpu (1) / run-cpu	UNKNOWN STEP	2026-09-26T01:44:10.8945460Z tests/fast/rollout/inference_rollout/test_sample_completion_backfill.py::test_backfill_submits_replacement_before_the_group_returns PASSED [  1%]
stage-a-cpu (1) / run-cpu	UNKNOWN STEP	2026-09-26T01:44:10.9082108Z tests/fast/rollout/inference_rollout/test_sample_completion_backfill.py::test_backfill_does_not_oversubmit_below_one_group PASSED [  1%]
stage-a-cpu (1) / run-cpu	UNKNOWN STEP	2026-09-26T01:44:10.9112418Z tests/fast/rollout/inference_rollout/test_sample_completion_backfill.py::test_failed_sample_cancels_siblings_and_conserves_credits PASSED [  1%]
stage-a-cpu (1) / run-cpu	UNKNOWN STEP	2026-09-26T01:44:10.9139605Z tests/fast/rollout/inference_rollout/test_sample_completion_backfill.py::TestSubmissionSchedulers::test_factory_resolves_granularity[None-group-GroupLevelSubmission] PASSED [  1%]
stage-a-cpu (1) / run-cpu	UNKNOWN STEP	2026-09-26T01:44:10.9165784Z tests/fast/rollout/inference_rollout/test_sample_completion_backfill.py::TestSubmissionSchedulers::test_factory_resolves_granularity[None-sample-SampleBackfillSubmission] PASSED [  1%]
stage-a-cpu (1) / run-cpu	UNKNOWN STEP	2026-09-26T01:44:10.9192339Z tests/fast/rollout/inference_rollout/test_sample_completion_backfill.py::TestSubmissionSchedulers::test_factory_resolves_granularity[group-sample-GroupLevelSubmission] PASSED [  1%]
stage-a-cpu (1) / run-cpu	UNKNOWN STEP	2026-09-26T01:44:10.9218374Z tests/fast/rollout/inference_rollout/test_sample_completion_backfill.py::TestSubmissionSchedulers::test_factory_resolves_granularity[sample-group-SampleBackfillSubmission] PASSED [  1%]
stage-a-cpu (1) / run-cpu	UNKNOWN STEP	2026-09-26T01:44:10.9241493Z tests/fast/rollout/inference_rollout/test_sample_completion_backfill.py::TestSubmissionSchedulers::test_group_level_counts_groups PASSED [  1%]
stage-a-cpu (1) / run-cpu	UNKNOWN STEP	2026-09-26T01:44:10.9264952Z tests/fast/rollout/inference_rollout/test_sample_completion_backfill.py::TestSubmissionSchedulers::test_backfill_counts_samples PASSED [  1%]
stage-a-cpu (1) / run-cpu	UNKNOWN STEP	2026-09-26T01:44:10.9292251Z tests/fast/rollout/inference_rollout/test_sample_completion_backfill.py::TestSubmissionSchedulers::test_orphaned_credits_resync_when_nothing_is_pending PASSED [  1%]
stage-a-cpu (1) / run-cpu	UNKNOWN STEP	2026-09-26T01:44:10.9315126Z tests/fast/rollout/inference_rollout/test_sample_completion_backfill.py::TestSubmissionSchedulers::test_credits_survive_while_groups_are_pending PASSED [  1%]
stage-a-cpu (1) / run-cpu	UNKNOWN STEP	2026-09-26T01:44:10.9345274Z tests/fast/rollout/inference_rollout/test_sample_completion_backfill.py::TestSubmissionSchedulers::test_wait_for_progress_returns_on_group_completion[GroupLevelSubmission] PASSED [  1%]
stage-a-cpu (1) / run-cpu	UNKNOWN STEP	2026-09-26T01:44:10.9374601Z tests/fast/rollout/inference_rollout/test_sample_completion_backfill.py::TestSubmissionSchedulers::test_wait_for_progress_returns_on_group_completion[<lambda>] PASSED [  1%]
stage-a-cpu (1) / run-cpu	UNKNOWN STEP	2026-09-26T01:44:10.9403338Z tests/fast/rollout/inference_rollout/test_sample_completion_backfill.py::TestSubmissionSchedulers::test_wait_for_progress_returns_on_sample_completion PASSED [  1%]
stage-a-cpu (1) / run-cpu	UNKNOWN STEP	2026-09-26T01:44:28.4030287Z tests/fast/router/test_sglang_anthropic_conversion.py::test_sglang_anthropic_conversion_contract PASSED [  1%]
stage-a-cpu (1) / run-cpu	UNKNOWN STEP	2026-09-26T01:44:28.4068058Z tests/fast/utils/chat_template_utils/test_deepseek_v4.py::test_detect_dsv4_by_config PASSED [  1%]
stage-a-cpu (1) / run-cpu	UNKNOWN STEP	2026-09-26T01:44:28.4097292Z tests/fast/utils/chat_template_utils/test_deepseek_v4.py::test_detect_non_dsv4 PASSED [  1%]
stage-a-cpu (1) / run-cpu	UNKNOWN STEP	2026-09-26T01:44:28.4126808Z tests/fast/utils/chat_template_utils/test_deepseek_v4.py::test_detect_dsv32_is_not_dsv4 PASSED [  1%]
stage-a-cpu (1) / run-cpu	UNKNOWN STEP	2026-09-26T01:44:28.4156107Z tests/fast/utils/chat_template_utils/test_deepseek_v4.py::test_detect_ignores_architectures PASSED [  1%]
stage-a-cpu (1) / run-cpu	UNKNOWN STEP	2026-09-26T01:44:28.4184663Z tests/fast/utils/chat_template_utils/test_deepseek_v4.py::test_detect_missing_config_falls_back PASSED [  1%]
stage-a-cpu (1) / run-cpu	UNKNOWN STEP	2026-09-26T01:44:28.4214031Z tests/fast/utils/chat_template_utils/test_deepseek_v4.py::test_detect_invalid_config_falls_back PASSED [  1%]
stage-a-cpu (1) / run-cpu	UNKNOWN STEP	2026-09-26T01:44:28.4243546Z tests/fast/utils/chat_template_utils/test_deepseek_v4.py::test_detect_non_object_config_falls_back PASSED [  1%]
stage-a-cpu (1) / run-cpu	UNKNOWN STEP	2026-09-26T01:44:28.4267122Z tests/fast/utils/chat_template_utils/test_deepseek_v4.py::test_detect_empty_name_or_path PASSED [  1%]
stage-a-cpu (1) / run-cpu	UNKNOWN STEP	2026-09-26T01:44:28.4294110Z tests/fast/utils/chat_template_utils/test_deepseek_v4.py::test_render_matches_direct_encode_messages[chat-no_system] PASSED [  2%]
stage-a-cpu (1) / run-cpu	UNKNOWN STEP	2026-09-26T01:44:28.4320525Z tests/fast/utils/chat_template_utils/test_deepseek_v4.py::test_render_matches_direct_encode_messages[chat-system] PASSED [  2%]
stage-a-cpu (1) / run-cpu	UNKNOWN STEP	2026-09-26T01:44:28.4347550Z tests/fast/utils/chat_template_utils/test_deepseek_v4.py::test_render_matches_direct_encode_messages[chat-tool_calls_and_result] PASSED [  2%]
stage-a-cpu (1) / run-cpu	UNKNOWN STEP	2026-09-26T01:44:28.4374017Z tests/fast/utils/chat_template_utils/test_deepseek_v4.py::test_render_matches_direct_encode_messages[thinking-no_system] PASSED [  2%]
stage-a-cpu (1) / run-cpu	UNKNOWN STEP	2026-09-26T01:44:28.4400299Z tests/fast/utils/chat_template_utils/test_deepseek_v4.py::test_render_matches_direct_encode_messages[thinking-system] PASSED [  2%]
stage-a-cpu (1) / run-cpu	UNKNOWN STEP	2026-09-26T01:44:28.4427618Z tests/fast/utils/chat_template_utils/test_deepseek_v4.py::test_render_matches_direct_encode_messages[thinking-tool_calls_and_result] PASSED [  2%]
stage-a-cpu (1) / run-cpu	UNKNOWN STEP	2026-09-26T01:44:28.4459707Z tests/fast/utils/chat_template_utils/test_deepseek_v4.py::test_apply_chat_template_tokenize_matches_render[chat-no_system] PASSED [  2%]
stage-a-cpu (1) / run-cpu	UNKNOWN STEP	2026-09-26T01:44:28.4492668Z tests/fast/utils/chat_template_utils/test_deepseek_v4.py::test_apply_chat_template_tokenize_matches_render[chat-system] PASSED [  2%]
stage-a-cpu (1) / run-cpu	UNKNOWN STEP	2026-09-26T01:44:28.4525638Z tests/fast/utils/chat_template_utils/test_deepseek_v4.py::test_apply_chat_template_tokenize_matches_render[chat-tool_calls_and_result] PASSED [  2%]
stage-a-cpu (1) / run-cpu	UNKNOWN STEP	2026-09-26T01:44:28.4556825Z tests/fast/utils/chat_template_utils/test_deepseek_v4.py::test_apply_chat_template_tokenize_matches_render[thinking-no_system] PASSED [  2%]
stage-a-cpu (1) / run-cpu	UNKNOWN STEP	2026-09-26T01:44:28.4587971Z tests/fast/utils/chat_template_utils/test_deepseek_v4.py::test_apply_chat_template_tokenize_matches_render[thinking-system] PASSED [  2%]
stage-a-cpu (1) / run-cpu	UNKNOWN STEP	2026-09-26T01:44:28.4620837Z tests/fast/utils/chat_template_utils/test_deepseek_v4.py::test_apply_chat_template_tokenize_matches_render[thinking-tool_calls_and_result] PASSED [  2%]
stage-a-cpu (1) / run-cpu	UNKNOWN STEP	2026-09-26T01:44:28.4644049Z tests/fast/utils/chat_template_utils/test_deepseek_v4.py::test_inherited_kwargs_pass_through PASSED [  2%]
stage-a-cpu (1) / run-cpu	UNKNOWN STEP	2026-09-26T01:44:28.4667096Z tests/fast/utils/chat_template_utils/test_deepseek_v4.py::test_thinking_mode_changes_output PASSED [  2%]
stage-a-cpu (1) / run-cpu	UNKNOWN STEP	2026-09-26T01:44:28.4690243Z tests/fast/utils/chat_template_utils/test_deepseek_v4.py::test_reasoning_effort_omitted_equals_none PASSED [  2%]
stage-a-cpu (1) / run-cpu	UNKNOWN STEP	2026-09-26T01:44:28.4713772Z tests/fast/utils/chat_template_utils/test_deepseek_v4.py::test_reasoning_effort_max_differs_from_none PASSED [  2%]
stage-a-cpu (1) / run-cpu	UNKNOWN STEP	2026-09-26T01:44:28.4736813Z tests/fast/utils/chat_template_utils/test_deepseek_v4.py::test_reasoning_effort_max_matches_direct_encode PASSED [  2%]
stage-a-cpu (1) / run-cpu	UNKNOWN STEP	2026-09-26T01:44:28.4760626Z tests/fast/utils/chat_template_utils/test_deepseek_v4.py::test_reasoning_effort_high_accepted_and_matches_direct PASSED [  2%]
stage-a-cpu (1) / run-cpu	UNKNOWN STEP	2026-09-26T01:44:28.4784517Z tests/fast/utils/chat_template_utils/test_deepseek_v4.py::test_reasoning_effort_invalid_value_raises PASSED [  2%]
stage-a-cpu (1) / run-cpu	UNKNOWN STEP	2026-09-26T01:44:28.4809134Z tests/fast/utils/chat_template_utils/test_deepseek_v4.py::test_render_with_tools_injects_tool_schemas PASSED [  2%]
stage-a-cpu (1) / run-cpu	UNKNOWN STEP	2026-09-26T01:44:28.4834636Z tests/fast/utils/chat_template_utils/test_deepseek_v4.py::test_render_with_tools_matches_manual_system_injection PASSED [  2%]
stage-a-cpu (1) / run-cpu	UNKNOWN STEP	2026-09-26T01:44:28.4858363Z tests/fast/utils/chat_template_utils/test_deepseek_v4.py::test_render_with_tools_reuses_existing_system_message PASSED [  2%]
stage-a-cpu (1) / run-cpu	UNKNOWN STEP	2026-09-26T01:44:28.4881607Z tests/fast/utils/chat_template_utils/test_deepseek_v4.py::test_empty_tools_list_not_injected PASSED [  2%]
stage-a-cpu (1) / run-cpu	UNKNOWN STEP	2026-09-26T01:44:28.4904848Z tests/fast/utils/chat_template_utils/test_deepseek_v4.py::test_bare_function_dict_rejected PASSED [  2%]
stage-a-cpu (1) / run-cpu	UNKNOWN STEP	2026-09-26T01:44:28.4929291Z tests/fast/utils/chat_template_utils/test_deepseek_v4.py::test_render_with_tools_does_not_mutate_input PASSED [  2%]
stage-a-cpu (1) / run-cpu	UNKNOWN STEP	2026-09-26T01:44:28.4959383Z tests/fast/utils/chat_template_utils/test_deepseek_v4.py::test_apply_chat_template_with_tools_dispatches_to_bridge PASSED [  2%]
stage-a-cpu (1) / run-cpu	UNKNOWN STEP	2026-09-26T01:44:28.4988501Z tests/fast/utils/chat_template_utils/test_deepseek_v4.py::test_does_not_mutate_input PASSED [  2%]
stage-a-cpu (1) / run-cpu	UNKNOWN STEP	2026-09-26T01:44:28.5018891Z tests/fast/utils/chat_template_utils/test_deepseek_v4.py::test_dict_arguments_equal_string_arguments PASSED [  2%]
stage-a-cpu (1) / run-cpu	UNKNOWN STEP	2026-09-26T01:44:28.5042848Z tests/fast/utils/chat_template_utils/test_deepseek_v4.py::test_reject_unknown_kwargs PASSED [  2%]
stage-a-cpu (1) / run-cpu	UNKNOWN STEP	2026-09-26T01:44:28.5066428Z tests/fast/utils/chat_template_utils/test_deepseek_v4.py::test_accept_none_tools_and_known_kwargs PASSED [  2%]
stage-a-cpu (1) / run-cpu	UNKNOWN STEP	2026-09-26T01:44:28.5090138Z tests/fast/utils/chat_template_utils/test_deepseek_v4.py::test_enable_thinking_true_maps_to_thinking PASSED [  2%]
stage-a-cpu (1) / run-cpu	UNKNOWN STEP	2026-09-26T01:44:28.5113142Z tests/fast/utils/chat_template_utils/test_deepseek_v4.py::test_enable_thinking_false_maps_to_chat PASSED [  2%]
stage-a-cpu (1) / run-cpu	UNKNOWN STEP	2026-09-26T01:44:28.5136244Z tests/fast/utils/chat_template_utils/test_deepseek_v4.py::test_enable_thinking_absent_defaults_to_thinking PASSED [  3%]
stage-a-cpu (1) / run-cpu	UNKNOWN STEP	2026-09-26T01:44:28.5159365Z tests/fast/utils/chat_template_utils/test_deepseek_v4.py::test_enable_thinking_none_defaults_to_thinking PASSED [  3%]
stage-a-cpu (1) / run-cpu	UNKNOWN STEP	2026-09-26T01:44:28.5182437Z tests/fast/utils/chat_template_utils/test_deepseek_v4.py::test_explicit_thinking_mode_wins_over_enable_thinking PASSED [  3%]
stage-a-cpu (1) / run-cpu	UNKNOWN STEP	2026-09-26T01:44:28.5205359Z tests/fast/utils/chat_template_utils/test_deepseek_v4.py::test_enable_thinking_is_consumed_not_rejected PASSED [  3%]
stage-a-cpu (1) / run-cpu	UNKNOWN STEP	2026-09-26T01:44:28.5227880Z tests/fast/utils/chat_template_utils/test_deepseek_v4.py::test_build_config_does_not_mutate_input_kwargs PASSED [  3%]
stage-a-cpu (1) / run-cpu	UNKNOWN STEP	2026-09-26T01:44:28.5253341Z tests/fast/utils/chat_template_utils/test_deepseek_v4.py::test_add_generation_prompt_false_strips_the_auto_opener[user] PASSED [  3%]
stage-a-cpu (1) / run-cpu	UNKNOWN STEP	2026-09-26T01:44:28.5277806Z tests/fast/utils/chat_template_utils/test_deepseek_v4.py::test_add_generation_prompt_false_strips_the_auto_opener[developer] PASSED [  3%]
stage-a-cpu (1) / run-cpu	UNKNOWN STEP	2026-09-26T01:44:28.5302959Z tests/fast/utils/chat_template_utils/test_deepseek_v4.py::test_add_generation_prompt_false_strips_the_tool_tail_opener PASSED [  3%]
stage-a-cpu (1) / run-cpu	UNKNOWN STEP	2026-09-26T01:44:28.5327959Z tests/fast/utils/chat_template_utils/test_deepseek_v4.py::test_add_generation_prompt_false_strips_one_opener_after_tool_and_user_tail PASSED [  3%]
stage-a-cpu (1) / run-cpu	UNKNOWN STEP	2026-09-26T01:44:28.5351731Z tests/fast/utils/chat_template_utils/test_deepseek_v4.py::test_add_generation_prompt_false_noop_on_empty_wo_eos_assistant_tail PASSED [  3%]
stage-a-cpu (1) / run-cpu	UNKNOWN STEP	2026-09-26T01:44:28.5376201Z tests/fast/utils/chat_template_utils/test_deepseek_v4.py::test_add_generation_prompt_false_noop_on_task_tail[query] PASSED [  3%]
stage-a-cpu (1) / run-cpu	UNKNOWN STEP	2026-09-26T01:44:28.5400914Z tests/fast/utils/chat_template_utils/test_deepseek_v4.py::test_add_generation_prompt_false_noop_on_task_tail[action] PASSED [  3%]
stage-a-cpu (1) / run-cpu	UNKNOWN STEP	2026-09-26T01:44:28.5429658Z tests/fast/utils/chat_template_utils/test_deepseek_v4.py::test_apply_chat_template_forwards_add_generation_prompt PASSED [  3%]
stage-a-cpu (1) / run-cpu	UNKNOWN STEP	2026-09-26T01:44:28.5458279Z tests/fast/utils/chat_template_utils/test_deepseek_v4.py::test_apply_chat_template_dispatches_to_bridge PASSED [  3%]
stage-a-cpu (1) / run-cpu	UNKNOWN STEP	2026-09-26T01:44:28.5487184Z tests/fast/utils/chat_template_utils/test_deepseek_v4.py::test_apply_chat_template_is_generation_ready PASSED [  3%]
stage-a-cpu (1) / run-cpu	UNKNOWN STEP	2026-09-26T01:44:28.5516170Z tests/fast/utils/chat_template_utils/test_deepseek_v4.py::test_dsv32_tokenizer_not_routed_to_dsv4 PASSED [  3%]
stage-a-cpu (1) / run-cpu	UNKNOWN STEP	2026-09-26T01:44:28.5544917Z tests/fast/utils/chat_template_utils/test_deepseek_v4.py::test_non_deepseek_uses_hf_fallback PASSED [  3%]
stage-a-cpu (1) / run-cpu	UNKNOWN STEP	2026-09-26T01:44:28.5570144Z tests/fast/utils/chat_template_utils/test_deepseek_v4.py::test_drop_thinking_false_injected_appends_are_append_only[system] PASSED [  3%]
stage-a-cpu (1) / run-cpu	UNKNOWN STEP	2026-09-26T01:44:28.5595027Z tests/fast/utils/chat_template_utils/test_deepseek_v4.py::test_drop_thinking_false_injected_appends_are_append_only[assistant] PASSED [  3%]
stage-a-cpu (1) / run-cpu	UNKNOWN STEP	2026-09-26T01:44:28.5619761Z tests/fast/utils/chat_template_utils/test_deepseek_v4.py::test_drop_thinking_false_injected_appends_are_append_only[assistant_then_user] PASSED [  3%]
stage-a-cpu (1) / run-cpu	UNKNOWN STEP	2026-09-26T01:44:28.5645114Z tests/fast/utils/chat_template_utils/test_deepseek_v4.py::test_drop_thinking_false_injected_appends_are_append_only[consecutive_assistants_then_user] PASSED [  3%]
stage-a-cpu (1) / run-cpu	UNKNOWN STEP	2026-09-26T01:44:28.5668165Z tests/ci/test/test_fork_ci_image.py::test_fork_with_empty_pr_array_is_bound_to_frozen_merge PASSED [  3%]
stage-a-cpu (1) / run-cpu	UNKNOWN STEP	2026-09-26T01:44:28.5693523Z tests/ci/test/test_fork_ci_image.py::test_rejects_wrong_or_stale_identity[<lambda>0] PASSED [  3%]
stage-a-cpu (1) / run-cpu	UNKNOWN STEP	2026-09-26T01:44:28.5719115Z tests/ci/test/test_fork_ci_image.py::test_rejects_wrong_or_stale_identity[<lambda>1] PASSED [  3%]
stage-a-cpu (1) / run-cpu	UNKNOWN STEP	2026-09-26T01:44:28.5744558Z tests/ci/test/test_fork_ci_image.py::test_rejects_wrong_or_stale_identity[<lambda>2] PASSED [  3%]
stage-a-cpu (1) / run-cpu	UNKNOWN STEP	2026-09-26T01:44:28.5780332Z tests/ci/test/test_fork_ci_image.py::test_rejects_wrong_or_stale_identity[<lambda>3] PASSED [  3%]
stage-a-cpu (1) / run-cpu	UNKNOWN STEP	2026-09-26T01:44:28.5805770Z tests/ci/test/test_fork_ci_image.py::test_rejects_wrong_or_stale_identity[<lambda>4] PASSED [  3%]
stage-a-cpu (1) / run-cpu	UNKNOWN STEP	2026-09-26T01:44:28.5831037Z tests/ci/test/test_fork_ci_image.py::test_rejects_wrong_or_stale_identity[<lambda>5] PASSED [  3%]
stage-a-cpu (1) / run-cpu	UNKNOWN STEP	2026-09-26T01:44:28.5855928Z tests/ci/test/test_fork_ci_image.py::test_rejects_wrong_or_stale_identity[<lambda>6] PASSED [  3%]
stage-a-cpu (1) / run-cpu	UNKNOWN STEP	2026-09-26T01:44:28.5881319Z tests/ci/test/test_fork_ci_image.py::test_rejects_wrong_or_stale_identity[<lambda>7] PASSED [  3%]
stage-a-cpu (1) / run-cpu	UNKNOWN STEP	2026-09-26T01:44:28.5906262Z tests/ci/test/test_fork_ci_image.py::test_rejects_wrong_or_stale_identity[<lambda>8] PASSED [  3%]
stage-a-cpu (1) / run-cpu	UNKNOWN STEP	2026-09-26T01:44:28.5931361Z tests/ci/test/test_fork_ci_image.py::test_rejects_wrong_or_stale_identity[<lambda>9] PASSED [  3%]
stage-a-cpu (1) / run-cpu	UNKNOWN STEP	2026-09-26T01:44:28.5956112Z tests/ci/test/test_fork_ci_image.py::test_rejects_wrong_or_stale_identity[<lambda>10] PASSED [  4%]
stage-a-cpu (1) / run-cpu	UNKNOWN STEP	2026-09-26T01:44:28.5981190Z tests/ci/test/test_fork_ci_image.py::test_rejects_wrong_or_stale_identity[<lambda>11] PASSED [  4%]
stage-a-cpu (1) / run-cpu	UNKNOWN STEP	2026-09-26T01:44:28.6006058Z tests/ci/test/test_fork_ci_image.py::test_rejects_wrong_or_stale_identity[<lambda>12] PASSED [  4%]
stage-a-cpu (1) / run-cpu	UNKNOWN STEP	2026-09-26T01:44:28.6051107Z tests/ci/test/test_fork_ci_image.py::test_request_is_bounded_data PASSED [  4%]
stage-a-cpu (1) / run-cpu	UNKNOWN STEP	2026-09-26T01:44:28.6075105Z tests/ci/test/test_fork_ci_image.py::test_old_attempt_artifact_is_not_a_request PASSED [  4%]
stage-a-cpu (1) / run-cpu	UNKNOWN STEP	2026-09-26T01:44:28.6101978Z tests/ci/test/test_fork_ci_image.py::test_request_archive_cannot_select_another_run PASSED [  4%]
stage-a-cpu (1) / run-cpu	UNKNOWN STEP	2026-09-26T01:44:28.6128904Z tests/ci/test/test_fork_ci_image.py::test_cpu_gate_retains_successful_jobs_on_partial_rerun PASSED [  4%]
stage-a-cpu (1) / run-cpu	UNKNOWN STEP	2026-09-26T01:44:28.6153625Z tests/ci/test/test_fork_ci_image.py::test_partial_rerun_failure_overrides_old_cpu_success PASSED [  4%]
stage-a-cpu (1) / run-cpu	UNKNOWN STEP	2026-09-26T01:44:28.6178450Z tests/ci/test/test_fork_ci_image.py::test_rejects_superseded_runs PASSED [  4%]
stage-a-cpu (1) / run-cpu	UNKNOWN STEP	2026-09-26T01:44:28.7393304Z tests/ci/test/test_fork_ci_image.py::test_validates_new_pr_registration_without_executing_source PASSED [  4%]
stage-a-cpu (1) / run-cpu	UNKNOWN STEP	2026-09-26T01:44:28.7913675Z tests/ci/test/test_fork_ci_image.py::test_label_removal_preserves_source_selection_and_cpu_gate[labels0-success] PASSED [  4%]
stage-a-cpu (1) / run-cpu	UNKNOWN STEP	2026-09-26T01:44:28.8429220Z tests/ci/test/test_fork_ci_image.py::test_label_removal_preserves_source_selection_and_cpu_gate[labels1-failure] PASSED [  4%]
stage-a-cpu (1) / run-cpu	UNKNOWN STEP	2026-09-26T01:44:28.8946625Z tests/ci/test/test_fork_ci_image.py::test_label_removal_preserves_source_selection_and_cpu_gate[labels2-failure] PASSED [  4%]
stage-a-cpu (1) / run-cpu	UNKNOWN STEP	2026-09-26T01:44:28.8972053Z tests/ci/test/test_fork_ci_image.py::test_live_bypass_label_cannot_change_source_cpu_gate PASSED [  4%]
stage-a-cpu (1) / run-cpu	UNKNOWN STEP	2026-09-26T01:44:28.9379176Z tests/ci/test/test_fork_ci_image.py::test_source_symlinks_cannot_reach_host_files[docker/Dockerfile] PASSED [  4%]
stage-a-cpu (1) / run-cpu	UNKNOWN STEP	2026-09-26T01:44:28.9784597Z tests/ci/test/test_fork_ci_image.py::test_source_symlinks_cannot_reach_host_files[docker/build.py] PASSED [  4%]
stage-a-cpu (1) / run-cpu	UNKNOWN STEP	2026-09-26T01:44:29.0184001Z tests/ci/test/test_fork_ci_image.py::test_source_symlinks_cannot_reach_host_files[.dockerignore] PASSED [  4%]
stage-a-cpu (1) / run-cpu	UNKNOWN STEP	2026-09-26T01:44:29.0582108Z tests/ci/test/test_fork_ci_image.py::test_source_symlinks_cannot_reach_host_files[docker/Dockerfile.dockerignore] PASSED [  4%]
stage-a-cpu (1) / run-cpu	UNKNOWN STEP	2026-09-26T01:44:29.1098911Z tests/ci/test/test_fork_ci_image.py::test_source_symlinks_cannot_reach_host_files[tests/e2e/test_new.py] PASSED [  4%]
stage-a-cpu (1) / run-cpu	UNKNOWN STEP	2026-09-26T01:44:29.1607885Z tests/ci/test/test_fork_ci_image.py::test_context_hash_must_match_frozen_source PASSED [  4%]
stage-a-cpu (1) / run-cpu	UNKNOWN STEP	2026-09-26T01:44:29.2002223Z tests/ci/test/test_fork_ci_image.py::test_oci_build_uses_trusted_driver_and_supplied_context PASSED [  4%]
stage-a-cpu (1) / run-cpu	UNKNOWN STEP	2026-09-26T01:44:29.2029466Z tests/ci/test/test_fork_ci_image.py::test_publication_requires_matching_hash_on_both_architectures PASSED [  4%]
stage-a-cpu (1) / run-cpu	UNKNOWN STEP	2026-09-26T01:44:29.2549133Z tests/ci/test/test_fork_ci_image.py::test_publication_only_consumes_the_original_force_request[False-False] PASSED [  4%]
stage-a-cpu (1) / run-cpu	UNKNOWN STEP	2026-09-26T01:44:29.3065263Z tests/ci/test/test_fork_ci_image.py::test_publication_only_consumes_the_original_force_request[True-False] PASSED [  4%]
stage-a-cpu (1) / run-cpu	UNKNOWN STEP	2026-09-26T01:44:29.3604245Z tests/ci/test/test_fork_ci_image.py::test_publication_only_consumes_the_original_force_request[True-True] PASSED [  4%]
stage-a-cpu (1) / run-cpu	UNKNOWN STEP	2026-09-26T01:44:29.3629163Z tests/ci/test/test_fork_ci_image.py::test_observer_waits_past_an_old_attempt_job PASSED [  4%]
stage-a-cpu (1) / run-cpu	UNKNOWN STEP	2026-09-26T01:44:29.3655898Z tests/ci/test/test_fork_ci_image.py::test_observer_stops_without_a_request[completed] PASSED [  4%]
stage-a-cpu (1) / run-cpu	UNKNOWN STEP	2026-09-26T01:44:29.3681556Z tests/ci/test/test_fork_ci_image.py::test_observer_stops_without_a_request[new-attempt] PASSED [  4%]
stage-a-cpu (1) / run-cpu	UNKNOWN STEP	2026-09-26T01:44:29.3707376Z tests/ci/test/test_fork_ci_image.py::test_observer_stops_without_a_request[image-done] PASSED [  4%]
stage-a-cpu (1) / run-cpu	UNKNOWN STEP	2026-09-26T01:44:29.3734177Z tests/ci/test/test_fork_ci_image.py::test_waiter_correlates_publisher_and_waits_for_build_completion PASSED [  4%]
stage-a-cpu (1) / run-cpu	UNKNOWN STEP	2026-09-26T01:44:29.3761667Z tests/ci/test/test_fork_ci_image.py::test_waiter_propagates_publication_failure[failure] PASSED [  4%]
stage-a-cpu (1) / run-cpu	UNKNOWN STEP	2026-09-26T01:44:29.3788652Z tests/ci/test/test_fork_ci_image.py::test_waiter_propagates_publication_failure[cancelled] PASSED [  4%]
stage-a-cpu (1) / run-cpu	UNKNOWN STEP	2026-09-26T01:44:29.3815970Z tests/ci/test/test_fork_ci_image.py::test_waiter_propagates_publication_failure[timed_out] PASSED [  5%]
stage-a-cpu (1) / run-cpu	UNKNOWN STEP	2026-09-26T01:44:29.3844498Z tests/ci/test/test_fork_ci_image.py::test_successful_workflow_without_a_build_cannot_unblock_gpu PASSED [  5%]
stage-a-cpu (1) / run-cpu	UNKNOWN STEP	2026-09-26T01:44:29.3870728Z tests/ci/test/test_fork_ci_image.py::test_waiter_rejects_an_inactive_source[updates0] PASSED [  5%]
stage-a-cpu (1) / run-cpu	UNKNOWN STEP	2026-09-26T01:44:29.3896934Z tests/ci/test/test_fork_ci_image.py::test_waiter_rejects_an_inactive_source[updates1] PASSED [  5%]
stage-a-cpu (1) / run-cpu	UNKNOWN STEP	2026-09-26T01:44:29.4549466Z tests/ci/test/test_fork_ci_image.py::test_source_cancellation_stops_the_build_process_group PASSED [  5%]
stage-a-cpu (1) / run-cpu	UNKNOWN STEP	2026-09-26T01:44:29.4956125Z tests/ci/test/test_fork_ci_image.py::test_workflow_preserves_gate_and_build_publish_boundary PASSED [  5%]
stage-a-cpu (1) / run-cpu	UNKNOWN STEP	2026-09-26T01:44:29.5115402Z tests/fast/test_glm5_indexer_query_norm.py::test_indexer_receives_normalized_query_without_attention_gradients[False-dtype0] PASSED [  5%]
stage-a-cpu (1) / run-cpu	UNKNOWN STEP	2026-09-26T01:44:29.5230961Z tests/fast/test_glm5_indexer_query_norm.py::test_indexer_receives_normalized_query_without_attention_gradients[False-dtype1] PASSED [  5%]
stage-a-cpu (1) / run-cpu	UNKNOWN STEP	2026-09-26T01:44:29.5339755Z tests/fast/test_glm5_indexer_query_norm.py::test_indexer_receives_normalized_query_without_attention_gradients[True-dtype0] PASSED [  5%]
stage-a-cpu (1) / run-cpu	UNKNOWN STEP	2026-09-26T01:44:29.5450156Z tests/fast/test_glm5_indexer_query_norm.py::test_indexer_receives_normalized_query_without_attention_gradients[True-dtype1] PASSED [  5%]
stage-a-cpu (1) / run-cpu	UNKNOWN STEP	2026-09-26T01:44:29.5503535Z tests/ci/test/test_ci_discovery_coverage.py::test_no_test_file_lives_outside_the_tests_tree PASSED [  5%]
stage-a-cpu (1) / run-cpu	UNKNOWN STEP	2026-09-26T01:44:29.5527361Z tests/ci/test/test_ci_discovery_coverage.py::test_no_known_orphan_outlives_its_reason PASSED [  5%]
stage-a-cpu (1) / run-cpu	UNKNOWN STEP	2026-09-26T01:44:30.8655824Z tests/ci/test/test_ci_discovery_coverage.py::test_the_example_suites_reach_the_cpu_plan PASSED [  5%]
stage-a-cpu (1) / run-cpu	UNKNOWN STEP	2026-09-26T01:44:30.8681732Z tests/ci/test/test_ci_failure_analysis.py::test_checked_in_policy_is_valid_and_enabled PASSED [  5%]
stage-a-cpu (1) / run-cpu	UNKNOWN STEP	2026-09-26T01:44:30.8715704Z tests/ci/test/test_ci_failure_analysis.py::test_policy_rejects_invalid_or_expansive_configuration[{"schema_version":"1","schema_version":"1"}-duplicate JSON field] PASSED [  5%]
stage-a-cpu (1) / run-cpu	UNKNOWN STEP	2026-09-26T01:44:30.8750979Z tests/ci/test/test_ci_failure_analysis.py::test_policy_rejects_invalid_or_expansive_configuration[{"schema_version": "1", "prompt_version": "1", "enabled": true, "mode": "job_log", "model": "gpt-5.6-luna", "reasoning_effort": "low", "max_jobs": 15, "max_log_chars_per_job": 14000, "max_total_evidence_chars": 160000, "max_source_files_per_job": 3, "max_source_chars_per_job": 12000, "max_reason_chars": 280, "max_model_calls": 1, "timeout_seconds": 45, "failure_behavior": "omit_analysis", "extra": 1}-unknown policy field] PASSED [  5%]
stage-a-cpu (1) / run-cpu	UNKNOWN STEP	2026-09-26T01:44:30.8783046Z tests/ci/test/test_ci_failure_analysis.py::test_policy_rejects_invalid_or_expansive_configuration[{"schema_version": "1", "prompt_version": "1", "enabled": true, "model": "gpt-5.6-luna", "reasoning_effort": "low", "max_jobs": 15, "max_log_chars_per_job": 14000, "max_total_evidence_chars": 160000, "max_source_files_per_job": 3, "max_source_chars_per_job": 12000, "max_reason_chars": 280, "max_model_calls": 1, "timeout_seconds": 45, "failure_behavior": "omit_analysis"}-missing policy field] PASSED [  5%]
stage-a-cpu (1) / run-cpu	UNKNOWN STEP	2026-09-26T01:44:30.8815921Z tests/ci/test/test_ci_failure_analysis.py::test_policy_rejects_invalid_or_expansive_configuration[{"schema_version": "1", "prompt_version": "1", "enabled": true, "mode": "job_log", "model": "gpt-5.6-luna", "reasoning_effort": "low", "max_jobs": 16, "max_log_chars_per_job": 14000, "max_total_evidence_chars": 160000, "max_source_files_per_job": 3, "max_source_chars_per_job": 12000, "max_reason_chars": 280, "max_model_calls": 1, "timeout_seconds": 45, "failure_behavior": "omit_analysis"}-max_jobs] PASSED [  5%]
stage-a-cpu (1) / run-cpu	UNKNOWN STEP	2026-09-26T01:44:30.8848826Z tests/ci/test/test_ci_failure_analysis.py::test_policy_rejects_invalid_or_expansive_configuration[{"schema_version": "1", "prompt_version": "1", "enabled": true, "mode": "job_log", "model": "arbitrary-model", "reasoning_effort": "low", "max_jobs": 15, "max_log_chars_per_job": 14000, "max_total_evidence_chars": 160000, "max_source_files_per_job": 3, "max_source_chars_per_job": 12000, "max_reason_chars": 280, "max_model_calls": 1, "timeout_seconds": 45, "failure_behavior": "omit_analysis"}-unapproved policy model] PASSED [  5%]
stage-a-cpu (1) / run-cpu	UNKNOWN STEP	2026-09-26T01:44:30.8881051Z tests/ci/test/test_ci_failure_analysis.py::test_policy_rejects_invalid_or_expansive_configuration[{"schema_version": "1", "prompt_version": "1", "enabled": 1, "mode": "job_log", "model": "gpt-5.6-luna", "reasoning_effort": "low", "max_jobs": 15, "max_log_chars_per_job": 14000, "max_total_evidence_chars": 160000, "max_source_files_per_job": 3, "max_source_chars_per_job": 12000, "max_reason_chars": 280, "max_model_calls": 1, "timeout_seconds": 45, "failure_behavior": "omit_analysis"}-enabled] PASSED [  5%]
stage-a-cpu (1) / run-cpu	UNKNOWN STEP	2026-09-26T01:44:30.8902954Z tests/ci/test/test_ci_failure_analysis.py::test_prompt_sha_is_the_git_blob_sha PASSED [  5%]
stage-a-cpu (1) / run-cpu	UNKNOWN STEP	2026-09-26T01:44:30.8927288Z tests/ci/test/test_ci_failure_analysis.py::test_redaction_precedes_bounded_evidence_extraction PASSED [  5%]
stage-a-cpu (1) / run-cpu	UNKNOWN STEP	2026-09-26T01:44:30.8960112Z tests/ci/test/test_ci_failure_analysis.py::test_log_windows_are_deterministic_and_unicode_safe PASSED [  5%]
stage-a-cpu (1) / run-cpu	UNKNOWN STEP	2026-09-26T01:44:30.8996587Z tests/ci/test/test_ci_failure_analysis.py::test_evidence_reaches_the_decisive_line_past_a_long_traceback PASSED [  5%]
stage-a-cpu (1) / run-cpu	UNKNOWN STEP	2026-09-26T01:44:30.9042818Z tests/ci/test/test_ci_failure_analysis.py::test_evidence_spends_the_budget_it_is_given PASSED [  5%]
stage-a-cpu (1) / run-cpu	UNKNOWN STEP	2026-09-26T01:44:30.9075836Z tests/ci/test/test_ci_failure_analysis.py::test_evidence_never_exceeds_a_budget_smaller_than_the_seed_window PASSED [  5%]
stage-a-cpu (1) / run-cpu	UNKNOWN STEP	2026-09-26T01:44:30.9098911Z tests/ci/test/test_ci_failure_analysis.py::test_evidence_stops_growing_at_the_edges_of_a_short_log PASSED [  5%]
stage-a-cpu (1) / run-cpu	UNKNOWN STEP	2026-09-26T01:44:30.9124177Z tests/ci/test/test_ci_failure_analysis.py::test_tag_vocabulary_is_the_only_source_of_the_schema_enum PASSED [  5%]
stage-a-cpu (1) / run-cpu	UNKNOWN STEP	2026-09-26T01:44:30.9149890Z tests/ci/test/test_ci_failure_analysis.py::test_grounded_analysis_keeps_tags_test_name_and_cause_pull_request PASSED [  5%]
stage-a-cpu (1) / run-cpu	UNKNOWN STEP	2026-09-26T01:44:30.9175652Z tests/ci/test/test_ci_failure_analysis.py::test_a_broken_core_contract_still_rejects_the_whole_response[overrides0] PASSED [  5%]
stage-a-cpu (1) / run-cpu	UNKNOWN STEP	2026-09-26T01:44:30.9200945Z tests/ci/test/test_ci_failure_analysis.py::test_a_broken_core_contract_still_rejects_the_whole_response[overrides1] PASSED [  5%]
stage-a-cpu (1) / run-cpu	UNKNOWN STEP	2026-09-26T01:44:30.9226446Z tests/ci/test/test_ci_failure_analysis.py::test_a_broken_core_contract_still_rejects_the_whole_response[overrides2] PASSED [  5%]
stage-a-cpu (1) / run-cpu	UNKNOWN STEP	2026-09-26T01:44:30.9251790Z tests/ci/test/test_ci_failure_analysis.py::test_a_broken_core_contract_still_rejects_the_whole_response[overrides3] PASSED [  6%]
stage-a-cpu (1) / run-cpu	UNKNOWN STEP	2026-09-26T01:44:30.9279416Z tests/ci/test/test_ci_failure_analysis.py::test_an_ungrounded_decoration_drops_itself_and_keeps_the_row[overrides0-tags-expected0] PASSED [  6%]
stage-a-cpu (1) / run-cpu	UNKNOWN STEP	2026-09-26T01:44:30.9306971Z tests/ci/test/test_ci_failure_analysis.py::test_an_ungrounded_decoration_drops_itself_and_keeps_the_row[overrides1-tags-expected1] PASSED [  6%]
stage-a-cpu (1) / run-cpu	UNKNOWN STEP	2026-09-26T01:44:30.9334422Z tests/ci/test/test_ci_failure_analysis.py::test_an_ungrounded_decoration_drops_itself_and_keeps_the_row[overrides2-tags-expected2] PASSED [  6%]
stage-a-cpu (1) / run-cpu	UNKNOWN STEP	2026-09-26T01:44:30.9361570Z tests/ci/test/test_ci_failure_analysis.py::test_an_ungrounded_decoration_drops_itself_and_keeps_the_row[overrides3-tags-expected3] PASSED [  6%]
stage-a-cpu (1) / run-cpu	UNKNOWN STEP	2026-09-26T01:44:30.9388965Z tests/ci/test/test_ci_failure_analysis.py::test_an_ungrounded_decoration_drops_itself_and_keeps_the_row[overrides4-tags-expected4] PASSED [  6%]
stage-a-cpu (1) / run-cpu	UNKNOWN STEP	2026-09-26T01:44:30.9416772Z tests/ci/test/test_ci_failure_analysis.py::test_an_ungrounded_decoration_drops_itself_and_keeps_the_row[overrides5-test_name-None] PASSED [  6%]
stage-a-cpu (1) / run-cpu	UNKNOWN STEP	2026-09-26T01:44:30.9444438Z tests/ci/test/test_ci_failure_analysis.py::test_an_ungrounded_decoration_drops_itself_and_keeps_the_row[overrides6-test_name-None] PASSED [  6%]
stage-a-cpu (1) / run-cpu	UNKNOWN STEP	2026-09-26T01:44:30.9471922Z tests/ci/test/test_ci_failure_analysis.py::test_an_ungrounded_decoration_drops_itself_and_keeps_the_row[overrides7-related_pull_request-None] PASSED [  6%]
stage-a-cpu (1) / run-cpu	UNKNOWN STEP	2026-09-26T01:44:30.9499397Z tests/ci/test/test_ci_failure_analysis.py::test_an_ungrounded_decoration_drops_itself_and_keeps_the_row[overrides8-related_pull_request-None] PASSED [  6%]
stage-a-cpu (1) / run-cpu	UNKNOWN STEP	2026-09-26T01:44:30.9527072Z tests/ci/test/test_ci_failure_analysis.py::test_an_ungrounded_decoration_drops_itself_and_keeps_the_row[overrides9-related_pull_request-None] PASSED [  6%]
stage-a-cpu (1) / run-cpu	UNKNOWN STEP	2026-09-26T01:44:30.9551394Z tests/ci/test/test_ci_failure_analysis.py::test_a_tag_needs_its_whole_phrase_not_scattered_words PASSED [  6%]
stage-a-cpu (1) / run-cpu	UNKNOWN STEP	2026-09-26T01:44:30.9575389Z tests/ci/test/test_ci_failure_analysis.py::test_prompt_states_the_reason_limit_the_policy_enforces PASSED [  6%]
stage-a-cpu (1) / run-cpu	UNKNOWN STEP	2026-09-26T01:44:30.9598027Z tests/ci/test/test_ci_failure_analysis.py::test_audit_names_our_own_validation_rule_but_never_foreign_text PASSED [  6%]
stage-a-cpu (1) / run-cpu	UNKNOWN STEP	2026-09-26T01:44:30.9623271Z tests/ci/test/test_ci_failure_analysis.py::test_every_validation_message_is_declared_safe_for_the_audit PASSED [  6%]
stage-a-cpu (1) / run-cpu	UNKNOWN STEP	2026-09-26T01:44:30.9648513Z tests/ci/test/test_ci_failure_analysis.py::test_a_runner_path_resolves_past_the_repeated_repository_name[__w/miles/miles/miles/utils/test_utils/runner.py-miles/utils/test_utils/runner.py] PASSED [  6%]
stage-a-cpu (1) / run-cpu	UNKNOWN STEP	2026-09-26T01:44:30.9673802Z tests/ci/test/test_ci_failure_analysis.py::test_a_runner_path_resolves_past_the_repeated_repository_name[__w/miles/miles/tests/e2e/sglang/test_qwen36.py-tests/e2e/sglang/test_qwen36.py] PASSED [  6%]
stage-a-cpu (1) / run-cpu	UNKNOWN STEP	2026-09-26T01:44:30.9698292Z tests/ci/test/test_ci_failure_analysis.py::test_a_runner_path_resolves_past_the_repeated_repository_name[home/runner/work/miles/miles/tests/fast/ray/test_layout.py-tests/fast/ray/test_layout.py] PASSED [  6%]
stage-a-cpu (1) / run-cpu	UNKNOWN STEP	2026-09-26T01:44:30.9723446Z tests/ci/test/test_ci_failure_analysis.py::test_a_runner_path_resolves_past_the_repeated_repository_name[miles/utils/misc.py-miles/utils/misc.py] PASSED [  6%]
stage-a-cpu (1) / run-cpu	UNKNOWN STEP	2026-09-26T01:44:30.9749377Z tests/ci/test/test_ci_failure_analysis.py::test_a_runner_path_resolves_past_the_repeated_repository_name[opt/hostedtoolcache/Python/3.11/site-packages/_pytest/python.py-None] PASSED [  6%]
stage-a-cpu (1) / run-cpu	UNKNOWN STEP	2026-09-26T01:44:30.9775803Z tests/ci/test/test_ci_failure_analysis.py::test_log_evidence_drops_the_timestamp_every_line_carries PASSED [  6%]
stage-a-cpu (1) / run-cpu	UNKNOWN STEP	2026-09-26T01:44:30.9801982Z tests/ci/test/test_ci_failure_analysis.py::test_every_failure_block_survives_whole_when_the_budget_allows PASSED [  6%]
stage-a-cpu (1) / run-cpu	UNKNOWN STEP	2026-09-26T01:44:30.9832804Z tests/ci/test/test_ci_failure_analysis.py::test_a_budget_too_small_for_the_blocks_falls_back_to_marker_windows PASSED [  6%]
stage-a-cpu (1) / run-cpu	UNKNOWN STEP	2026-09-26T01:44:30.9855642Z tests/ci/test/test_ci_failure_analysis.py::test_the_suite_summary_names_every_failing_test_in_a_job PASSED [  6%]
stage-a-cpu (1) / run-cpu	UNKNOWN STEP	2026-09-26T01:44:30.9879960Z tests/ci/test/test_ci_failure_analysis.py::test_a_job_with_two_failures_keeps_both_analyses PASSED [  6%]
stage-a-cpu (1) / run-cpu	UNKNOWN STEP	2026-09-26T01:44:30.9905634Z tests/ci/test/test_ci_failure_analysis.py::test_a_response_must_cover_exactly_the_tests_the_suite_named[items0] PASSED [  6%]
stage-a-cpu (1) / run-cpu	UNKNOWN STEP	2026-09-26T01:44:30.9931382Z tests/ci/test/test_ci_failure_analysis.py::test_a_response_must_cover_exactly_the_tests_the_suite_named[items1] PASSED [  6%]
stage-a-cpu (1) / run-cpu	UNKNOWN STEP	2026-09-26T01:44:30.9956791Z tests/ci/test/test_ci_failure_analysis.py::test_a_response_must_cover_exactly_the_tests_the_suite_named[items2] PASSED [  6%]
stage-a-cpu (1) / run-cpu	UNKNOWN STEP	2026-09-26T01:44:30.9979552Z tests/ci/test/test_ci_failure_analysis.py::test_missing_module_paths_cover_deleted_packages_and_module_files PASSED [  6%]
stage-a-cpu (1) / run-cpu	UNKNOWN STEP	2026-09-26T01:44:31.0003543Z tests/ci/test/test_ci_failure_analysis.py::test_absent_test_name_and_cause_pull_request_are_allowed PASSED [  6%]
stage-a-cpu (1) / run-cpu	UNKNOWN STEP	2026-09-26T01:44:31.0026762Z tests/ci/test/test_ci_failure_analysis.py::test_source_locations_keep_only_safe_repository_paths PASSED [  6%]
stage-a-cpu (1) / run-cpu	UNKNOWN STEP	2026-09-26T01:44:31.0050995Z tests/ci/test/test_ci_failure_analysis.py::test_validate_response_accepts_exact_job_and_evidence_contract PASSED [  6%]
stage-a-cpu (1) / run-cpu	UNKNOWN STEP	2026-09-26T01:44:31.0074623Z tests/ci/test/test_ci_failure_analysis.py::test_strict_response_schema_uses_only_supported_structured_output_keywords PASSED [  7%]
stage-a-cpu (1) / run-cpu	UNKNOWN STEP	2026-09-26T01:44:31.0099659Z tests/ci/test/test_ci_failure_analysis.py::test_local_validation_rejects_duplicate_empty_or_invalid_evidence_refs[refs0] PASSED [  7%]
stage-a-cpu (1) / run-cpu	UNKNOWN STEP	2026-09-26T01:44:31.0125035Z tests/ci/test/test_ci_failure_analysis.py::test_local_validation_rejects_duplicate_empty_or_invalid_evidence_refs[refs1] PASSED [  7%]
stage-a-cpu (1) / run-cpu	UNKNOWN STEP	2026-09-26T01:44:31.0150976Z tests/ci/test/test_ci_failure_analysis.py::test_local_validation_rejects_duplicate_empty_or_invalid_evidence_refs[refs2] PASSED [  7%]
stage-a-cpu (1) / run-cpu	UNKNOWN STEP	2026-09-26T01:44:31.0176986Z tests/ci/test/test_ci_failure_analysis.py::test_local_validation_rejects_duplicate_empty_or_invalid_evidence_refs[refs3] PASSED [  7%]
stage-a-cpu (1) / run-cpu	UNKNOWN STEP	2026-09-26T01:44:31.0202839Z tests/ci/test/test_ci_failure_analysis.py::test_validate_response_rejects_untrusted_or_unverifiable_output[<lambda>0] PASSED [  7%]
stage-a-cpu (1) / run-cpu	UNKNOWN STEP	2026-09-26T01:44:31.0228240Z tests/ci/test/test_ci_failure_analysis.py::test_validate_response_rejects_untrusted_or_unverifiable_output[<lambda>1] PASSED [  7%]
stage-a-cpu (1) / run-cpu	UNKNOWN STEP	2026-09-26T01:44:31.0253689Z tests/ci/test/test_ci_failure_analysis.py::test_validate_response_rejects_untrusted_or_unverifiable_output[<lambda>2] PASSED [  7%]
stage-a-cpu (1) / run-cpu	UNKNOWN STEP	2026-09-26T01:44:31.0278864Z tests/ci/test/test_ci_failure_analysis.py::test_validate_response_rejects_untrusted_or_unverifiable_output[<lambda>3] PASSED [  7%]
stage-a-cpu (1) / run-cpu	UNKNOWN STEP	2026-09-26T01:44:31.0305870Z tests/ci/test/test_ci_failure_analysis.py::test_validate_response_rejects_untrusted_or_unverifiable_output[<lambda>4] PASSED [  7%]
stage-a-cpu (1) / run-cpu	UNKNOWN STEP	2026-09-26T01:44:31.0332220Z tests/ci/test/test_ci_failure_analysis.py::test_validate_response_rejects_untrusted_or_unverifiable_output[<lambda>5] PASSED [  7%]
stage-a-cpu (1) / run-cpu	UNKNOWN STEP	2026-09-26T01:44:31.0358128Z tests/ci/test/test_ci_failure_analysis.py::test_validate_response_rejects_untrusted_or_unverifiable_output[<lambda>6] PASSED [  7%]
stage-a-cpu (1) / run-cpu	UNKNOWN STEP	2026-09-26T01:44:31.0384868Z tests/ci/test/test_ci_failure_analysis.py::test_validate_response_rejects_untrusted_or_unverifiable_output[<lambda>7] PASSED [  7%]
stage-a-cpu (1) / run-cpu	UNKNOWN STEP	2026-09-26T01:44:31.0411356Z tests/ci/test/test_ci_failure_analysis.py::test_validate_response_rejects_untrusted_or_unverifiable_output[<lambda>8] PASSED [  7%]
stage-a-cpu (1) / run-cpu	UNKNOWN STEP	2026-09-26T01:44:31.0437725Z tests/ci/test/test_ci_failure_analysis.py::test_validate_response_rejects_untrusted_or_unverifiable_output[<lambda>9] PASSED [  7%]
stage-a-cpu (1) / run-cpu	UNKNOWN STEP	2026-09-26T01:44:31.0464165Z tests/ci/test/test_ci_failure_analysis.py::test_validate_response_rejects_untrusted_or_unverifiable_output[<lambda>10] PASSED [  7%]
stage-a-cpu (1) / run-cpu	UNKNOWN STEP	2026-09-26T01:44:31.0489965Z tests/ci/test/test_ci_failure_analysis.py::test_validate_response_rejects_untrusted_or_unverifiable_output[<lambda>11] PASSED [  7%]
stage-a-cpu (1) / run-cpu	UNKNOWN STEP	2026-09-26T01:44:31.0520505Z tests/ci/test/test_ci_failure_analysis.py::test_disabled_policy_makes_no_github_or_model_call PASSED [  7%]
stage-a-cpu (1) / run-cpu	UNKNOWN STEP	2026-09-26T01:44:31.0552668Z tests/ci/test/test_ci_failure_analysis.py::test_missing_analysis_app_token_preserves_base_card_contract PASSED [  7%]
stage-a-cpu (1) / run-cpu	UNKNOWN STEP	2026-09-26T01:44:31.0584726Z tests/ci/test/test_ci_failure_analysis.py::test_all_missing_logs_get_per_row_fallback_without_model_call PASSED [  7%]
stage-a-cpu (1) / run-cpu	UNKNOWN STEP	2026-09-26T01:44:31.0623761Z tests/ci/test/test_ci_failure_analysis.py::test_four_jobs_are_batched_into_one_bounded_tool_free_request PASSED [  7%]
stage-a-cpu (1) / run-cpu	UNKNOWN STEP	2026-09-26T01:44:31.0659605Z tests/ci/test/test_ci_failure_analysis.py::test_unique_pr_and_trace_path_add_bounded_context_at_exact_sha PASSED [  7%]
stage-a-cpu (1) / run-cpu	UNKNOWN STEP	2026-09-26T01:44:31.0693548Z tests/ci/test/test_ci_failure_analysis.py::test_invalid_model_response_discards_partial_reasons_and_marks_unavailable PASSED [  7%]
stage-a-cpu (1) / run-cpu	UNKNOWN STEP	2026-09-26T01:44:31.0729012Z tests/ci/test/test_ci_failure_analysis.py::test_policy_cap_omits_hidden_jobs_and_records_count PASSED [  7%]
stage-a-cpu (1) / run-cpu	UNKNOWN STEP	2026-09-26T01:44:31.0761235Z tests/ci/test/test_ci_failure_analysis.py::test_unauthorized_run_never_touches_github_or_openai PASSED [  7%]
stage-a-cpu (1) / run-cpu	UNKNOWN STEP	2026-09-26T01:44:31.0785637Z tests/ci/test/test_ci_failure_analysis.py::test_oidc_provider_rejects_unapproved_host_before_sending_token PASSED [  7%]
stage-a-cpu (1) / run-cpu	UNKNOWN STEP	2026-09-26T01:44:31.0811706Z tests/ci/test/test_ci_failure_analysis.py::test_oidc_callback_transport_failure_has_stable_safe_classification PASSED [  7%]
stage-a-cpu (1) / run-cpu	UNKNOWN STEP	2026-09-26T01:44:31.0845159Z tests/ci/test/test_ci_failure_analysis.py::test_wrapped_oidc_callback_failure_is_identified_without_emitting_messages PASSED [  7%]
stage-a-cpu (1) / run-cpu	UNKNOWN STEP	2026-09-26T01:44:31.0882011Z tests/ci/test/test_ci_failure_analysis.py::test_downstream_api_connection_error_classifies_cause_without_emitting_details[https://auth.openai.com/oauth/token?secret=wif-query-secret-openai_wif_exchange] PASSED [  7%]
stage-a-cpu (1) / run-cpu	UNKNOWN STEP	2026-09-26T01:44:31.0921078Z tests/ci/test/test_ci_failure_analysis.py::test_downstream_api_connection_error_classifies_cause_without_emitting_details[https://api.openai.com/v1/responses?secret=api-query-secret-openai_api_transport] PASSED [  7%]
stage-a-cpu (1) / run-cpu	UNKNOWN STEP	2026-09-26T01:44:31.0954032Z tests/ci/test/test_ci_failure_analysis.py::test_unknown_exception_class_and_message_are_not_emitted PASSED [  7%]
stage-a-cpu (1) / run-cpu	UNKNOWN STEP	2026-09-26T01:44:31.0978328Z tests/ci/test/test_ci_failure_analysis.py::test_nested_oidc_http_error_reports_only_allowlisted_root_and_integer_status PASSED [  7%]
stage-a-cpu (1) / run-cpu	UNKNOWN STEP	2026-09-26T01:44:31.1004422Z tests/ci/test/test_ci_failure_analysis.py::test_nested_root_types_are_allowlisted_without_messages[root0-URLError] PASSED [  8%]
stage-a-cpu (1) / run-cpu	UNKNOWN STEP	2026-09-26T01:44:31.1030158Z tests/ci/test/test_ci_failure_analysis.py::test_nested_root_types_are_allowlisted_without_messages[root1-SSLError] PASSED [  8%]
stage-a-cpu (1) / run-cpu	UNKNOWN STEP	2026-09-26T01:44:31.1056036Z tests/ci/test/test_ci_failure_analysis.py::test_nested_root_types_are_allowlisted_without_messages[root2-JSONDecodeError] PASSED [  8%]
stage-a-cpu (1) / run-cpu	UNKNOWN STEP	2026-09-26T01:44:31.1083602Z tests/ci/test/test_ci_failure_analysis.py::test_nested_root_types_are_allowlisted_without_messages[root3-SchemaError] PASSED [  8%]
stage-a-cpu (1) / run-cpu	UNKNOWN STEP	2026-09-26T01:44:31.1110525Z tests/ci/test/test_ci_failure_analysis.py::test_nested_root_types_are_allowlisted_without_messages[root4-RuntimeError] PASSED [  8%]
stage-a-cpu (1) / run-cpu	UNKNOWN STEP	2026-09-26T01:44:31.1134380Z tests/ci/test/test_ci_failure_analysis.py::test_url_error_with_nested_ssl_reason_reports_ssl_as_root PASSED [  8%]
stage-a-cpu (1) / run-cpu	UNKNOWN STEP	2026-09-26T01:44:31.1160917Z tests/ci/test/test_ci_failure_analysis.py::test_oidc_missing_token_value_has_fixed_reason_without_payload_leak[{}] PASSED [  8%]
stage-a-cpu (1) / run-cpu	UNKNOWN STEP	2026-09-26T01:44:31.1186953Z tests/ci/test/test_ci_failure_analysis.py::test_oidc_missing_token_value_has_fixed_reason_without_payload_leak[{"value":""}] PASSED [  8%]
stage-a-cpu (1) / run-cpu	UNKNOWN STEP	2026-09-26T01:44:31.1213742Z tests/ci/test/test_ci_failure_analysis.py::test_oidc_missing_token_value_has_fixed_reason_without_payload_leak[{"other":"sensitive-token"}] PASSED [  8%]
stage-a-cpu (1) / run-cpu	UNKNOWN STEP	2026-09-26T01:44:31.1240332Z tests/ci/test/test_ci_failure_analysis.py::test_oidc_response_decode_has_fixed_reason_without_payload_leak[not-sensitive-json] PASSED [  8%]
stage-a-cpu (1) / run-cpu	UNKNOWN STEP	2026-09-26T01:44:31.1268265Z tests/ci/test/test_ci_failure_analysis.py::test_oidc_response_decode_has_fixed_reason_without_payload_leak[["sensitive-token"]] PASSED [  8%]
stage-a-cpu (1) / run-cpu	UNKNOWN STEP	2026-09-26T01:44:31.1294654Z tests/ci/test/test_ci_failure_analysis.py::test_oidc_response_decode_has_fixed_reason_without_payload_leak[\xff] PASSED [  8%]
stage-a-cpu (1) / run-cpu	UNKNOWN STEP	2026-09-26T01:44:31.1318930Z tests/ci/test/test_ci_failure_analysis.py::test_arbitrary_oidc_reason_attribute_cannot_spoof_audit PASSED [  8%]
stage-a-cpu (1) / run-cpu	UNKNOWN STEP	2026-09-26T01:44:31.1342814Z tests/ci/test/test_ci_failure_analysis.py::test_oidc_marker_subclass_attribute_cannot_spoof_reason PASSED [  8%]
stage-a-cpu (1) / run-cpu	UNKNOWN STEP	2026-09-26T01:44:31.1369565Z tests/ci/test/test_ci_failure_analysis.py::test_github_com_oidc_endpoint_accepts_strict_actions_subdomains[https://pipelines.actions.githubusercontent.com/oidc/token?request_data=opaque] PASSED [  8%]
stage-a-cpu (1) / run-cpu	UNKNOWN STEP	2026-09-26T01:44:31.1395927Z tests/ci/test/test_ci_failure_analysis.py::test_github_com_oidc_endpoint_accepts_strict_actions_subdomains[https://pipelines-ghubeus1.actions.githubusercontent.com/oidc/token?request_data=opaque] PASSED [  8%]
stage-a-cpu (1) / run-cpu	UNKNOWN STEP	2026-09-26T01:44:31.1422086Z tests/ci/test/test_ci_failure_analysis.py::test_github_com_oidc_endpoint_accepts_strict_actions_subdomains[https://regional.runner.actions.githubusercontent.com/oidc/token?request_data=opaque] PASSED [  8%]
stage-a-cpu (1) / run-cpu	UNKNOWN STEP	2026-09-26T01:44:31.1448139Z tests/ci/test/test_ci_failure_analysis.py::test_github_com_oidc_endpoint_accepts_strict_actions_subdomains[https://PIPELINES.ACTIONS.GITHUBUSERCONTENT.COM:443/oidc/token?request_data=opaque] PASSED [  8%]
stage-a-cpu (1) / run-cpu	UNKNOWN STEP	2026-09-26T01:44:31.1474534Z tests/ci/test/test_ci_failure_analysis.py::test_oidc_endpoint_preserves_opaque_path_and_query_while_replacing_audience PASSED [  8%]
stage-a-cpu (1) / run-cpu	UNKNOWN STEP	2026-09-26T01:44:31.1500516Z tests/ci/test/test_ci_failure_analysis.py::test_github_com_oidc_endpoint_rejects_unsafe_or_malformed_urls_before_request[https://actions.githubusercontent.com/oidc/token] PASSED [  8%]
stage-a-cpu (1) / run-cpu	UNKNOWN STEP	2026-09-26T01:44:31.1526143Z tests/ci/test/test_ci_failure_analysis.py::test_github_com_oidc_endpoint_rejects_unsafe_or_malformed_urls_before_request[https://evilactions.githubusercontent.com/oidc/token] PASSED [  8%]
stage-a-cpu (1) / run-cpu	UNKNOWN STEP	2026-09-26T01:44:31.1552043Z tests/ci/test/test_ci_failure_analysis.py::test_github_com_oidc_endpoint_rejects_unsafe_or_malformed_urls_before_request[https://pipelines.actions.githubusercontent.com.evil.example/oidc/token] PASSED [  8%]
stage-a-cpu (1) / run-cpu	UNKNOWN STEP	2026-09-26T01:44:31.1577394Z tests/ci/test/test_ci_failure_analysis.py::test_github_com_oidc_endpoint_rejects_unsafe_or_malformed_urls_before_request[https://actions.githubusercontent.com.evil.example/oidc/token] PASSED [  8%]
stage-a-cpu (1) / run-cpu	UNKNOWN STEP	2026-09-26T01:44:31.1605185Z tests/ci/test/test_ci_failure_analysis.py::test_github_com_oidc_endpoint_rejects_unsafe_or_malformed_urls_before_request[https://pipelines.actions.githubusercontent.com./oidc/token] PASSED [  8%]
stage-a-cpu (1) / run-cpu	UNKNOWN STEP	2026-09-26T01:44:31.1631058Z tests/ci/test/test_ci_failure_analysis.py::test_github_com_oidc_endpoint_rejects_unsafe_or_malformed_urls_before_request[https://127.0.0.1/oidc/token] PASSED [  8%]
stage-a-cpu (1) / run-cpu	UNKNOWN STEP	2026-09-26T01:44:31.1656572Z tests/ci/test/test_ci_failure_analysis.py::test_github_com_oidc_endpoint_rejects_unsafe_or_malformed_urls_before_request[https://[::1]/oidc/token] PASSED [  8%]
stage-a-cpu (1) / run-cpu	UNKNOWN STEP	2026-09-26T01:44:31.1683100Z tests/ci/test/test_ci_failure_analysis.py::test_github_com_oidc_endpoint_rejects_unsafe_or_malformed_urls_before_request[https://user@pipelines.actions.githubusercontent.com/oidc/token] PASSED [  8%]
stage-a-cpu (1) / run-cpu	UNKNOWN STEP	2026-09-26T01:44:31.1709565Z tests/ci/test/test_ci_failure_analysis.py::test_github_com_oidc_endpoint_rejects_unsafe_or_malformed_urls_before_request[***pipelines.actions.githubusercontent.com/oidc/token] PASSED [  8%]
stage-a-cpu (1) / run-cpu	UNKNOWN STEP	2026-09-26T01:44:31.1734488Z tests/ci/test/test_ci_failure_analysis.py::test_github_com_oidc_endpoint_rejects_unsafe_or_malformed_urls_before_request[https://pipelines.actions.githubusercontent.com:444/oidc/token] PASSED [  8%]
stage-a-cpu (1) / run-cpu	UNKNOWN STEP	2026-09-26T01:44:31.1760233Z tests/ci/test/test_ci_failure_analysis.py::test_github_com_oidc_endpoint_rejects_unsafe_or_malformed_urls_before_request[https://pipelines.actions.githubusercontent.com:/oidc/token] PASSED [  8%]
stage-a-cpu (1) / run-cpu	UNKNOWN STEP	2026-09-26T01:44:31.1786136Z tests/ci/test/test_ci_failure_analysis.py::test_github_com_oidc_endpoint_rejects_unsafe_or_malformed_urls_before_request[https://pipelines.actions.githubusercontent.com:notaport/oidc/token] PASSED [  8%]
stage-a-cpu (1) / run-cpu	UNKNOWN STEP	2026-09-26T01:44:31.1813745Z tests/ci/test/test_ci_failure_analysis.py::test_github_com_oidc_endpoint_rejects_unsafe_or_malformed_urls_before_request[https://pipelines.actions.githubusercontent.com:65536/oidc/token] PASSED [  8%]
stage-a-cpu (1) / run-cpu	UNKNOWN STEP	2026-09-26T01:44:31.1839367Z tests/ci/test/test_ci_failure_analysis.py::test_github_com_oidc_endpoint_rejects_unsafe_or_malformed_urls_before_request[https://pipelines.actions.githubusercontent.com/oidc/token#fragment] PASSED [  9%]
stage-a-cpu (1) / run-cpu	UNKNOWN STEP	2026-09-26T01:44:31.1868643Z tests/ci/test/test_ci_failure_analysis.py::test_github_com_oidc_endpoint_rejects_unsafe_or_malformed_urls_before_request[https://pipelines.actions.githubusercontent.com/oidc/token#] PASSED [  9%]
stage-a-cpu (1) / run-cpu	UNKNOWN STEP	2026-09-26T01:44:31.1894653Z tests/ci/test/test_ci_failure_analysis.py::test_github_com_oidc_endpoint_rejects_unsafe_or_malformed_urls_before_request[http://pipelines.actions.githubusercontent.com/oidc/token] PASSED [  9%]
stage-a-cpu (1) / run-cpu	UNKNOWN STEP	2026-09-26T01:44:31.1920138Z tests/ci/test/test_ci_failure_analysis.py::test_github_com_oidc_endpoint_rejects_unsafe_or_malformed_urls_before_request[https://pipelines.actions.githubusercontent.com] PASSED [  9%]
stage-a-cpu (1) / run-cpu	UNKNOWN STEP	2026-09-26T01:44:31.1946038Z tests/ci/test/test_ci_failure_analysis.py::test_github_com_oidc_endpoint_rejects_unsafe_or_malformed_urls_before_request[https://pipelines.actions.githubusercontent.com/] PASSED [  9%]
stage-a-cpu (1) / run-cpu	UNKNOWN STEP	2026-09-26T01:44:31.1971879Z tests/ci/test/test_ci_failure_analysis.py::test_github_com_oidc_endpoint_rejects_unsafe_or_malformed_urls_before_request[https://pipelines.actions.githubusercontent.com//other/path] PASSED [  9%]
stage-a-cpu (1) / run-cpu	UNKNOWN STEP	2026-09-26T01:44:31.1997497Z tests/ci/test/test_ci_failure_analysis.py::test_github_com_oidc_endpoint_rejects_unsafe_or_malformed_urls_before_request[https://pipelines.actions.githubusercontent.com/\\other/path] PASSED [  9%]
stage-a-cpu (1) / run-cpu	UNKNOWN STEP	2026-09-26T01:44:31.2024938Z tests/ci/test/test_ci_failure_analysis.py::test_github_com_oidc_endpoint_rejects_unsafe_or_malformed_urls_before_request[https://pipelines.actions.githubusercontent.com/oidc path] PASSED [  9%]
stage-a-cpu (1) / run-cpu	UNKNOWN STEP	2026-09-26T01:44:31.2050893Z tests/ci/test/test_ci_failure_analysis.py::test_github_com_oidc_endpoint_rejects_unsafe_or_malformed_urls_before_request[https://pipelines.actions.githubusercontent.com/oidc\tpath] PASSED [  9%]
stage-a-cpu (1) / run-cpu	UNKNOWN STEP	2026-09-26T01:44:31.2076356Z tests/ci/test/test_ci_failure_analysis.py::test_github_com_oidc_endpoint_rejects_unsafe_or_malformed_urls_before_request[https://-regional.actions.githubusercontent.com/oidc/token] PASSED [  9%]
stage-a-cpu (1) / run-cpu	UNKNOWN STEP	2026-09-26T01:44:31.2102376Z tests/ci/test/test_ci_failure_analysis.py::test_github_com_oidc_endpoint_rejects_unsafe_or_malformed_urls_before_request[https://regional-.actions.githubusercontent.com/oidc/token] PASSED [  9%]
stage-a-cpu (1) / run-cpu	UNKNOWN STEP	2026-09-26T01:44:31.2128135Z tests/ci/test/test_ci_failure_analysis.py::test_github_com_oidc_endpoint_rejects_unsafe_or_malformed_urls_before_request[https://regional..actions.githubusercontent.com/oidc/token] PASSED [  9%]
stage-a-cpu (1) / run-cpu	UNKNOWN STEP	2026-09-26T01:44:31.2153133Z tests/ci/test/test_ci_failure_analysis.py::test_oidc_provider_does_not_follow_redirects PASSED [  9%]
stage-a-cpu (1) / run-cpu	UNKNOWN STEP	2026-09-26T01:44:31.2175655Z tests/ci/test/test_ci_history.py::test_all_backends_registered PASSED    [  9%]
stage-a-cpu (1) / run-cpu	UNKNOWN STEP	2026-09-26T01:44:31.2213205Z tests/ci/test/test_ci_history.py::test_record_has_target_keys_and_is_parseable PASSED [  9%]
stage-a-cpu (1) / run-cpu	UNKNOWN STEP	2026-09-26T01:44:31.2246175Z tests/ci/test/test_ci_history.py::test_v1_v2_tito_metrics_remain_separate_after_attempt_merge PASSED [  9%]
stage-a-cpu (1) / run-cpu	UNKNOWN STEP	2026-09-26T01:44:31.2277809Z tests/ci/test/test_ci_history.py::test_only_target_keys_captured PASSED  [  9%]
stage-a-cpu (1) / run-cpu	UNKNOWN STEP	2026-09-26T01:44:31.2325790Z tests/ci/test/test_ci_history.py::test_non_numeric_target_metric_errors_without_partial_capture PASSED [  9%]
stage-a-cpu (1) / run-cpu	UNKNOWN STEP	2026-09-26T01:44:31.2364437Z tests/ci/test/test_ci_history.py::test_non_finite_values_recorded_as_strict_json_markers PASSED [  9%]
stage-a-cpu (1) / run-cpu	UNKNOWN STEP	2026-09-26T01:44:31.2395833Z tests/ci/test/test_ci_history.py::test_record_carries_no_identity PASSED [  9%]
stage-a-cpu (1) / run-cpu	UNKNOWN STEP	2026-09-26T01:44:31.2424039Z tests/ci/test/test_ci_history.py::test_disabled_when_env_unset PASSED    [  9%]
stage-a-cpu (1) / run-cpu	UNKNOWN STEP	2026-09-26T01:44:31.2455470Z tests/ci/test/test_ci_history.py::test_flush_survives_without_finish PASSED [  9%]
stage-a-cpu (1) / run-cpu	UNKNOWN STEP	2026-09-26T01:44:31.2489013Z tests/ci/test/test_ci_history.py::test_distinct_backend_instances_do_not_clobber_current_record_files PASSED [  9%]
stage-a-cpu (1) / run-cpu	UNKNOWN STEP	2026-09-26T01:44:31.2519114Z tests/ci/test/test_ci_history.py::test_attempt_isolation PASSED          [  9%]
stage-a-cpu (1) / run-cpu	UNKNOWN STEP	2026-09-26T01:44:31.2547283Z tests/ci/test/test_ci_history.py::test_attempt_record_dir_disambiguates_test_filenames PASSED [  9%]
stage-a-cpu (1) / run-cpu	UNKNOWN STEP	2026-09-26T01:44:31.3070227Z tests/ci/test/test_ci_history.py::test_run_unittest_files_hands_off_attempt_record_dir PASSED [  9%]
stage-a-cpu (1) / run-cpu	UNKNOWN STEP	2026-09-26T01:44:31.3100927Z tests/ci/test/test_ci_policy.py::test_trigger_facts_resolve_to_stable_workflow_outputs[pull_request--[]-regular-raw_labels0-False] PASSED [  9%]
stage-a-cpu (1) / run-cpu	UNKNOWN STEP	2026-09-26T01:44:31.3131095Z tests/ci/test/test_ci_policy.py::test_trigger_facts_resolve_to_stable_workflow_outputs[pull_request--["run-ci-megatron", "bypass-fastfail"]-regular-raw_labels1-True] PASSED [  9%]
stage-a-cpu (1) / run-cpu	UNKNOWN STEP	2026-09-26T01:44:31.3162629Z tests/ci/test/test_ci_policy.py::test_trigger_facts_resolve_to_stable_workflow_outputs[pull_request--["ignored", "run-ci-megatron", "nightly", "run-ci-megatron", "run-ci-a_B.c-d", "run-ci-/unsafe"]-nightly-raw_labels2-True] PASSED [  9%]
stage-a-cpu (1) / run-cpu	UNKNOWN STEP	2026-09-26T01:44:31.3191640Z tests/ci/test/test_ci_policy.py::test_trigger_facts_resolve_to_stable_workflow_outputs[schedule-0 15 * * 0-5-not JSON-nightly-raw_labels3-True] PASSED [  9%]
stage-a-cpu (1) / run-cpu	UNKNOWN STEP	2026-09-26T01:44:31.3221205Z tests/ci/test/test_ci_policy.py::test_trigger_facts_resolve_to_stable_workflow_outputs[schedule-0 15 * * 6-not JSON-weekly-raw_labels4-True] PASSED [  9%]
stage-a-cpu (1) / run-cpu	UNKNOWN STEP	2026-09-26T01:44:31.3250481Z tests/ci/test/test_ci_policy.py::test_trigger_facts_resolve_to_stable_workflow_outputs[workflow_dispatch--not JSON-regular-raw_labels5-False] PASSED [  9%]
stage-a-cpu (1) / run-cpu	UNKNOWN STEP	2026-09-26T01:44:31.3275538Z tests/ci/test/test_ci_policy.py::test_pull_request_rejects_non_string_array_labels[{] PASSED [ 10%]
stage-a-cpu (1) / run-cpu	UNKNOWN STEP	2026-09-26T01:44:31.3300589Z tests/ci/test/test_ci_policy.py::test_pull_request_rejects_non_string_array_labels[{}] PASSED [ 10%]
stage-a-cpu (1) / run-cpu	UNKNOWN STEP	2026-09-26T01:44:31.3324498Z tests/ci/test/test_ci_policy.py::test_pull_request_rejects_non_string_array_labels[null] PASSED [ 10%]
stage-a-cpu (1) / run-cpu	UNKNOWN STEP	2026-09-26T01:44:31.3349347Z tests/ci/test/test_ci_policy.py::test_pull_request_rejects_non_string_array_labels[["run-ci-megatron", 1]] PASSED [ 10%]
stage-a-cpu (1) / run-cpu	UNKNOWN STEP	2026-09-26T01:44:31.3372962Z tests/ci/test/test_ci_policy.py::test_unknown_schedule_is_not_assumed_to_be_nightly PASSED [ 10%]
stage-a-cpu (1) / run-cpu	UNKNOWN STEP	2026-09-26T01:44:31.3396624Z tests/ci/test/test_ci_policy.py::test_unknown_trigger_is_rejected PASSED [ 10%]
stage-a-cpu (1) / run-cpu	UNKNOWN STEP	2026-09-26T01:44:31.3420330Z tests/ci/test/test_ci_policy.py::test_nightly_label_and_nightly_schedule_share_the_same_run_policy PASSED [ 10%]
stage-a-cpu (1) / run-cpu	UNKNOWN STEP	2026-09-26T01:44:31.3443406Z tests/ci/test/test_ci_policy.py::test_weekly_schedule_resolves_to_independent_full_policy PASSED [ 10%]
stage-a-cpu (1) / run-cpu	UNKNOWN STEP	2026-09-26T01:44:32.3362733Z tests/ci/test/test_ci_policy.py::test_cli_appends_exact_github_outputs[[]-existing=value\ncadence=regular\nraw_labels=\nbypass_fastfail=false\nskipped_stages=["stage-b-2-gpu-h200","stage-c-2-gpu-h200","stage-c-4-gpu-h200","stage-c-4-gpu-mi350","stage-c-8-gpu-b200","stage-c-8-gpu-h100","stage-c-8-gpu-h200"]\nneeds_cuda_image=false\n] PASSED [ 10%]
stage-a-cpu (1) / run-cpu	UNKNOWN STEP	2026-09-26T01:44:33.3242817Z tests/ci/test/test_ci_policy.py::test_cli_appends_exact_github_outputs[["run-ci-megatron", "nightly", "run-ci-megatron", "ignored"]-existing=value\ncadence=nightly\nraw_labels=run-ci-megatron nightly run-ci-megatron\nbypass_fastfail=true\nskipped_stages=[]\nneeds_cuda_image=true\n] PASSED [ 10%]
stage-a-cpu (1) / run-cpu	UNKNOWN STEP	2026-09-26T01:44:33.3622290Z tests/ci/test/test_ci_policy.py::test_non_pr_cli_preserves_image_preparation[schedule-0 15 * * 0-5-] PASSED [ 10%]
stage-a-cpu (1) / run-cpu	UNKNOWN STEP	2026-09-26T01:44:33.4000276Z tests/ci/test/test_ci_policy.py::test_non_pr_cli_preserves_image_preparation[schedule-0 15 * * 6-] PASSED [ 10%]
stage-a-cpu (1) / run-cpu	UNKNOWN STEP	2026-09-26T01:44:33.4375058Z tests/ci/test/test_ci_policy.py::test_non_pr_cli_preserves_image_preparation[workflow_dispatch--] PASSED [ 10%]
stage-a-cpu (1) / run-cpu	UNKNOWN STEP	2026-09-26T01:44:33.4749202Z tests/ci/test/test_ci_policy.py::test_non_pr_cli_preserves_image_preparation[push--release] PASSED [ 10%]
stage-a-cpu (1) / run-cpu	UNKNOWN STEP	2026-09-26T01:44:33.5124664Z tests/ci/test/test_ci_policy.py::test_cli_fails_for_unknown_schedule PASSED [ 10%]
stage-a-cpu (1) / run-cpu	UNKNOWN STEP	2026-09-26T01:44:33.5158073Z tests/ci/test/test_ci_register.py::TestRegisterPositive::test_cuda_basic_with_one_label PASSED [ 10%]
stage-a-cpu (1) / run-cpu	UNKNOWN STEP	2026-09-26T01:44:33.5190702Z tests/ci/test/test_ci_register.py::TestRegisterPositive::test_labels_omitted_is_always_run PASSED [ 10%]
stage-a-cpu (1) / run-cpu	UNKNOWN STEP	2026-09-26T01:44:33.5222527Z tests/ci/test/test_ci_register.py::TestRegisterPositive::test_cuda_multiple_labels PASSED [ 10%]
stage-a-cpu (1) / run-cpu	UNKNOWN STEP	2026-09-26T01:44:33.5253870Z tests/ci/test/test_ci_register.py::TestRegisterPositive::test_disabled_string_passthrough PASSED [ 10%]
stage-a-cpu (1) / run-cpu	UNKNOWN STEP	2026-09-26T01:44:33.5285672Z tests/ci/test/test_ci_register.py::TestRegisterPositive::test_nightly_true_passthrough PASSED [ 10%]
stage-a-cpu (1) / run-cpu	UNKNOWN STEP	2026-09-26T01:44:33.5320997Z tests/ci/test/test_ci_register.py::TestRegisterNegative::test_gpu_labels_must_be_non_empty[-register_cuda_ci] PASSED [ 10%]
stage-a-cpu (1) / run-cpu	UNKNOWN STEP	2026-09-26T01:44:33.5354921Z tests/ci/test/test_ci_register.py::TestRegisterNegative::test_gpu_labels_must_be_non_empty[-register_rocm_ci] PASSED [ 10%]
stage-a-cpu (1) / run-cpu	UNKNOWN STEP	2026-09-26T01:44:33.5388549Z tests/ci/test/test_ci_register.py::TestRegisterNegative::test_gpu_labels_must_be_non_empty[, labels=None-register_cuda_ci] PASSED [ 10%]
stage-a-cpu (1) / run-cpu	UNKNOWN STEP	2026-09-26T01:44:33.5422977Z tests/ci/test/test_ci_register.py::TestRegisterNegative::test_gpu_labels_must_be_non_empty[, labels=None-register_rocm_ci] PASSED [ 10%]
stage-a-cpu (1) / run-cpu	UNKNOWN STEP	2026-09-26T01:44:33.5456741Z tests/ci/test/test_ci_register.py::TestRegisterNegative::test_gpu_labels_must_be_non_empty[, labels=[]-register_cuda_ci] PASSED [ 10%]
stage-a-cpu (1) / run-cpu	UNKNOWN STEP	2026-09-26T01:44:33.5490095Z tests/ci/test/test_ci_register.py::TestRegisterNegative::test_gpu_labels_must_be_non_empty[, labels=[]-register_rocm_ci] PASSED [ 10%]
stage-a-cpu (1) / run-cpu	UNKNOWN STEP	2026-09-26T01:44:33.5522521Z tests/ci/test/test_ci_register.py::TestRegisterNegative::test_unknown_label_rejected PASSED [ 10%]
stage-a-cpu (1) / run-cpu	UNKNOWN STEP	2026-09-26T01:44:33.5556065Z tests/ci/test/test_ci_register.py::TestRegisterNegative::test_cuda_hardware_must_be_non_empty[] PASSED [ 10%]
stage-a-cpu (1) / run-cpu	UNKNOWN STEP	2026-09-26T01:44:33.5588654Z tests/ci/test/test_ci_register.py::TestRegisterNegative::test_cuda_hardware_must_be_non_empty[, hardware=None] PASSED [ 10%]
stage-a-cpu (1) / run-cpu	UNKNOWN STEP	2026-09-26T01:44:33.5621731Z tests/ci/test/test_ci_register.py::TestRegisterNegative::test_cuda_hardware_must_be_non_empty[, hardware=[]] PASSED [ 10%]
stage-a-cpu (1) / run-cpu	UNKNOWN STEP	2026-09-26T01:44:33.5653606Z tests/ci/test/test_ci_register.py::TestRegisterNegative::test_unknown_arch_rejected PASSED [ 10%]
stage-a-cpu (1) / run-cpu	UNKNOWN STEP	2026-09-26T01:44:33.5685911Z tests/ci/test/test_ci_register.py::TestRegisterNegative::test_duplicated_arch_rejected PASSED [ 10%]
stage-a-cpu (1) / run-cpu	UNKNOWN STEP	2026-09-26T01:44:33.5717918Z tests/ci/test/test_ci_register.py::TestRegisterNegative::test_unknown_cuda_suite_rejected PASSED [ 11%]
stage-a-cpu (1) / run-cpu	UNKNOWN STEP	2026-09-26T01:44:33.5753124Z tests/ci/test/test_ci_register.py::TestRegisterNegative::test_home_stage_must_match_default_arch[stage-c-8-gpu-b200-["hopper", "blackwell"]] PASSED [ 11%]
stage-a-cpu (1) / run-cpu	UNKNOWN STEP	2026-09-26T01:44:33.5787357Z tests/ci/test/test_ci_register.py::TestRegisterNegative::test_home_stage_must_match_default_arch[stage-c-8-gpu-b200-["hopper"]] PASSED [ 11%]
stage-a-cpu (1) / run-cpu	UNKNOWN STEP	2026-09-26T01:44:33.5831057Z tests/ci/test/test_ci_register.py::TestRegisterNegative::test_home_stage_must_match_default_arch[stage-c-8-gpu-h100-["blackwell"]] PASSED [ 11%]
stage-a-cpu (1) / run-cpu	UNKNOWN STEP	2026-09-26T01:44:33.5864576Z tests/ci/test/test_ci_register.py::TestRegisterNegative::test_hardware_rejected_outside_cuda[register_cpu_ci] PASSED [ 11%]
stage-a-cpu (1) / run-cpu	UNKNOWN STEP	2026-09-26T01:44:33.5897832Z tests/ci/test/test_ci_register.py::TestRegisterNegative::test_hardware_rejected_outside_cuda[register_rocm_ci] PASSED [ 11%]
stage-a-cpu (1) / run-cpu	UNKNOWN STEP	2026-09-26T01:44:33.5930186Z tests/ci/test/test_ci_register.py::TestRegisterNegative::test_num_gpus_kwarg_rejected PASSED [ 11%]
stage-a-cpu (1) / run-cpu	UNKNOWN STEP	2026-09-26T01:44:33.5962327Z tests/ci/test/test_ci_register.py::TestRegisterNegative::test_always_on_kwarg_rejected PASSED [ 11%]
stage-a-cpu (1) / run-cpu	UNKNOWN STEP	2026-09-26T01:44:33.5994159Z tests/ci/test/test_ci_register.py::TestRegisterNegative::test_labels_string_rejected PASSED [ 11%]
stage-a-cpu (1) / run-cpu	UNKNOWN STEP	2026-09-26T01:44:33.6027419Z tests/ci/test/test_ci_register.py::TestRegisterNegative::test_nightly_non_boolean_rejected["yes"] PASSED [ 11%]
stage-a-cpu (1) / run-cpu	UNKNOWN STEP	2026-09-26T01:44:33.6060637Z tests/ci/test/test_ci_register.py::TestRegisterNegative::test_nightly_non_boolean_rejected[1] PASSED [ 11%]
stage-a-cpu (1) / run-cpu	UNKNOWN STEP	2026-09-26T01:44:33.6093715Z tests/ci/test/test_ci_register.py::TestRegisterNegative::test_nightly_non_boolean_rejected[None] PASSED [ 11%]
stage-a-cpu (1) / run-cpu	UNKNOWN STEP	2026-09-26T01:44:33.6125769Z tests/ci/test/test_ci_register.py::TestRegisterNegative::test_positional_third_arg_rejected PASSED [ 11%]
stage-a-cpu (1) / run-cpu	UNKNOWN STEP	2026-09-26T01:44:33.6157981Z tests/ci/test/test_ci_register.py::TestRegisterNegative::test_duplicate_kwarg_rejected PASSED [ 11%]
stage-a-cpu (1) / run-cpu	UNKNOWN STEP	2026-09-26T01:44:33.6187400Z tests/ci/test/test_ci_register.py::TestSelectionHelpers::test_extract_constant_int PASSED [ 11%]
stage-a-cpu (1) / run-cpu	UNKNOWN STEP	2026-09-26T01:44:33.6216720Z tests/ci/test/test_ci_register.py::TestSelectionHelpers::test_extract_constant_str PASSED [ 11%]
stage-a-cpu (1) / run-cpu	UNKNOWN STEP	2026-09-26T01:44:33.6245575Z tests/ci/test/test_ci_register.py::TestSelectionHelpers::test_extract_constant_bool PASSED [ 11%]
stage-a-cpu (1) / run-cpu	UNKNOWN STEP	2026-09-26T01:44:33.6274960Z tests/ci/test/test_ci_register.py::TestSelectionHelpers::test_extract_constant_non_constant_returns_unset PASSED [ 11%]
stage-a-cpu (1) / run-cpu	UNKNOWN STEP	2026-09-26T01:44:33.6304504Z tests/ci/test/test_ci_register.py::TestSelectionHelpers::test_extract_list_constant_strings PASSED [ 11%]
stage-a-cpu (1) / run-cpu	UNKNOWN STEP	2026-09-26T01:44:33.6333794Z tests/ci/test/test_ci_register.py::TestSelectionHelpers::test_extract_list_constant_empty PASSED [ 11%]
stage-a-cpu (1) / run-cpu	UNKNOWN STEP	2026-09-26T01:44:33.6363308Z tests/ci/test/test_ci_register.py::TestSelectionHelpers::test_extract_list_constant_none_is_empty PASSED [ 11%]
stage-a-cpu (1) / run-cpu	UNKNOWN STEP	2026-09-26T01:44:33.6393150Z tests/ci/test/test_ci_register.py::TestSelectionHelpers::test_extract_list_constant_non_list PASSED [ 11%]
stage-a-cpu (1) / run-cpu	UNKNOWN STEP	2026-09-26T01:44:33.6423699Z tests/ci/test/test_ci_register.py::TestSelectionHelpers::test_extract_list_constant_non_literal_element PASSED [ 11%]
stage-a-cpu (1) / run-cpu	UNKNOWN STEP	2026-09-26T01:44:33.6453563Z tests/ci/test/test_ci_register.py::TestSelectionHelpers::test_extract_list_constant_non_string_element PASSED [ 11%]
stage-a-cpu (1) / run-cpu	UNKNOWN STEP	2026-09-26T01:44:33.6482616Z tests/ci/test/test_ci_register.py::TestIsImplicitFastCpuPath::test_relative_tests_fast_path PASSED [ 11%]
stage-a-cpu (1) / run-cpu	UNKNOWN STEP	2026-09-26T01:44:33.6511762Z tests/ci/test/test_ci_register.py::TestIsImplicitFastCpuPath::test_dot_prefixed_path_not_recognized PASSED [ 11%]
stage-a-cpu (1) / run-cpu	UNKNOWN STEP	2026-09-26T01:44:33.6540735Z tests/ci/test/test_ci_register.py::TestIsImplicitFastCpuPath::test_absolute_path_not_recognized PASSED [ 11%]
stage-a-cpu (1) / run-cpu	UNKNOWN STEP	2026-09-26T01:44:33.6569661Z tests/ci/test/test_ci_register.py::TestIsImplicitFastCpuPath::test_nested_subdir PASSED [ 11%]
stage-a-cpu (1) / run-cpu	UNKNOWN STEP	2026-09-26T01:44:33.6598760Z tests/ci/test/test_ci_register.py::TestIsImplicitFastCpuPath::test_fast_gpu_sibling_rejected PASSED [ 11%]
stage-a-cpu (1) / run-cpu	UNKNOWN STEP	2026-09-26T01:44:33.6628253Z tests/ci/test/test_ci_register.py::TestIsImplicitFastCpuPath::test_fast_gpu_absolute_rejected PASSED [ 11%]
stage-a-cpu (1) / run-cpu	UNKNOWN STEP	2026-09-26T01:44:33.6657809Z tests/ci/test/test_ci_register.py::TestIsImplicitFastCpuPath::test_fast_gpu_nested_rejected PASSED [ 11%]
stage-a-cpu (1) / run-cpu	UNKNOWN STEP	2026-09-26T01:44:33.6687406Z tests/ci/test/test_ci_register.py::TestIsImplicitFastCpuPath::test_same_prefix_siblings_rejected PASSED [ 11%]
stage-a-cpu (1) / run-cpu	UNKNOWN STEP	2026-09-26T01:44:33.6717013Z tests/ci/test/test_ci_register.py::TestIsImplicitFastCpuPath::test_bare_directory_without_file_rejected PASSED [ 12%]
stage-a-cpu (1) / run-cpu	UNKNOWN STEP	2026-09-26T01:44:33.6746151Z tests/ci/test/test_ci_register.py::TestIsImplicitFastCpuPath::test_other_subtrees_rejected PASSED [ 12%]
stage-a-cpu (1) / run-cpu	UNKNOWN STEP	2026-09-26T01:44:33.6778096Z tests/ci/test/test_ci_register.py::TestFileTextMentionsRegister::test_file_with_cpu_call_matches PASSED [ 12%]
stage-a-cpu (1) / run-cpu	UNKNOWN STEP	2026-09-26T01:44:33.6809284Z tests/ci/test/test_ci_register.py::TestFileTextMentionsRegister::test_file_with_cuda_call_matches PASSED [ 12%]
stage-a-cpu (1) / run-cpu	UNKNOWN STEP	2026-09-26T01:44:33.6839975Z tests/ci/test/test_ci_register.py::TestFileTextMentionsRegister::test_clean_file_does_not_match PASSED [ 12%]
stage-a-cpu (1) / run-cpu	UNKNOWN STEP	2026-09-26T01:44:33.6871009Z tests/ci/test/test_ci_register.py::TestFileTextMentionsRegister::test_missing_file_does_not_raise PASSED [ 12%]
stage-a-cpu (1) / run-cpu	UNKNOWN STEP	2026-09-26T01:44:33.6903879Z tests/ci/test/test_ci_register.py::TestCollectTestsImplicitFallback::test_fast_cpu_no_register_call_synthesizes_default PASSED [ 12%]
stage-a-cpu (1) / run-cpu	UNKNOWN STEP	2026-09-26T01:44:33.6937100Z tests/ci/test/test_ci_register.py::TestCollectTestsImplicitFallback::test_fast_cpu_nested_subdir_also_synthesizes PASSED [ 12%]
stage-a-cpu (1) / run-cpu	UNKNOWN STEP	2026-09-26T01:44:33.6974820Z tests/ci/test/test_ci_register.py::TestCollectTestsImplicitFallback::test_outside_fast_raises_with_sanity_check PASSED [ 12%]
stage-a-cpu (1) / run-cpu	UNKNOWN STEP	2026-09-26T01:44:33.7008158Z tests/ci/test/test_ci_register.py::TestCollectTestsExplicitPrecedence::test_explicit_cpu_call_wins_over_implicit PASSED [ 12%]
stage-a-cpu (1) / run-cpu	UNKNOWN STEP	2026-09-26T01:44:33.7041372Z tests/ci/test/test_ci_register.py::TestCollectTestsExplicitPrecedence::test_explicit_overrides_can_use_alternate_suite PASSED [ 12%]
stage-a-cpu (1) / run-cpu	UNKNOWN STEP	2026-09-26T01:44:33.7074994Z tests/ci/test/test_ci_register.py::TestCollectTestsFastGpuStrict::test_fast_gpu_with_cuda_call_accepted PASSED [ 12%]
stage-a-cpu (1) / run-cpu	UNKNOWN STEP	2026-09-26T01:44:33.7108207Z tests/ci/test/test_ci_register.py::TestCollectTestsFastGpuStrict::test_fast_gpu_with_cuda_alternate_suite_accepted PASSED [ 12%]
stage-a-cpu (1) / run-cpu	UNKNOWN STEP	2026-09-26T01:44:33.7141262Z tests/ci/test/test_ci_register.py::TestCollectTestsFastGpuStrict::test_fast_gpu_with_no_register_raises PASSED [ 12%]
stage-a-cpu (1) / run-cpu	UNKNOWN STEP	2026-09-26T01:44:33.7174914Z tests/ci/test/test_ci_register.py::TestCollectTestsCudaBanInFast::test_register_cuda_ci_in_fast_raises PASSED [ 12%]
stage-a-cpu (1) / run-cpu	UNKNOWN STEP	2026-09-26T01:44:33.7208395Z tests/ci/test/test_ci_register.py::TestCollectTestsCudaBanInFast::test_same_call_accepted_in_fast_gpu PASSED [ 12%]
stage-a-cpu (1) / run-cpu	UNKNOWN STEP	2026-09-26T01:44:33.7242398Z tests/ci/test/test_ci_register.py::TestCollectTestsSuspiciousPattern::test_aliased_import_no_call_raises PASSED [ 12%]
stage-a-cpu (1) / run-cpu	UNKNOWN STEP	2026-09-26T01:44:33.7275485Z tests/ci/test/test_ci_register.py::TestCollectTestsSuspiciousPattern::test_non_toplevel_call_raises PASSED [ 12%]
stage-a-cpu (1) / run-cpu	UNKNOWN STEP	2026-09-26T01:44:33.7309350Z tests/ci/test/test_ci_register.py::TestCollectTestsSuspiciousPattern::test_attribute_access_call_raises PASSED [ 12%]
stage-a-cpu (1) / run-cpu	UNKNOWN STEP	2026-09-26T01:44:33.7341871Z tests/ci/test/test_ci_register.py::TestCollectTestsSuspiciousPattern::test_clean_file_passes_implicit PASSED [ 12%]
stage-a-cpu (1) / run-cpu	UNKNOWN STEP	2026-09-26T01:44:35.3700934Z tests/ci/test/test_ci_register.py::TestNoSemanticDefaultRegisterCpuCi::test_no_default_form_register_cpu_ci_in_tests_fast PASSED [ 12%]
stage-a-cpu (1) / run-cpu	UNKNOWN STEP	2026-09-26T01:44:35.3734522Z tests/ci/test/test_ci_register.py::TestNoSemanticDefaultRegisterCpuCi::test_predicate_accepts_full_empty_list_form PASSED [ 12%]
stage-a-cpu (1) / run-cpu	UNKNOWN STEP	2026-09-26T01:44:35.3765701Z tests/ci/test/test_ci_register.py::TestNoSemanticDefaultRegisterCpuCi::test_predicate_accepts_omitted_labels_form PASSED [ 12%]
stage-a-cpu (1) / run-cpu	UNKNOWN STEP	2026-09-26T01:44:35.3796494Z tests/ci/test/test_ci_register.py::TestNoSemanticDefaultRegisterCpuCi::test_predicate_accepts_labels_none_literal_form PASSED [ 12%]
stage-a-cpu (1) / run-cpu	UNKNOWN STEP	2026-09-26T01:44:35.3826692Z tests/ci/test/test_ci_register.py::TestNoSemanticDefaultRegisterCpuCi::test_predicate_rejects_nonempty_labels PASSED [ 12%]
stage-a-cpu (1) / run-cpu	UNKNOWN STEP	2026-09-26T01:44:35.3857208Z tests/ci/test/test_ci_register.py::TestNoSemanticDefaultRegisterCpuCi::test_predicate_rejects_nondefault_est_time PASSED [ 12%]
stage-a-cpu (1) / run-cpu	UNKNOWN STEP	2026-09-26T01:44:35.3888027Z tests/ci/test/test_ci_register.py::TestNoSemanticDefaultRegisterCpuCi::test_predicate_rejects_nondefault_suite PASSED [ 12%]
stage-a-cpu (1) / run-cpu	UNKNOWN STEP	2026-09-26T01:44:35.3918815Z tests/ci/test/test_ci_register.py::TestNoSemanticDefaultRegisterCpuCi::test_predicate_rejects_extra_kwarg PASSED [ 12%]
stage-a-cpu (1) / run-cpu	UNKNOWN STEP	2026-09-26T01:44:35.3949864Z tests/ci/test/test_ci_register.py::TestNoSemanticDefaultRegisterCpuCi::test_predicate_rejects_positional_args PASSED [ 12%]
stage-a-cpu (1) / run-cpu	UNKNOWN STEP	2026-09-26T01:44:35.3980778Z tests/ci/test/test_ci_register.py::TestNoSemanticDefaultRegisterCpuCi::test_predicate_rejects_labels_non_literal_name PASSED [ 12%]
stage-a-cpu (1) / run-cpu	UNKNOWN STEP	2026-09-26T01:44:35.4005746Z tests/ci/test/test_comment_ci_command.py::test_command_parser_rejects_non_exact_commands[/run-ci-short extra] PASSED [ 12%]
stage-a-cpu (1) / run-cpu	UNKNOWN STEP	2026-09-26T01:44:35.4030051Z tests/ci/test/test_comment_ci_command.py::test_command_parser_rejects_non_exact_commands[/run-ci-short\n/run-ci-long] PASSED [ 12%]
stage-a-cpu (1) / run-cpu	UNKNOWN STEP	2026-09-26T01:44:35.4053995Z tests/ci/test/test_comment_ci_command.py::test_command_parser_rejects_non_exact_commands[please /run-ci-short] PASSED [ 13%]
stage-a-cpu (1) / run-cpu	UNKNOWN STEP	2026-09-26T01:44:35.4077952Z tests/ci/test/test_comment_ci_command.py::test_command_parser_rejects_non_exact_commands[/run-ci-] PASSED [ 13%]
stage-a-cpu (1) / run-cpu	UNKNOWN STEP	2026-09-26T01:44:35.4102335Z tests/ci/test/test_comment_ci_command.py::test_command_parser_rejects_non_exact_commands[/run-ci-/unsafe] PASSED [ 13%]
stage-a-cpu (1) / run-cpu	UNKNOWN STEP	2026-09-26T01:44:35.4126227Z tests/ci/test/test_comment_ci_command.py::test_command_parser_rejects_non_exact_commands[/run-ci] PASSED [ 13%]
stage-a-cpu (1) / run-cpu	UNKNOWN STEP	2026-09-26T01:44:35.4150212Z tests/ci/test/test_comment_ci_command.py::test_command_parser_rejects_non_exact_commands[/run-ci ] PASSED [ 13%]
stage-a-cpu (1) / run-cpu	UNKNOWN STEP	2026-09-26T01:44:35.4174243Z tests/ci/test/test_comment_ci_command.py::test_command_parser_rejects_non_exact_commands[/run-ci tests/e2e/test_a.py] PASSED [ 13%]
stage-a-cpu (1) / run-cpu	UNKNOWN STEP	2026-09-26T01:44:35.4199077Z tests/ci/test/test_comment_ci_command.py::test_command_parser_rejects_non_exact_commands[/run-on-blackwell extra] PASSED [ 13%]
stage-a-cpu (1) / run-cpu	UNKNOWN STEP	2026-09-26T01:44:35.4223646Z tests/ci/test/test_comment_ci_command.py::test_command_parser_rejects_non_exact_commands[/run-on-] PASSED [ 13%]
stage-a-cpu (1) / run-cpu	UNKNOWN STEP	2026-09-26T01:44:35.4247486Z tests/ci/test/test_comment_ci_command.py::test_command_parser_rejects_non_exact_commands[/rerun-test] PASSED [ 13%]
stage-a-cpu (1) / run-cpu	UNKNOWN STEP	2026-09-26T01:44:35.4272381Z tests/ci/test/test_comment_ci_command.py::test_command_parser_rejects_non_exact_commands[/rerun-test ] PASSED [ 13%]
stage-a-cpu (1) / run-cpu	UNKNOWN STEP	2026-09-26T01:44:35.4296689Z tests/ci/test/test_comment_ci_command.py::test_command_parser_rejects_non_exact_commands[/rerun-test tests/e2e/test_a.py extra] PASSED [ 13%]
stage-a-cpu (1) / run-cpu	UNKNOWN STEP	2026-09-26T01:44:35.4321407Z tests/ci/test/test_comment_ci_command.py::test_command_parser_rejects_non_exact_commands[/rerun-test tests/e2e/test_a.py\n/run-ci-short] PASSED [ 13%]
stage-a-cpu (1) / run-cpu	UNKNOWN STEP	2026-09-26T01:44:35.4345522Z tests/ci/test/test_comment_ci_command.py::test_command_parser_rejects_non_exact_commands[please /rerun-test tests/e2e/test_a.py] PASSED [ 13%]
stage-a-cpu (1) / run-cpu	UNKNOWN STEP	2026-09-26T01:44:35.4369973Z tests/ci/test/test_comment_ci_command.py::test_command_parser_rejects_non_exact_commands[/rerun-test tests/unit/test_a.py] PASSED [ 13%]
stage-a-cpu (1) / run-cpu	UNKNOWN STEP	2026-09-26T01:44:35.4393913Z tests/ci/test/test_comment_ci_command.py::test_command_parser_rejects_non_exact_commands[/rerun-test tests/e2e/helper.py] PASSED [ 13%]
stage-a-cpu (1) / run-cpu	UNKNOWN STEP	2026-09-26T01:44:35.4417940Z tests/ci/test/test_comment_ci_command.py::test_command_parser_rejects_non_exact_commands[/rerun-test /tests/e2e/test_a.py] PASSED [ 13%]
stage-a-cpu (1) / run-cpu	UNKNOWN STEP	2026-09-26T01:44:35.4442260Z tests/ci/test/test_comment_ci_command.py::test_command_parser_rejects_non_exact_commands[/rerun-test ../tests/e2e/test_a.py] PASSED [ 13%]
stage-a-cpu (1) / run-cpu	UNKNOWN STEP	2026-09-26T01:44:35.4466245Z tests/ci/test/test_comment_ci_command.py::test_command_parser_rejects_non_exact_commands[/rerun-test tests/e2e/../fast/test_a.py] PASSED [ 13%]
stage-a-cpu (1) / run-cpu	UNKNOWN STEP	2026-09-26T01:44:35.4490524Z tests/ci/test/test_comment_ci_command.py::test_command_parser_rejects_non_exact_commands[/rerun-test tests/e2e/test_a.py;rm] PASSED [ 13%]
stage-a-cpu (1) / run-cpu	UNKNOWN STEP	2026-09-26T01:44:35.4514756Z tests/ci/test/test_comment_ci_command.py::test_command_parser_rejects_non_exact_commands[/rerun-test tests/e2e/test_a.py tests/e2e/test_b.py] PASSED [ 13%]
stage-a-cpu (1) / run-cpu	UNKNOWN STEP	2026-09-26T01:44:35.4538682Z tests/ci/test/test_comment_ci_command.py::test_command_parser_rejects_non_exact_commands[/rerun-failed-ci extra] PASSED [ 13%]
stage-a-cpu (1) / run-cpu	UNKNOWN STEP	2026-09-26T01:44:35.4563159Z tests/ci/test/test_comment_ci_command.py::test_command_parser_rejects_non_exact_commands[/rerun-failed-ci\n/run-ci-short] PASSED [ 13%]
stage-a-cpu (1) / run-cpu	UNKNOWN STEP	2026-09-26T01:44:35.4586825Z tests/ci/test/test_comment_ci_command.py::test_command_parser_rejects_non_exact_commands[/clear-labels extra] PASSED [ 13%]
stage-a-cpu (1) / run-cpu	UNKNOWN STEP	2026-09-26T01:44:35.4611152Z tests/ci/test/test_comment_ci_command.py::test_command_parser_rejects_non_exact_commands[/clear-labels\n/run-ci-short] PASSED [ 13%]
stage-a-cpu (1) / run-cpu	UNKNOWN STEP	2026-09-26T01:44:35.4634721Z tests/ci/test/test_comment_ci_command.py::test_command_parser_rejects_non_exact_commands[please /clear-labels] PASSED [ 13%]
stage-a-cpu (1) / run-cpu	UNKNOWN STEP	2026-09-26T01:44:35.4658454Z tests/ci/test/test_comment_ci_command.py::test_command_parser_accepts_one_exact_command_with_outer_whitespace[run-ci-a_B.c-d] PASSED [ 13%]
stage-a-cpu (1) / run-cpu	UNKNOWN STEP	2026-09-26T01:44:35.4683830Z tests/ci/test/test_comment_ci_command.py::test_command_parser_accepts_one_exact_command_with_outer_whitespace[run-on-blackwell] PASSED [ 13%]
stage-a-cpu (1) / run-cpu	UNKNOWN STEP	2026-09-26T01:44:35.4706669Z tests/ci/test/test_comment_ci_command.py::test_command_parser_accepts_exact_bypass_fastfail_command PASSED [ 13%]
stage-a-cpu (1) / run-cpu	UNKNOWN STEP	2026-09-26T01:44:35.4729660Z tests/ci/test/test_comment_ci_command.py::test_command_parser_accepts_exact_clear_command_with_outer_whitespace PASSED [ 13%]
stage-a-cpu (1) / run-cpu	UNKNOWN STEP	2026-09-26T01:44:35.4752098Z tests/ci/test/test_comment_ci_command.py::test_command_parser_accepts_exact_rerun_command_with_outer_whitespace PASSED [ 13%]
stage-a-cpu (1) / run-cpu	UNKNOWN STEP	2026-09-26T01:44:35.4777099Z tests/ci/test/test_comment_ci_command.py::test_command_parser_accepts_run_file_command[/rerun-test tests/e2e/precision/test_hf_attention_cp_relayout.py-tests/e2e/precision/test_hf_attention_cp_relayout.py] PASSED [ 13%]
stage-a-cpu (1) / run-cpu	UNKNOWN STEP	2026-09-26T01:44:35.4802171Z tests/ci/test/test_comment_ci_command.py::test_command_parser_accepts_run_file_command[ \n/rerun-test tests/e2e/test_a.py\t-tests/e2e/test_a.py] PASSED [ 13%]
stage-a-cpu (1) / run-cpu	UNKNOWN STEP	2026-09-26T01:44:35.4827025Z tests/ci/test/test_comment_ci_command.py::test_command_parser_accepts_run_file_command[/rerun-test   tests/fast/rollout/test_b.py-tests/fast/rollout/test_b.py] PASSED [ 14%]
stage-a-cpu (1) / run-cpu	UNKNOWN STEP	2026-09-26T01:44:35.4851954Z tests/ci/test/test_comment_ci_command.py::test_command_parser_accepts_run_file_command[/rerun-test tests/fast-gpu/test_c.py-tests/fast-gpu/test_c.py] PASSED [ 14%]
stage-a-cpu (1) / run-cpu	UNKNOWN STEP	2026-09-26T01:44:35.4876438Z tests/ci/test/test_comment_ci_command.py::test_command_parser_accepts_run_file_command[/rerun-test tests/ci/test/test_d.py-tests/ci/test/test_d.py] PASSED [ 14%]
stage-a-cpu (1) / run-cpu	UNKNOWN STEP	2026-09-26T01:44:35.4900672Z tests/ci/test/test_comment_ci_command.py::test_command_parser_ignores_unrelated_comments[] PASSED [ 14%]
stage-a-cpu (1) / run-cpu	UNKNOWN STEP	2026-09-26T01:44:35.4924563Z tests/ci/test/test_comment_ci_command.py::test_command_parser_ignores_unrelated_comments[ordinary review comment] PASSED [ 14%]
stage-a-cpu (1) / run-cpu	UNKNOWN STEP	2026-09-26T01:44:35.4948460Z tests/ci/test/test_comment_ci_command.py::test_command_parser_ignores_unrelated_comments[/Clear-labels] PASSED [ 14%]
stage-a-cpu (1) / run-cpu	UNKNOWN STEP	2026-09-26T01:44:35.4972702Z tests/ci/test/test_comment_ci_command.py::test_command_parser_ignores_unrelated_comments[/unknown-command] PASSED [ 14%]
stage-a-cpu (1) / run-cpu	UNKNOWN STEP	2026-09-26T01:44:35.4995344Z tests/ci/test/test_comment_ci_command.py::test_static_registry_owns_policy_capability_and_handler_routing PASSED [ 14%]
stage-a-cpu (1) / run-cpu	UNKNOWN STEP	2026-09-26T01:44:35.5019089Z tests/ci/test/test_comment_ci_command.py::test_unknown_request_type_fails_closed PASSED [ 14%]
stage-a-cpu (1) / run-cpu	UNKNOWN STEP	2026-09-26T01:44:35.5053531Z tests/ci/test/test_comment_ci_command.py::test_policy_parser_rejects_legacy_or_nonstandard_schema[{"version":1,"version":1,"labels":[]}-duplicate JSON key] PASSED [ 14%]
stage-a-cpu (1) / run-cpu	UNKNOWN STEP	2026-09-26T01:44:35.5089653Z tests/ci/test/test_comment_ci_command.py::test_policy_parser_rejects_legacy_or_nonstandard_schema[{"version":NaN,"labels":[]}-non-standard JSON number] PASSED [ 14%]
stage-a-cpu (1) / run-cpu	UNKNOWN STEP	2026-09-26T01:44:35.5126653Z tests/ci/test/test_comment_ci_command.py::test_policy_parser_rejects_legacy_or_nonstandard_schema[{"version":1,"add_label_access":{"repository_permissions":[true],"user_ids":[]},"clear_permissions":["write"],"rerun_permissions":["write"],"labels":["run-ci-short"]}-repository_permissions must contain only write or admin] PASSED [ 14%]
stage-a-cpu (1) / run-cpu	UNKNOWN STEP	2026-09-26T01:44:35.5162192Z tests/ci/test/test_comment_ci_command.py::test_policy_parser_rejects_legacy_or_nonstandard_schema[{"version":1,"add_label_access":{"repository_permissions":["read"],"user_ids":[]},"clear_permissions":["write"],"rerun_permissions":["write"],"labels":["run-ci-short"]}-repository_permissions must contain only write or admin] PASSED [ 14%]
stage-a-cpu (1) / run-cpu	UNKNOWN STEP	2026-09-26T01:44:35.5197088Z tests/ci/test/test_comment_ci_command.py::test_policy_parser_rejects_legacy_or_nonstandard_schema[{"version":1,"add_label_access":{"repository_permissions":["write","write"],"user_ids":[]},"clear_permissions":["write"],"rerun_permissions":["write"],"labels":["run-ci-short"]}-repository_permissions contains duplicate permissions] PASSED [ 14%]
stage-a-cpu (1) / run-cpu	UNKNOWN STEP	2026-09-26T01:44:35.5232762Z tests/ci/test/test_comment_ci_command.py::test_policy_parser_rejects_legacy_or_nonstandard_schema[{"version":1,"add_label_access":{"repository_permissions":["write"],"user_ids":[true]},"clear_permissions":["write"],"rerun_permissions":["write"],"labels":["run-ci-short"]}-user_ids must contain only positive integers] PASSED [ 14%]
stage-a-cpu (1) / run-cpu	UNKNOWN STEP	2026-09-26T01:44:35.5267596Z tests/ci/test/test_comment_ci_command.py::test_policy_parser_rejects_legacy_or_nonstandard_schema[{"version":1,"add_label_access":{"repository_permissions":["write"],"user_ids":[123,123]},"clear_permissions":["write"],"rerun_permissions":["write"],"labels":["run-ci-short"]}-user_ids contains duplicate user IDs] PASSED [ 14%]
stage-a-cpu (1) / run-cpu	UNKNOWN STEP	2026-09-26T01:44:35.5301615Z tests/ci/test/test_comment_ci_command.py::test_policy_parser_rejects_legacy_or_nonstandard_schema[{"version":1,"add_label_access":{"repository_permissions":["write"],"user_ids":[]},"clear_permissions":["write"],"rerun_permissions":["write"],"labels":["unsafe label"]}-invalid exact CI label] PASSED [ 14%]
stage-a-cpu (1) / run-cpu	UNKNOWN STEP	2026-09-26T01:44:35.5335217Z tests/ci/test/test_comment_ci_command.py::test_policy_parser_rejects_legacy_or_nonstandard_schema[{"version":1,"add_label_access":{"repository_permissions":["write"],"user_ids":[]},"clear_permissions":["write"],"rerun_permissions":["write"],"labels":["run-ci-short","run-ci-short"]}-labels contains duplicate labels] PASSED [ 14%]
stage-a-cpu (1) / run-cpu	UNKNOWN STEP	2026-09-26T01:44:35.5368277Z tests/ci/test/test_comment_ci_command.py::test_policy_parser_rejects_legacy_or_nonstandard_schema[{"version":1,"add_label_access":{"repository_permissions":["write"],"user_ids":[]},"clear_permissions":[true],"rerun_permissions":["write"],"labels":["run-ci-short"]}-clear_permissions must contain only write or admin] PASSED [ 14%]
stage-a-cpu (1) / run-cpu	UNKNOWN STEP	2026-09-26T01:44:35.5402104Z tests/ci/test/test_comment_ci_command.py::test_policy_parser_rejects_legacy_or_nonstandard_schema[{"version":1,"add_label_access":{"repository_permissions":["write"],"user_ids":[]},"clear_permissions":["read"],"rerun_permissions":["write"],"labels":["run-ci-short"]}-clear_permissions must contain only write or admin] PASSED [ 14%]
stage-a-cpu (1) / run-cpu	UNKNOWN STEP	2026-09-26T01:44:35.5435345Z tests/ci/test/test_comment_ci_command.py::test_policy_parser_rejects_legacy_or_nonstandard_schema[{"version":1,"add_label_access":{"repository_permissions":["write"],"user_ids":[]},"clear_permissions":["write","write"],"rerun_permissions":["write"],"labels":["run-ci-short"]}-clear_permissions contains duplicate permissions] PASSED [ 14%]
stage-a-cpu (1) / run-cpu	UNKNOWN STEP	2026-09-26T01:44:35.5468644Z tests/ci/test/test_comment_ci_command.py::test_policy_parser_rejects_legacy_or_nonstandard_schema[{"version":1,"add_label_access":{"repository_permissions":["write"],"user_ids":[]},"clear_permissions":["write"],"rerun_permissions":["read"],"labels":["run-ci-short"]}-rerun_permissions must contain only write or admin] PASSED [ 14%]
stage-a-cpu (1) / run-cpu	UNKNOWN STEP	2026-09-26T01:44:35.5502511Z tests/ci/test/test_comment_ci_command.py::test_policy_parser_rejects_legacy_or_nonstandard_schema[{"version":1,"add_label_access":{"repository_permissions":["write"],"user_ids":[]},"clear_permissions":["write"],"rerun_permissions":["write","write"],"labels":["run-ci-short"]}-rerun_permissions contains duplicate permissions] PASSED [ 14%]
stage-a-cpu (1) / run-cpu	UNKNOWN STEP	2026-09-26T01:44:35.5534762Z tests/ci/test/test_comment_ci_command.py::test_policy_parser_rejects_legacy_or_nonstandard_schema[{"version":1,"labels":["run-ci-short"]}-only version] PASSED [ 14%]
stage-a-cpu (1) / run-cpu	UNKNOWN STEP	2026-09-26T01:44:35.5568583Z tests/ci/test/test_comment_ci_command.py::test_policy_parser_rejects_legacy_or_nonstandard_schema[{"version":1,"add_label_access":{"repository_permissions":["write"],"user_ids":[]},"clear_permissions":["write"],"rerun_permissions":["write"],"labels":["run-ci-short"],"roles":{}}-only version] PASSED [ 14%]
stage-a-cpu (1) / run-cpu	UNKNOWN STEP	2026-09-26T01:44:35.5604171Z tests/ci/test/test_comment_ci_command.py::test_policy_parser_rejects_invalid_group_command_or_resource[path_parts0-3-version must be 4] PASSED [ 14%]
stage-a-cpu (1) / run-cpu	UNKNOWN STEP	2026-09-26T01:44:35.5639098Z tests/ci/test/test_comment_ci_command.py::test_policy_parser_rejects_invalid_group_command_or_resource[path_parts1-value1-only write or admin] PASSED [ 14%]
stage-a-cpu (1) / run-cpu	UNKNOWN STEP	2026-09-26T01:44:35.5674262Z tests/ci/test/test_comment_ci_command.py::test_policy_parser_rejects_invalid_group_command_or_resource[path_parts2-value2-only write or admin] PASSED [ 14%]
stage-a-cpu (1) / run-cpu	UNKNOWN STEP	2026-09-26T01:44:35.5709450Z tests/ci/test/test_comment_ci_command.py::test_policy_parser_rejects_invalid_group_command_or_resource[path_parts3-value3-duplicate permissions] PASSED [ 14%]
stage-a-cpu (1) / run-cpu	UNKNOWN STEP	2026-09-26T01:44:35.5745223Z tests/ci/test/test_comment_ci_command.py::test_policy_parser_rejects_invalid_group_command_or_resource[path_parts4-value4-non-empty array] PASSED [ 14%]
stage-a-cpu (1) / run-cpu	UNKNOWN STEP	2026-09-26T01:44:35.5780758Z tests/ci/test/test_comment_ci_command.py::test_policy_parser_rejects_invalid_group_command_or_resource[path_parts5-value5-only GitHub author associations] PASSED [ 14%]
stage-a-cpu (1) / run-cpu	UNKNOWN STEP	2026-09-26T01:44:35.5815731Z tests/ci/test/test_comment_ci_command.py::test_policy_parser_rejects_invalid_group_command_or_resource[path_parts6-value6-only GitHub author associations] PASSED [ 14%]
stage-a-cpu (1) / run-cpu	UNKNOWN STEP	2026-09-26T01:44:35.5851719Z tests/ci/test/test_comment_ci_command.py::test_policy_parser_rejects_invalid_group_command_or_resource[path_parts7-value7-duplicate author associations] PASSED [ 15%]
stage-a-cpu (1) / run-cpu	UNKNOWN STEP	2026-09-26T01:44:35.5886863Z tests/ci/test/test_comment_ci_command.py::test_policy_parser_rejects_invalid_group_command_or_resource[path_parts8-value8-invalid exact CI label] PASSED [ 15%]
stage-a-cpu (1) / run-cpu	UNKNOWN STEP	2026-09-26T01:44:35.5922705Z tests/ci/test/test_comment_ci_command.py::test_policy_parser_rejects_invalid_group_command_or_resource[path_parts9-value9-duplicate labels] PASSED [ 15%]
stage-a-cpu (1) / run-cpu	UNKNOWN STEP	2026-09-26T01:44:35.5957837Z tests/ci/test/test_comment_ci_command.py::test_policy_parser_rejects_invalid_group_command_or_resource[path_parts10-missing-unknown group] PASSED [ 15%]
stage-a-cpu (1) / run-cpu	UNKNOWN STEP	2026-09-26T01:44:35.5993999Z tests/ci/test/test_comment_ci_command.py::test_policy_parser_rejects_invalid_group_command_or_resource[path_parts11-True-invalid fields] PASSED [ 15%]
stage-a-cpu (1) / run-cpu	UNKNOWN STEP	2026-09-26T01:44:35.6028876Z tests/ci/test/test_comment_ci_command.py::test_policy_parser_rejects_invalid_group_command_or_resource[path_parts12-value12-invalid fields] PASSED [ 15%]
stage-a-cpu (1) / run-cpu	UNKNOWN STEP	2026-09-26T01:44:35.6064472Z tests/ci/test/test_comment_ci_command.py::test_policy_parser_rejects_invalid_group_command_or_resource[path_parts13-value13-invalid fields] PASSED [ 15%]
stage-a-cpu (1) / run-cpu	UNKNOWN STEP	2026-09-26T01:44:35.6099218Z tests/ci/test/test_comment_ci_command.py::test_policy_parser_rejects_invalid_group_command_or_resource[path_parts14-value14-invalid fields] PASSED [ 15%]
stage-a-cpu (1) / run-cpu	UNKNOWN STEP	2026-09-26T01:44:35.6131051Z tests/ci/test/test_comment_ci_command.py::test_policy_parser_loads_independent_users_for_both_customizable_tiers PASSED [ 15%]
stage-a-cpu (1) / run-cpu	UNKNOWN STEP	2026-09-26T01:44:35.6164944Z tests/ci/test/test_comment_ci_command.py::test_user_login_is_display_only_for_authorization[add_label_access-/run-ci-short] PASSED [ 15%]
stage-a-cpu (1) / run-cpu	UNKNOWN STEP	2026-09-26T01:44:35.6199239Z tests/ci/test/test_comment_ci_command.py::test_user_login_is_display_only_for_authorization[prior_contributor_access-/rerun-test tests/e2e/precision/test_hf_attention_cp_relayout.py] PASSED [ 15%]
stage-a-cpu (1) / run-cpu	UNKNOWN STEP	2026-09-26T01:44:35.6232957Z tests/ci/test/test_comment_ci_command.py::test_policy_parser_rejects_unknown_group_or_command[groups] PASSED [ 15%]
stage-a-cpu (1) / run-cpu	UNKNOWN STEP	2026-09-26T01:44:35.6266171Z tests/ci/test/test_comment_ci_command.py::test_policy_parser_rejects_unknown_group_or_command[commands] PASSED [ 15%]
stage-a-cpu (1) / run-cpu	UNKNOWN STEP	2026-09-26T01:44:35.6298346Z tests/ci/test/test_comment_ci_command.py::test_repo_write_command_cannot_use_a_group_with_explicit_user_ids PASSED [ 15%]
stage-a-cpu (1) / run-cpu	UNKNOWN STEP	2026-09-26T01:44:35.6323369Z tests/ci/test/test_comment_ci_command.py::test_checked_in_policy_exposes_exact_labels_and_access_groups PASSED [ 15%]
stage-a-cpu (1) / run-cpu	UNKNOWN STEP	2026-09-26T01:44:35.6347688Z tests/ci/test/test_comment_ci_command.py::test_repository_writer_adds_one_exact_label[write] PASSED [ 15%]
stage-a-cpu (1) / run-cpu	UNKNOWN STEP	2026-09-26T01:44:35.6372533Z tests/ci/test/test_comment_ci_command.py::test_repository_writer_adds_one_exact_label[admin] PASSED [ 15%]
stage-a-cpu (1) / run-cpu	UNKNOWN STEP	2026-09-26T01:44:35.6395616Z tests/ci/test/test_comment_ci_command.py::test_maintain_role_is_allowed_by_legacy_write_permission PASSED [ 15%]
stage-a-cpu (1) / run-cpu	UNKNOWN STEP	2026-09-26T01:44:35.6418681Z tests/ci/test/test_comment_ci_command.py::test_add_label_access_user_id_can_add_label_without_repository_write PASSED [ 15%]
stage-a-cpu (1) / run-cpu	UNKNOWN STEP	2026-09-26T01:44:35.6442046Z tests/ci/test/test_comment_ci_command.py::test_add_label_access_user_id_can_add_bypass_fastfail PASSED [ 15%]
stage-a-cpu (1) / run-cpu	UNKNOWN STEP	2026-09-26T01:44:35.6464943Z tests/ci/test/test_comment_ci_command.py::test_add_label_access_user_id_preflight_does_not_require_repository_permission PASSED [ 15%]
stage-a-cpu (1) / run-cpu	UNKNOWN STEP	2026-09-26T01:44:35.6490469Z tests/ci/test/test_comment_ci_command.py::test_prior_contributor_access_user_id_preflight_does_not_require_repository_permission[/rerun-test tests/e2e/precision/test_hf_attention_cp_relayout.py-RunTestFile] PASSED [ 15%]
stage-a-cpu (1) / run-cpu	UNKNOWN STEP	2026-09-26T01:44:35.6515355Z tests/ci/test/test_comment_ci_command.py::test_prior_contributor_access_user_id_preflight_does_not_require_repository_permission[/rerun-failed-ci-RerunFailedCI] PASSED [ 15%]
stage-a-cpu (1) / run-cpu	UNKNOWN STEP	2026-09-26T01:44:35.6541038Z tests/ci/test/test_comment_ci_command.py::test_add_label_access_user_id_cannot_clear_or_rerun[/clear-labels] PASSED [ 15%]
stage-a-cpu (1) / run-cpu	UNKNOWN STEP	2026-09-26T01:44:35.6565795Z tests/ci/test/test_comment_ci_command.py::test_add_label_access_user_id_cannot_clear_or_rerun[/rerun-failed-ci] PASSED [ 15%]
stage-a-cpu (1) / run-cpu	UNKNOWN STEP	2026-09-26T01:44:35.6590930Z tests/ci/test/test_comment_ci_command.py::test_add_label_access_group_can_require_admin[write-False] PASSED [ 15%]
stage-a-cpu (1) / run-cpu	UNKNOWN STEP	2026-09-26T01:44:35.6616102Z tests/ci/test/test_comment_ci_command.py::test_add_label_access_group_can_require_admin[admin-True] PASSED [ 15%]
stage-a-cpu (1) / run-cpu	UNKNOWN STEP	2026-09-26T01:44:35.6638847Z tests/ci/test/test_comment_ci_command.py::test_existing_label_is_an_authorized_no_op PASSED [ 15%]
stage-a-cpu (1) / run-cpu	UNKNOWN STEP	2026-09-26T01:44:35.6664077Z tests/ci/test/test_comment_ci_command.py::test_repository_writer_clears_only_ci_control_labels[write] PASSED [ 15%]
stage-a-cpu (1) / run-cpu	UNKNOWN STEP	2026-09-26T01:44:35.6688347Z tests/ci/test/test_comment_ci_command.py::test_repository_writer_clears_only_ci_control_labels[admin] PASSED [ 15%]
stage-a-cpu (1) / run-cpu	UNKNOWN STEP	2026-09-26T01:44:35.6711988Z tests/ci/test/test_comment_ci_command.py::test_clear_is_an_authorized_no_op_when_no_ci_control_label_exists PASSED [ 15%]
stage-a-cpu (1) / run-cpu	UNKNOWN STEP	2026-09-26T01:44:35.6735404Z tests/ci/test/test_comment_ci_command.py::test_unknown_request_does_not_call_github_api PASSED [ 15%]
stage-a-cpu (1) / run-cpu	UNKNOWN STEP	2026-09-26T01:44:35.6760189Z tests/ci/test/test_comment_ci_command.py::test_caller_without_write_permission_cannot_mutate[read] PASSED [ 16%]
stage-a-cpu (1) / run-cpu	UNKNOWN STEP	2026-09-26T01:44:35.6784709Z tests/ci/test/test_comment_ci_command.py::test_caller_without_write_permission_cannot_mutate[none] PASSED [ 16%]
stage-a-cpu (1) / run-cpu	UNKNOWN STEP	2026-09-26T01:44:35.6809020Z tests/ci/test/test_comment_ci_command.py::test_caller_without_write_permission_cannot_mutate[unknown] PASSED [ 16%]
stage-a-cpu (1) / run-cpu	UNKNOWN STEP	2026-09-26T01:44:35.6832436Z tests/ci/test/test_comment_ci_command.py::test_preflight_checks_permission_without_reading_pull_request PASSED [ 16%]
stage-a-cpu (1) / run-cpu	UNKNOWN STEP	2026-09-26T01:44:35.6855294Z tests/ci/test/test_comment_ci_command.py::test_clear_preflight_uses_its_own_permission_policy_without_reading_pull_request PASSED [ 16%]
stage-a-cpu (1) / run-cpu	UNKNOWN STEP	2026-09-26T01:44:35.6879381Z tests/ci/test/test_comment_ci_command.py::test_clear_requires_its_exact_live_permission_policy PASSED [ 16%]
stage-a-cpu (1) / run-cpu	UNKNOWN STEP	2026-09-26T01:44:35.6904218Z tests/ci/test/test_comment_ci_command.py::test_repository_writer_can_add_a_label_to_a_fork_pr[write] PASSED [ 16%]
stage-a-cpu (1) / run-cpu	UNKNOWN STEP	2026-09-26T01:44:35.6928017Z tests/ci/test/test_comment_ci_command.py::test_repository_writer_can_add_a_label_to_a_fork_pr[admin] PASSED [ 16%]
stage-a-cpu (1) / run-cpu	UNKNOWN STEP	2026-09-26T01:44:35.6951602Z tests/ci/test/test_comment_ci_command.py::test_add_label_access_user_id_can_add_a_label_to_a_fork_pr PASSED [ 16%]
stage-a-cpu (1) / run-cpu	UNKNOWN STEP	2026-09-26T01:44:35.6975160Z tests/ci/test/test_comment_ci_command.py::test_repository_writer_can_clear_ci_labels_from_a_fork_pr PASSED [ 16%]
stage-a-cpu (1) / run-cpu	UNKNOWN STEP	2026-09-26T01:44:35.7000181Z tests/ci/test/test_comment_ci_command.py::test_repository_writer_reruns_latest_failed_pr_ci[write] PASSED [ 16%]
stage-a-cpu (1) / run-cpu	UNKNOWN STEP	2026-09-26T01:44:35.7025231Z tests/ci/test/test_comment_ci_command.py::test_repository_writer_reruns_latest_failed_pr_ci[admin] PASSED [ 16%]
stage-a-cpu (1) / run-cpu	UNKNOWN STEP	2026-09-26T01:44:35.7050724Z tests/ci/test/test_comment_ci_command.py::test_newer_non_failure_run_does_not_revive_an_older_failure[queued-None] PASSED [ 16%]
stage-a-cpu (1) / run-cpu	UNKNOWN STEP	2026-09-26T01:44:35.7075931Z tests/ci/test/test_comment_ci_command.py::test_newer_non_failure_run_does_not_revive_an_older_failure[in_progress-None] PASSED [ 16%]
stage-a-cpu (1) / run-cpu	UNKNOWN STEP	2026-09-26T01:44:35.7101338Z tests/ci/test/test_comment_ci_command.py::test_newer_non_failure_run_does_not_revive_an_older_failure[completed-success] PASSED [ 16%]
stage-a-cpu (1) / run-cpu	UNKNOWN STEP	2026-09-26T01:44:35.7127246Z tests/ci/test/test_comment_ci_command.py::test_newer_non_failure_run_does_not_revive_an_older_failure[completed-skipped] PASSED [ 16%]
stage-a-cpu (1) / run-cpu	UNKNOWN STEP	2026-09-26T01:44:35.7152839Z tests/ci/test/test_comment_ci_command.py::test_newer_non_failure_run_does_not_revive_an_older_failure[completed-cancelled] PASSED [ 16%]
stage-a-cpu (1) / run-cpu	UNKNOWN STEP	2026-09-26T01:44:35.7178517Z tests/ci/test/test_comment_ci_command.py::test_newer_non_failure_run_does_not_revive_an_older_failure[completed-timed_out] PASSED [ 16%]
stage-a-cpu (1) / run-cpu	UNKNOWN STEP	2026-09-26T01:44:35.7202186Z tests/ci/test/test_comment_ci_command.py::test_rerun_ignores_same_sha_run_not_associated_with_this_pr PASSED [ 16%]
stage-a-cpu (1) / run-cpu	UNKNOWN STEP	2026-09-26T01:44:35.7228150Z tests/ci/test/test_comment_ci_command.py::test_rerun_fails_closed_on_mismatched_run_identity[change0-unexpected path] PASSED [ 16%]
stage-a-cpu (1) / run-cpu	UNKNOWN STEP	2026-09-26T01:44:35.7254405Z tests/ci/test/test_comment_ci_command.py::test_rerun_fails_closed_on_mismatched_run_identity[change1-unexpected event or SHA] PASSED [ 16%]
stage-a-cpu (1) / run-cpu	UNKNOWN STEP	2026-09-26T01:44:35.7279830Z tests/ci/test/test_comment_ci_command.py::test_rerun_fails_closed_on_mismatched_run_identity[change2-unexpected event or SHA] PASSED [ 16%]
stage-a-cpu (1) / run-cpu	UNKNOWN STEP	2026-09-26T01:44:35.7305945Z tests/ci/test/test_comment_ci_command.py::test_rerun_fails_closed_on_mismatched_run_identity[change3-unexpected head ref] PASSED [ 16%]
stage-a-cpu (1) / run-cpu	UNKNOWN STEP	2026-09-26T01:44:35.7331781Z tests/ci/test/test_comment_ci_command.py::test_rerun_fails_closed_on_mismatched_run_identity[change4-unexpected repository] PASSED [ 16%]
stage-a-cpu (1) / run-cpu	UNKNOWN STEP	2026-09-26T01:44:35.7358596Z tests/ci/test/test_comment_ci_command.py::test_rerun_fails_closed_on_mismatched_run_identity[change5-invalid workflow-run pull requests] PASSED [ 16%]
stage-a-cpu (1) / run-cpu	UNKNOWN STEP	2026-09-26T01:44:35.7382046Z tests/ci/test/test_comment_ci_command.py::test_rerun_requires_its_exact_live_permission_policy PASSED [ 16%]
stage-a-cpu (1) / run-cpu	UNKNOWN STEP	2026-09-26T01:44:35.7405168Z tests/ci/test/test_comment_ci_command.py::test_rerun_preflight_uses_its_own_policy_without_reading_pull_request PASSED [ 16%]
stage-a-cpu (1) / run-cpu	UNKNOWN STEP	2026-09-26T01:44:35.7428171Z tests/ci/test/test_comment_ci_command.py::test_repository_writer_can_rerun_failed_ci_for_a_fork_pr PASSED [ 16%]
stage-a-cpu (1) / run-cpu	UNKNOWN STEP	2026-09-26T01:44:35.7453393Z tests/ci/test/test_comment_ci_command.py::test_fork_rerun_requires_one_unique_head_pull[head_pulls0] PASSED [ 16%]
stage-a-cpu (1) / run-cpu	UNKNOWN STEP	2026-09-26T01:44:35.7478066Z tests/ci/test/test_comment_ci_command.py::test_fork_rerun_requires_one_unique_head_pull[head_pulls1] PASSED [ 16%]
stage-a-cpu (1) / run-cpu	UNKNOWN STEP	2026-09-26T01:44:35.7505862Z tests/ci/test/test_comment_ci_command.py::test_fork_rerun_rejects_mismatched_unique_head_pull PASSED [ 16%]
stage-a-cpu (1) / run-cpu	UNKNOWN STEP	2026-09-26T01:44:35.7531334Z tests/ci/test/test_comment_ci_command.py::test_rerun_stops_if_pr_head_changes_before_post PASSED [ 16%]
stage-a-cpu (1) / run-cpu	UNKNOWN STEP	2026-09-26T01:44:35.7555486Z tests/ci/test/test_comment_ci_command.py::test_rerun_stops_if_latest_run_state_changes_before_post PASSED [ 17%]
stage-a-cpu (1) / run-cpu	UNKNOWN STEP	2026-09-26T01:44:35.7579723Z tests/ci/test/test_comment_ci_command.py::test_rerun_stops_after_partial_failure_without_retry_or_rollback PASSED [ 17%]
stage-a-cpu (1) / run-cpu	UNKNOWN STEP	2026-09-26T01:44:35.7605789Z tests/ci/test/test_comment_ci_command.py::test_untrusted_event_identity_fails_before_api_access[bad_event0-sender does not match] PASSED [ 17%]
stage-a-cpu (1) / run-cpu	UNKNOWN STEP	2026-09-26T01:44:35.7631567Z tests/ci/test/test_comment_ci_command.py::test_untrusted_event_identity_fails_before_api_access[bad_event1-human GitHub user] PASSED [ 17%]
stage-a-cpu (1) / run-cpu	UNKNOWN STEP	2026-09-26T01:44:35.7657273Z tests/ci/test/test_comment_ci_command.py::test_untrusted_event_identity_fails_before_api_access[bad_event2-login is missing] PASSED [ 17%]
stage-a-cpu (1) / run-cpu	UNKNOWN STEP	2026-09-26T01:44:35.7683217Z tests/ci/test/test_comment_ci_command.py::test_untrusted_event_identity_fails_before_api_access[bad_event3-event repository] PASSED [ 17%]
stage-a-cpu (1) / run-cpu	UNKNOWN STEP	2026-09-26T01:44:35.7709543Z tests/ci/test/test_comment_ci_command.py::test_invalid_permission_response_fails_before_mutation[permission_result0-invalid repository permission] PASSED [ 17%]
stage-a-cpu (1) / run-cpu	UNKNOWN STEP	2026-09-26T01:44:35.7736004Z tests/ci/test/test_comment_ci_command.py::test_invalid_permission_response_fails_before_mutation[permission_result1-invalid repository permission identity] PASSED [ 17%]
stage-a-cpu (1) / run-cpu	UNKNOWN STEP	2026-09-26T01:44:35.7761533Z tests/ci/test/test_comment_ci_command.py::test_invalid_permission_response_fails_before_mutation[permission_result2-invalid repository permission identity] PASSED [ 17%]
stage-a-cpu (1) / run-cpu	UNKNOWN STEP	2026-09-26T01:44:35.7786850Z tests/ci/test/test_comment_ci_command.py::test_invalid_permission_response_fails_before_mutation[permission_result3-identity does not match] PASSED [ 17%]
stage-a-cpu (1) / run-cpu	UNKNOWN STEP	2026-09-26T01:44:35.7812519Z tests/ci/test/test_comment_ci_command.py::test_invalid_permission_response_fails_before_mutation[permission_result4-invalid repository permission] PASSED [ 17%]
stage-a-cpu (1) / run-cpu	UNKNOWN STEP	2026-09-26T01:44:35.7838077Z tests/ci/test/test_comment_ci_command.py::test_unverifiable_live_pull_fails_before_mutation[bad_pull0-not open] PASSED [ 17%]
stage-a-cpu (1) / run-cpu	UNKNOWN STEP	2026-09-26T01:44:35.7864225Z tests/ci/test/test_comment_ci_command.py::test_unverifiable_live_pull_fails_before_mutation[bad_pull1-head repository is missing] PASSED [ 17%]
stage-a-cpu (1) / run-cpu	UNKNOWN STEP	2026-09-26T01:44:35.7889883Z tests/ci/test/test_comment_ci_command.py::test_unverifiable_live_pull_fails_before_mutation[bad_pull2-base repository] PASSED [ 17%]
stage-a-cpu (1) / run-cpu	UNKNOWN STEP	2026-09-26T01:44:35.7915635Z tests/ci/test/test_comment_ci_command.py::test_unverifiable_live_pull_fails_before_mutation[bad_pull3-labels are invalid] PASSED [ 17%]
stage-a-cpu (1) / run-cpu	UNKNOWN STEP	2026-09-26T01:44:35.7939211Z tests/ci/test/test_comment_ci_command.py::test_github_api_uses_only_fixed_repository_and_additive_endpoint PASSED [ 17%]
stage-a-cpu (1) / run-cpu	UNKNOWN STEP	2026-09-26T01:44:35.7963069Z tests/ci/test/test_comment_ci_command.py::test_remove_label_uses_encoded_name_in_a_fixed_repository_path PASSED [ 17%]
stage-a-cpu (1) / run-cpu	UNKNOWN STEP	2026-09-26T01:44:35.7988251Z tests/ci/test/test_comment_ci_command.py::test_list_workflow_runs_uses_fixed_filters_and_complete_pagination PASSED [ 17%]
stage-a-cpu (1) / run-cpu	UNKNOWN STEP	2026-09-26T01:44:35.8015397Z tests/ci/test/test_comment_ci_command.py::test_list_workflow_runs_fails_closed_on_invalid_pagination[pages0-invalid workflow-run count] PASSED [ 17%]
stage-a-cpu (1) / run-cpu	UNKNOWN STEP	2026-09-26T01:44:35.8041422Z tests/ci/test/test_comment_ci_command.py::test_list_workflow_runs_fails_closed_on_invalid_pagination[pages1-invalid workflow-run count] PASSED [ 17%]
stage-a-cpu (1) / run-cpu	UNKNOWN STEP	2026-09-26T01:44:35.8068070Z tests/ci/test/test_comment_ci_command.py::test_list_workflow_runs_fails_closed_on_invalid_pagination[pages2-incomplete workflow-run listing] PASSED [ 17%]
stage-a-cpu (1) / run-cpu	UNKNOWN STEP	2026-09-26T01:44:35.8095570Z tests/ci/test/test_comment_ci_command.py::test_list_workflow_runs_fails_closed_on_invalid_pagination[pages3-count changed] PASSED [ 17%]
stage-a-cpu (1) / run-cpu	UNKNOWN STEP	2026-09-26T01:44:35.8119566Z tests/ci/test/test_comment_ci_command.py::test_list_pulls_for_head_uses_encoded_all_state_query PASSED [ 17%]
stage-a-cpu (1) / run-cpu	UNKNOWN STEP	2026-09-26T01:44:35.8143169Z tests/ci/test/test_comment_ci_command.py::test_rerun_failed_jobs_uses_exact_endpoint_and_accepts_empty_201 PASSED [ 17%]
stage-a-cpu (1) / run-cpu	UNKNOWN STEP	2026-09-26T01:44:35.8172507Z tests/ci/test/test_comment_ci_command.py::test_rerun_failed_jobs_rejects_unconfirmed_response_without_retry[202--expected 201] PASSED [ 17%]
stage-a-cpu (1) / run-cpu	UNKNOWN STEP	2026-09-26T01:44:35.8200010Z tests/ci/test/test_comment_ci_command.py::test_rerun_failed_jobs_rejects_unconfirmed_response_without_retry[201-{}-unexpected response body] PASSED [ 17%]
stage-a-cpu (1) / run-cpu	UNKNOWN STEP	2026-09-26T01:44:35.8223094Z tests/ci/test/test_comment_ci_command.py::test_permission_lookup_encodes_the_login_in_a_fixed_repository_path PASSED [ 17%]
stage-a-cpu (1) / run-cpu	UNKNOWN STEP	2026-09-26T01:44:35.8249938Z tests/ci/test/test_comment_ci_command.py::test_permission_api_failure_is_not_retried[exception0-HTTP 403] PASSED [ 17%]
stage-a-cpu (1) / run-cpu	UNKNOWN STEP	2026-09-26T01:44:35.8275452Z tests/ci/test/test_comment_ci_command.py::test_permission_api_failure_is_not_retried[exception1-HTTP 404] PASSED [ 17%]
stage-a-cpu (1) / run-cpu	UNKNOWN STEP	2026-09-26T01:44:35.8301427Z tests/ci/test/test_comment_ci_command.py::test_permission_api_failure_is_not_retried[exception2-timed out] PASSED [ 17%]
stage-a-cpu (1) / run-cpu	UNKNOWN STEP	2026-09-26T01:44:35.8325920Z tests/ci/test/test_comment_ci_command.py::test_permission_api_invalid_json_is_not_retried PASSED [ 17%]
stage-a-cpu (1) / run-cpu	UNKNOWN STEP	2026-09-26T01:44:35.8352671Z tests/ci/test/test_comment_ci_command.py::test_label_mutation_api_failure_is_not_retried[exception0-HTTP 403-add] PASSED [ 17%]
stage-a-cpu (1) / run-cpu	UNKNOWN STEP	2026-09-26T01:44:35.8379123Z tests/ci/test/test_comment_ci_command.py::test_label_mutation_api_failure_is_not_retried[exception0-HTTP 403-remove] PASSED [ 18%]
stage-a-cpu (1) / run-cpu	UNKNOWN STEP	2026-09-26T01:44:35.8405933Z tests/ci/test/test_comment_ci_command.py::test_label_mutation_api_failure_is_not_retried[exception1-timed out-add] PASSED [ 18%]
stage-a-cpu (1) / run-cpu	UNKNOWN STEP	2026-09-26T01:44:35.8433641Z tests/ci/test/test_comment_ci_command.py::test_label_mutation_api_failure_is_not_retried[exception1-timed out-remove] PASSED [ 18%]
stage-a-cpu (1) / run-cpu	UNKNOWN STEP	2026-09-26T01:44:35.8457111Z tests/ci/test/test_comment_ci_command.py::test_http_error_names_the_request_and_accepted_permissions PASSED [ 18%]
stage-a-cpu (1) / run-cpu	UNKNOWN STEP	2026-09-26T01:44:35.8480264Z tests/ci/test/test_comment_ci_command.py::test_http_error_without_accepted_permissions_still_names_the_request PASSED [ 18%]
stage-a-cpu (1) / run-cpu	UNKNOWN STEP	2026-09-26T01:44:35.8503901Z tests/ci/test/test_comment_ci_command.py::test_unconfirmed_mutation_response_fails_without_rollback PASSED [ 18%]
stage-a-cpu (1) / run-cpu	UNKNOWN STEP	2026-09-26T01:44:35.8527794Z tests/ci/test/test_comment_ci_command.py::test_unconfirmed_label_removal_fails_without_rollback PASSED [ 18%]
stage-a-cpu (1) / run-cpu	UNKNOWN STEP	2026-09-26T01:44:35.8552339Z tests/ci/test/test_comment_ci_command.py::test_clear_stops_after_partial_failure_without_retry_or_rollback PASSED [ 18%]
stage-a-cpu (1) / run-cpu	UNKNOWN STEP	2026-09-26T01:44:35.8576128Z tests/ci/test/test_comment_ci_command.py::test_clear_rejects_a_final_response_with_a_new_ci_control_label PASSED [ 18%]
stage-a-cpu (1) / run-cpu	UNKNOWN STEP	2026-09-26T01:44:35.8612284Z tests/ci/test/test_comment_ci_command.py::test_preflight_writes_only_fixed_routing[/run-ci-short-issues-none] PASSED [ 18%]
stage-a-cpu (1) / run-cpu	UNKNOWN STEP	2026-09-26T01:44:35.8647818Z tests/ci/test/test_comment_ci_command.py::test_preflight_writes_only_fixed_routing[/bypass-fastfail-issues-none] PASSED [ 18%]
stage-a-cpu (1) / run-cpu	UNKNOWN STEP	2026-09-26T01:44:35.8683232Z tests/ci/test/test_comment_ci_command.py::test_preflight_writes_only_fixed_routing[/clear-labels-issues-none] PASSED [ 18%]
stage-a-cpu (1) / run-cpu	UNKNOWN STEP	2026-09-26T01:44:35.8718498Z tests/ci/test/test_comment_ci_command.py::test_preflight_writes_only_fixed_routing[/rerun-failed-ci-actions-none] PASSED [ 18%]
stage-a-cpu (1) / run-cpu	UNKNOWN STEP	2026-09-26T01:44:35.8756230Z tests/ci/test/test_comment_ci_command.py::test_preflight_writes_only_fixed_routing[/rerun-test tests/e2e/precision/test_hf_attention_cp_relayout.py-actions-+1] PASSED [ 18%]
stage-a-cpu (1) / run-cpu	UNKNOWN STEP	2026-09-26T01:44:35.8786962Z tests/ci/test/test_comment_ci_command.py::test_preflight_rejects_an_unknown_registry_capability PASSED [ 18%]
stage-a-cpu (1) / run-cpu	UNKNOWN STEP	2026-09-26T01:44:35.8818548Z tests/ci/test/test_comment_ci_command.py::test_preflight_rejects_an_unknown_registry_success_reaction PASSED [ 18%]
stage-a-cpu (1) / run-cpu	UNKNOWN STEP	2026-09-26T01:44:35.8850913Z tests/ci/test/test_comment_ci_command.py::test_unrelated_comment_preflight_uses_no_policy_or_api PASSED [ 18%]
stage-a-cpu (1) / run-cpu	UNKNOWN STEP	2026-09-26T01:44:35.8875339Z tests/ci/test/test_comment_ci_command.py::test_repository_writer_dispatches_a_file_run[write] PASSED [ 18%]
stage-a-cpu (1) / run-cpu	UNKNOWN STEP	2026-09-26T01:44:35.8901521Z tests/ci/test/test_comment_ci_command.py::test_repository_writer_dispatches_a_file_run[admin] PASSED [ 18%]
stage-a-cpu (1) / run-cpu	UNKNOWN STEP	2026-09-26T01:44:35.8934830Z tests/ci/test/test_comment_ci_command.py::test_file_run_main_reports_the_dispatched_run_without_writing_an_output PASSED [ 18%]
stage-a-cpu (1) / run-cpu	UNKNOWN STEP	2026-09-26T01:44:35.8958252Z tests/ci/test/test_comment_ci_command.py::test_file_run_forwards_validated_pr_body_pins PASSED [ 18%]
stage-a-cpu (1) / run-cpu	UNKNOWN STEP	2026-09-26T01:44:35.8983485Z tests/ci/test/test_comment_ci_command.py::test_file_run_rejects_an_invalid_pr_body_pin[ci-image-tag: -bad] PASSED [ 18%]
stage-a-cpu (1) / run-cpu	UNKNOWN STEP	2026-09-26T01:44:35.9007935Z tests/ci/test/test_comment_ci_command.py::test_file_run_rejects_an_invalid_pr_body_pin[ci-megatron-pr: $(reboot)] PASSED [ 18%]
stage-a-cpu (1) / run-cpu	UNKNOWN STEP	2026-09-26T01:44:35.9032476Z tests/ci/test/test_comment_ci_command.py::test_file_run_rejects_an_invalid_pr_body_pin[ci-sglang-pr: bad;ref] PASSED [ 18%]
stage-a-cpu (1) / run-cpu	UNKNOWN STEP	2026-09-26T01:44:35.9056768Z tests/ci/test/test_comment_ci_command.py::test_fork_file_run_without_contributor_tier_or_write_is_denied[read] PASSED [ 18%]
stage-a-cpu (1) / run-cpu	UNKNOWN STEP	2026-09-26T01:44:35.9081141Z tests/ci/test/test_comment_ci_command.py::test_fork_file_run_without_contributor_tier_or_write_is_denied[triage] PASSED [ 18%]
stage-a-cpu (1) / run-cpu	UNKNOWN STEP	2026-09-26T01:44:35.9105134Z tests/ci/test/test_comment_ci_command.py::test_fork_file_run_without_contributor_tier_or_write_is_denied[none] PASSED [ 18%]
stage-a-cpu (1) / run-cpu	UNKNOWN STEP	2026-09-26T01:44:35.9129267Z tests/ci/test/test_comment_ci_command.py::test_repository_writer_dispatches_a_fork_file_run[write] PASSED [ 18%]
stage-a-cpu (1) / run-cpu	UNKNOWN STEP	2026-09-26T01:44:35.9153232Z tests/ci/test/test_comment_ci_command.py::test_repository_writer_dispatches_a_fork_file_run[admin] PASSED [ 18%]
stage-a-cpu (1) / run-cpu	UNKNOWN STEP	2026-09-26T01:44:35.9177473Z tests/ci/test/test_comment_ci_command.py::test_prior_contributor_dispatches_a_fork_file_run_without_a_permission_lookup[OWNER] PASSED [ 18%]
stage-a-cpu (1) / run-cpu	UNKNOWN STEP	2026-09-26T01:44:35.9201772Z tests/ci/test/test_comment_ci_command.py::test_prior_contributor_dispatches_a_fork_file_run_without_a_permission_lookup[MEMBER] PASSED [ 18%]
stage-a-cpu (1) / run-cpu	UNKNOWN STEP	2026-09-26T01:44:35.9225904Z tests/ci/test/test_comment_ci_command.py::test_prior_contributor_dispatches_a_fork_file_run_without_a_permission_lookup[COLLABORATOR] PASSED [ 18%]
stage-a-cpu (1) / run-cpu	UNKNOWN STEP	2026-09-26T01:44:35.9250239Z tests/ci/test/test_comment_ci_command.py::test_prior_contributor_dispatches_a_fork_file_run_without_a_permission_lookup[CONTRIBUTOR] PASSED [ 19%]
stage-a-cpu (1) / run-cpu	UNKNOWN STEP	2026-09-26T01:44:35.9274221Z tests/ci/test/test_comment_ci_command.py::test_first_time_contributor_cannot_dispatch_a_fork_file_run[FIRST_TIME_CONTRIBUTOR] PASSED [ 19%]
stage-a-cpu (1) / run-cpu	UNKNOWN STEP	2026-09-26T01:44:35.9298322Z tests/ci/test/test_comment_ci_command.py::test_first_time_contributor_cannot_dispatch_a_fork_file_run[FIRST_TIMER] PASSED [ 19%]
stage-a-cpu (1) / run-cpu	UNKNOWN STEP	2026-09-26T01:44:35.9322737Z tests/ci/test/test_comment_ci_command.py::test_first_time_contributor_cannot_dispatch_a_fork_file_run[NONE] PASSED [ 19%]
stage-a-cpu (1) / run-cpu	UNKNOWN STEP	2026-09-26T01:44:35.9346934Z tests/ci/test/test_comment_ci_command.py::test_first_time_contributor_cannot_dispatch_a_fork_file_run[MANNEQUIN] PASSED [ 19%]
stage-a-cpu (1) / run-cpu	UNKNOWN STEP	2026-09-26T01:44:35.9370316Z tests/ci/test/test_comment_ci_command.py::test_fork_file_run_requires_one_unique_head_pull PASSED [ 19%]
stage-a-cpu (1) / run-cpu	UNKNOWN STEP	2026-09-26T01:44:35.9394511Z tests/ci/test/test_comment_ci_command.py::test_file_run_requires_live_write_permission[read] PASSED [ 19%]
stage-a-cpu (1) / run-cpu	UNKNOWN STEP	2026-09-26T01:44:35.9418679Z tests/ci/test/test_comment_ci_command.py::test_file_run_requires_live_write_permission[triage] PASSED [ 19%]
stage-a-cpu (1) / run-cpu	UNKNOWN STEP	2026-09-26T01:44:35.9443050Z tests/ci/test/test_comment_ci_command.py::test_file_run_requires_live_write_permission[none] PASSED [ 19%]
stage-a-cpu (1) / run-cpu	UNKNOWN STEP	2026-09-26T01:44:35.9466016Z tests/ci/test/test_comment_ci_command.py::test_add_label_access_user_id_cannot_dispatch_a_file_run PASSED [ 19%]
stage-a-cpu (1) / run-cpu	UNKNOWN STEP	2026-09-26T01:44:35.9490352Z tests/ci/test/test_comment_ci_command.py::test_prior_contributor_dispatches_a_file_run_without_a_permission_lookup[OWNER] PASSED [ 19%]
stage-a-cpu (1) / run-cpu	UNKNOWN STEP	2026-09-26T01:44:35.9514186Z tests/ci/test/test_comment_ci_command.py::test_prior_contributor_dispatches_a_file_run_without_a_permission_lookup[MEMBER] PASSED [ 19%]
stage-a-cpu (1) / run-cpu	UNKNOWN STEP	2026-09-26T01:44:35.9538182Z tests/ci/test/test_comment_ci_command.py::test_prior_contributor_dispatches_a_file_run_without_a_permission_lookup[COLLABORATOR] PASSED [ 19%]
stage-a-cpu (1) / run-cpu	UNKNOWN STEP	2026-09-26T01:44:35.9562339Z tests/ci/test/test_comment_ci_command.py::test_prior_contributor_dispatches_a_file_run_without_a_permission_lookup[CONTRIBUTOR] PASSED [ 19%]
stage-a-cpu (1) / run-cpu	UNKNOWN STEP	2026-09-26T01:44:35.9586389Z tests/ci/test/test_comment_ci_command.py::test_first_time_contributor_cannot_dispatch_a_file_run[FIRST_TIME_CONTRIBUTOR] PASSED [ 19%]
stage-a-cpu (1) / run-cpu	UNKNOWN STEP	2026-09-26T01:44:35.9610995Z tests/ci/test/test_comment_ci_command.py::test_first_time_contributor_cannot_dispatch_a_file_run[FIRST_TIMER] PASSED [ 19%]
stage-a-cpu (1) / run-cpu	UNKNOWN STEP	2026-09-26T01:44:35.9634770Z tests/ci/test/test_comment_ci_command.py::test_first_time_contributor_cannot_dispatch_a_file_run[NONE] PASSED [ 19%]
stage-a-cpu (1) / run-cpu	UNKNOWN STEP	2026-09-26T01:44:35.9658788Z tests/ci/test/test_comment_ci_command.py::test_first_time_contributor_cannot_dispatch_a_file_run[MANNEQUIN] PASSED [ 19%]
stage-a-cpu (1) / run-cpu	UNKNOWN STEP	2026-09-26T01:44:35.9681956Z tests/ci/test/test_comment_ci_command.py::test_prior_contributor_access_user_id_dispatches_a_file_run PASSED [ 19%]
stage-a-cpu (1) / run-cpu	UNKNOWN STEP	2026-09-26T01:44:35.9706280Z tests/ci/test/test_comment_ci_command.py::test_contributor_association_grants_no_label_command[/run-ci-short] PASSED [ 19%]
stage-a-cpu (1) / run-cpu	UNKNOWN STEP	2026-09-26T01:44:35.9730423Z tests/ci/test/test_comment_ci_command.py::test_contributor_association_grants_no_label_command[/clear-labels] PASSED [ 19%]
stage-a-cpu (1) / run-cpu	UNKNOWN STEP	2026-09-26T01:44:35.9754292Z tests/ci/test/test_comment_ci_command.py::test_prior_contributor_access_user_id_grants_no_label_command[/run-ci-short] PASSED [ 19%]
stage-a-cpu (1) / run-cpu	UNKNOWN STEP	2026-09-26T01:44:35.9778496Z tests/ci/test/test_comment_ci_command.py::test_prior_contributor_access_user_id_grants_no_label_command[/clear-labels] PASSED [ 19%]
stage-a-cpu (1) / run-cpu	UNKNOWN STEP	2026-09-26T01:44:35.9801725Z tests/ci/test/test_comment_ci_command.py::test_contributor_reruns_failed_ci_without_a_permission_lookup PASSED [ 19%]
stage-a-cpu (1) / run-cpu	UNKNOWN STEP	2026-09-26T01:44:35.9824697Z tests/ci/test/test_comment_ci_command.py::test_prior_contributor_access_user_id_reruns_failed_ci PASSED [ 19%]
stage-a-cpu (1) / run-cpu	UNKNOWN STEP	2026-09-26T01:44:35.9849532Z tests/ci/test/test_comment_ci_command.py::test_event_parser_rejects_an_invalid_author_association[None] PASSED [ 19%]
stage-a-cpu (1) / run-cpu	UNKNOWN STEP	2026-09-26T01:44:35.9875515Z tests/ci/test/test_comment_ci_command.py::test_event_parser_rejects_an_invalid_author_association[True] PASSED [ 19%]
stage-a-cpu (1) / run-cpu	UNKNOWN STEP	2026-09-26T01:44:35.9899667Z tests/ci/test/test_comment_ci_command.py::test_event_parser_rejects_an_invalid_author_association[] PASSED [ 19%]
stage-a-cpu (1) / run-cpu	UNKNOWN STEP	2026-09-26T01:44:35.9923563Z tests/ci/test/test_comment_ci_command.py::test_event_parser_rejects_an_invalid_author_association[collaborator] PASSED [ 19%]
stage-a-cpu (1) / run-cpu	UNKNOWN STEP	2026-09-26T01:44:35.9948727Z tests/ci/test/test_comment_ci_command.py::test_event_parser_rejects_an_invalid_author_association[EVERYONE] PASSED [ 19%]
stage-a-cpu (1) / run-cpu	UNKNOWN STEP	2026-09-26T01:44:35.9972711Z tests/ci/test/test_comment_ci_command.py::test_create_workflow_dispatch_requests_and_returns_exact_run_details PASSED [ 19%]
stage-a-cpu (1) / run-cpu	UNKNOWN STEP	2026-09-26T01:44:36.0000179Z tests/ci/test/test_comment_ci_command.py::test_create_workflow_dispatch_rejects_unconfirmed_response[204--expected 200] PASSED [ 19%]
stage-a-cpu (1) / run-cpu	UNKNOWN STEP	2026-09-26T01:44:36.0027159Z tests/ci/test/test_comment_ci_command.py::test_create_workflow_dispatch_rejects_unconfirmed_response[200--invalid JSON] PASSED [ 20%]
stage-a-cpu (1) / run-cpu	UNKNOWN STEP	2026-09-26T01:44:36.0053786Z tests/ci/test/test_comment_ci_command.py::test_create_workflow_dispatch_rejects_invalid_run_details[details0-workflow run ID must be a positive integer] PASSED [ 20%]
stage-a-cpu (1) / run-cpu	UNKNOWN STEP	2026-09-26T01:44:36.0080435Z tests/ci/test/test_comment_ci_command.py::test_create_workflow_dispatch_rejects_invalid_run_details[details1-mismatched workflow dispatch details] PASSED [ 20%]
stage-a-cpu (1) / run-cpu	UNKNOWN STEP	2026-09-26T01:44:36.0106652Z tests/ci/test/test_comment_ci_command.py::test_create_workflow_dispatch_rejects_invalid_run_details[details2-workflow run URL is invalid] PASSED [ 20%]
stage-a-cpu (1) / run-cpu	UNKNOWN STEP	2026-09-26T01:44:36.0130357Z tests/ci/test/test_comment_ci_command.py::test_create_issue_comment_uses_exact_endpoint_and_confirms_body PASSED [ 20%]
stage-a-cpu (1) / run-cpu	UNKNOWN STEP	2026-09-26T01:44:36.0156785Z tests/ci/test/test_comment_ci_command.py::test_create_issue_comment_rejects_unconfirmed_response_without_retry[200-body0-expected 201] PASSED [ 20%]
stage-a-cpu (1) / run-cpu	UNKNOWN STEP	2026-09-26T01:44:36.0183820Z tests/ci/test/test_comment_ci_command.py::test_create_issue_comment_rejects_unconfirmed_response_without_retry[201-body1-did not confirm] PASSED [ 20%]
stage-a-cpu (1) / run-cpu	UNKNOWN STEP	2026-09-26T01:44:36.0211804Z tests/ci/test/test_comment_ci_command.py::test_create_issue_comment_rejects_unconfirmed_response_without_retry[201-body2-comment ID] PASSED [ 20%]
stage-a-cpu (1) / run-cpu	UNKNOWN STEP	2026-09-26T01:44:36.0236817Z tests/ci/test/test_comment_ci_command.py::test_add_comment_reaction_accepts_created_or_existing_reaction[200] PASSED [ 20%]
stage-a-cpu (1) / run-cpu	UNKNOWN STEP	2026-09-26T01:44:36.0261344Z tests/ci/test/test_comment_ci_command.py::test_add_comment_reaction_accepts_created_or_existing_reaction[201] PASSED [ 20%]
stage-a-cpu (1) / run-cpu	UNKNOWN STEP	2026-09-26T01:44:36.0288453Z tests/ci/test/test_comment_ci_command.py::test_add_comment_reaction_rejects_unconfirmed_response_without_retry[202-{"content":"+1"}-expected 200 or 201] PASSED [ 20%]
stage-a-cpu (1) / run-cpu	UNKNOWN STEP	2026-09-26T01:44:36.0315366Z tests/ci/test/test_comment_ci_command.py::test_add_comment_reaction_rejects_unconfirmed_response_without_retry[204--expected 200 or 201] PASSED [ 20%]
stage-a-cpu (1) / run-cpu	UNKNOWN STEP	2026-09-26T01:44:36.0343220Z tests/ci/test/test_comment_ci_command.py::test_add_comment_reaction_rejects_unconfirmed_response_without_retry[201-{"content":"heart"}-did not confirm] PASSED [ 20%]
stage-a-cpu (1) / run-cpu	UNKNOWN STEP	2026-09-26T01:44:36.0369933Z tests/ci/test/test_comment_ci_command.py::test_add_comment_reaction_rejects_unconfirmed_response_without_retry[201-not-json-invalid JSON] PASSED [ 20%]
stage-a-cpu (1) / run-cpu	UNKNOWN STEP	2026-09-26T01:44:36.0395587Z tests/ci/test/test_comment_ci_command.py::test_comment_reaction_api_failure_is_not_retried[exception0-HTTP 403] PASSED [ 20%]
stage-a-cpu (1) / run-cpu	UNKNOWN STEP	2026-09-26T01:44:36.0421204Z tests/ci/test/test_comment_ci_command.py::test_comment_reaction_api_failure_is_not_retried[exception1-timed out] PASSED [ 20%]
stage-a-cpu (1) / run-cpu	UNKNOWN STEP	2026-09-26T01:44:36.0443640Z tests/ci/test/test_comment_ci_command.py::test_acknowledge_event_reacts_only_for_run_test_file PASSED [ 20%]
stage-a-cpu (1) / run-cpu	UNKNOWN STEP	2026-09-26T01:44:36.0468180Z tests/ci/test/test_comment_ci_command.py::test_acknowledge_event_rejects_commands_without_a_success_reaction PASSED [ 20%]
stage-a-cpu (1) / run-cpu	UNKNOWN STEP	2026-09-26T01:44:36.0493640Z tests/ci/test/test_comment_ci_command.py::test_acknowledge_event_rejects_an_invalid_comment_id[None] PASSED [ 20%]
stage-a-cpu (1) / run-cpu	UNKNOWN STEP	2026-09-26T01:44:36.0517522Z tests/ci/test/test_comment_ci_command.py::test_acknowledge_event_rejects_an_invalid_comment_id[0] PASSED [ 20%]
stage-a-cpu (1) / run-cpu	UNKNOWN STEP	2026-09-26T01:44:36.0542270Z tests/ci/test/test_comment_ci_command.py::test_acknowledge_event_rejects_an_invalid_comment_id[5678] PASSED [ 20%]
stage-a-cpu (1) / run-cpu	UNKNOWN STEP	2026-09-26T01:44:36.0568077Z tests/ci/test/test_comment_ci_command.py::test_acknowledge_mode_reacts_without_loading_policy PASSED [ 20%]
stage-a-cpu (1) / run-cpu	UNKNOWN STEP	2026-09-26T01:44:36.0592546Z tests/ci/test/test_comment_ci_command.py::test_acknowledge_mode_rejects_a_command_without_a_success_reaction PASSED [ 20%]
stage-a-cpu (1) / run-cpu	UNKNOWN STEP	2026-09-26T01:44:36.0615610Z tests/ci/test/test_comment_ci_command.py::test_announce_posts_a_running_status_comment_keyed_to_the_run PASSED [ 20%]
stage-a-cpu (1) / run-cpu	UNKNOWN STEP	2026-09-26T01:44:36.0638803Z tests/ci/test/test_comment_ci_command.py::test_report_updates_the_announced_comment_with_the_result_and_duration PASSED [ 20%]
stage-a-cpu (1) / run-cpu	UNKNOWN STEP	2026-09-26T01:44:36.0666516Z tests/ci/test/test_comment_ci_command.py::test_report_never_calls_a_non_passing_run_a_pass[overrides0-FILE_RUN_FAILED-\u274c-The execution job failed; inspect the workflow run for the failing step.] PASSED [ 20%]
stage-a-cpu (1) / run-cpu	UNKNOWN STEP	2026-09-26T01:44:36.0693679Z tests/ci/test/test_comment_ci_command.py::test_report_never_calls_a_non_passing_run_a_pass[overrides1-FILE_RUN_FAILED-\u274c-The run never started: resolving the test file's execution plan failed.] PASSED [ 20%]
stage-a-cpu (1) / run-cpu	UNKNOWN STEP	2026-09-26T01:44:36.0721548Z tests/ci/test/test_comment_ci_command.py::test_report_never_calls_a_non_passing_run_a_pass[overrides2-FILE_RUN_CANCELLED-\u26aa-The run was cancelled.] PASSED [ 20%]
stage-a-cpu (1) / run-cpu	UNKNOWN STEP	2026-09-26T01:44:36.0748425Z tests/ci/test/test_comment_ci_command.py::test_report_never_calls_a_non_passing_run_a_pass[overrides3-FILE_RUN_CANCELLED-\u26aa-The run was cancelled.] PASSED [ 20%]
stage-a-cpu (1) / run-cpu	UNKNOWN STEP	2026-09-26T01:44:36.0775722Z tests/ci/test/test_comment_ci_command.py::test_report_never_calls_a_non_passing_run_a_pass[overrides4-FILE_RUN_FAILED-\u274c-No execution job ran: the resolved plan selected neither the CUDA nor the CPU job.] PASSED [ 20%]
stage-a-cpu (1) / run-cpu	UNKNOWN STEP	2026-09-26T01:44:36.0798179Z tests/ci/test/test_comment_ci_command.py::test_report_reads_the_run_start_from_the_api_not_from_an_input PASSED [ 20%]
stage-a-cpu (1) / run-cpu	UNKNOWN STEP	2026-09-26T01:44:36.0822925Z tests/ci/test/test_comment_ci_command.py::test_report_fails_closed_on_an_unusable_run_start[workflow_run0] PASSED [ 20%]
stage-a-cpu (1) / run-cpu	UNKNOWN STEP	2026-09-26T01:44:36.0846841Z tests/ci/test/test_comment_ci_command.py::test_report_fails_closed_on_an_unusable_run_start[workflow_run1] PASSED [ 21%]
stage-a-cpu (1) / run-cpu	UNKNOWN STEP	2026-09-26T01:44:36.0870956Z tests/ci/test/test_comment_ci_command.py::test_report_fails_closed_on_an_unusable_run_start[workflow_run2] PASSED [ 21%]
stage-a-cpu (1) / run-cpu	UNKNOWN STEP	2026-09-26T01:44:36.0894682Z tests/ci/test/test_comment_ci_command.py::test_report_fails_closed_on_an_unusable_run_start[workflow_run3] PASSED [ 21%]
stage-a-cpu (1) / run-cpu	UNKNOWN STEP	2026-09-26T01:44:36.0918923Z tests/ci/test/test_comment_ci_command.py::test_report_fails_closed_on_an_unusable_run_start[workflow_run4] PASSED [ 21%]
stage-a-cpu (1) / run-cpu	UNKNOWN STEP	2026-09-26T01:44:36.0943322Z tests/ci/test/test_comment_ci_command.py::test_report_fails_closed_on_an_unusable_run_start[workflow_run5] PASSED [ 21%]
stage-a-cpu (1) / run-cpu	UNKNOWN STEP	2026-09-26T01:44:36.0966952Z tests/ci/test/test_comment_ci_command.py::test_report_fails_closed_on_an_unusable_run_start[nope] PASSED [ 21%]
stage-a-cpu (1) / run-cpu	UNKNOWN STEP	2026-09-26T01:44:36.0991602Z tests/ci/test/test_comment_ci_command.py::test_duration_formatting_is_stable[0-0s] PASSED [ 21%]
stage-a-cpu (1) / run-cpu	UNKNOWN STEP	2026-09-26T01:44:36.1016037Z tests/ci/test/test_comment_ci_command.py::test_duration_formatting_is_stable[9-9s] PASSED [ 21%]
stage-a-cpu (1) / run-cpu	UNKNOWN STEP	2026-09-26T01:44:36.1040843Z tests/ci/test/test_comment_ci_command.py::test_duration_formatting_is_stable[59-59s] PASSED [ 21%]
stage-a-cpu (1) / run-cpu	UNKNOWN STEP	2026-09-26T01:44:36.1065061Z tests/ci/test/test_comment_ci_command.py::test_duration_formatting_is_stable[60-1m00s] PASSED [ 21%]
stage-a-cpu (1) / run-cpu	UNKNOWN STEP	2026-09-26T01:44:36.1089574Z tests/ci/test/test_comment_ci_command.py::test_duration_formatting_is_stable[191-3m11s] PASSED [ 21%]
stage-a-cpu (1) / run-cpu	UNKNOWN STEP	2026-09-26T01:44:36.1114673Z tests/ci/test/test_comment_ci_command.py::test_duration_formatting_is_stable[3600-1h00m00s] PASSED [ 21%]
stage-a-cpu (1) / run-cpu	UNKNOWN STEP	2026-09-26T01:44:36.1138895Z tests/ci/test/test_comment_ci_command.py::test_duration_formatting_is_stable[3791-1h03m11s] PASSED [ 21%]
stage-a-cpu (1) / run-cpu	UNKNOWN STEP	2026-09-26T01:44:36.1162528Z tests/ci/test/test_comment_ci_command.py::test_negative_duration_is_a_hard_error PASSED [ 21%]
stage-a-cpu (1) / run-cpu	UNKNOWN STEP	2026-09-26T01:44:36.1188836Z tests/ci/test/test_comment_ci_command.py::test_file_run_status_inputs_fail_closed[announce-overrides0-announce or report] PASSED [ 21%]
stage-a-cpu (1) / run-cpu	UNKNOWN STEP	2026-09-26T01:44:36.1215728Z tests/ci/test/test_comment_ci_command.py::test_file_run_status_inputs_fail_closed[announce-overrides1-pull request number] PASSED [ 21%]
stage-a-cpu (1) / run-cpu	UNKNOWN STEP	2026-09-26T01:44:36.1241597Z tests/ci/test/test_comment_ci_command.py::test_file_run_status_inputs_fail_closed[announce-overrides2-pull request number] PASSED [ 21%]
stage-a-cpu (1) / run-cpu	UNKNOWN STEP	2026-09-26T01:44:36.1267313Z tests/ci/test/test_comment_ci_command.py::test_file_run_status_inputs_fail_closed[announce-overrides3-pull request number] PASSED [ 21%]
stage-a-cpu (1) / run-cpu	UNKNOWN STEP	2026-09-26T01:44:36.1294344Z tests/ci/test/test_comment_ci_command.py::test_file_run_status_inputs_fail_closed[announce-overrides4-workflow run ID] PASSED [ 21%]
stage-a-cpu (1) / run-cpu	UNKNOWN STEP	2026-09-26T01:44:36.1320793Z tests/ci/test/test_comment_ci_command.py::test_file_run_status_inputs_fail_closed[announce-overrides5-test file is invalid] PASSED [ 21%]
stage-a-cpu (1) / run-cpu	UNKNOWN STEP	2026-09-26T01:44:36.1346617Z tests/ci/test/test_comment_ci_command.py::test_file_run_status_inputs_fail_closed[announce-overrides6-test file is invalid] PASSED [ 21%]
stage-a-cpu (1) / run-cpu	UNKNOWN STEP	2026-09-26T01:44:36.1373043Z tests/ci/test/test_comment_ci_command.py::test_file_run_status_inputs_fail_closed[report-overrides7-suite is invalid] PASSED [ 21%]
stage-a-cpu (1) / run-cpu	UNKNOWN STEP	2026-09-26T01:44:36.1399240Z tests/ci/test/test_comment_ci_command.py::test_file_run_status_inputs_fail_closed[report-overrides8-resolve result is invalid] PASSED [ 21%]
stage-a-cpu (1) / run-cpu	UNKNOWN STEP	2026-09-26T01:44:36.1426955Z tests/ci/test/test_comment_ci_command.py::test_file_run_status_inputs_fail_closed[report-overrides9-two executing jobs] PASSED [ 21%]
stage-a-cpu (1) / run-cpu	UNKNOWN STEP	2026-09-26T01:44:36.1453216Z tests/ci/test/test_comment_ci_command.py::test_file_run_status_inputs_fail_closed[report-overrides10-comment ID] PASSED [ 21%]
stage-a-cpu (1) / run-cpu	UNKNOWN STEP	2026-09-26T01:44:36.1478754Z tests/ci/test/test_comment_ci_command.py::test_file_run_status_inputs_fail_closed[report-overrides11-comment ID] PASSED [ 21%]
stage-a-cpu (1) / run-cpu	UNKNOWN STEP	2026-09-26T01:44:36.1505460Z tests/ci/test/test_comment_ci_command.py::test_status_mode_needs_no_event_and_loads_no_policy PASSED [ 21%]
stage-a-cpu (1) / run-cpu	UNKNOWN STEP	2026-09-26T01:44:36.1539951Z tests/ci/test/test_comment_ci_command.py::test_announce_mode_writes_the_created_comment_id PASSED [ 21%]
stage-a-cpu (1) / run-cpu	UNKNOWN STEP	2026-09-26T01:44:36.1565891Z tests/ci/test/test_comment_ci_command.py::test_status_mode_reports_a_handler_error_as_a_failed_step PASSED [ 21%]
stage-a-cpu (1) / run-cpu	UNKNOWN STEP	2026-09-26T01:44:36.1587963Z tests/ci/test/test_comment_ci_command.py::test_the_gateway_no_longer_owns_a_reply_path PASSED [ 21%]
stage-a-cpu (1) / run-cpu	UNKNOWN STEP	2026-09-26T01:44:36.1612994Z tests/ci/test/test_comment_ci_command.py::test_workflow_runs_only_trusted_code_with_minimal_permissions PASSED [ 21%]
stage-a-cpu (1) / run-cpu	UNKNOWN STEP	2026-09-26T01:44:36.1734127Z tests/ci/test/test_failure_tail.py::test_draining_passes_every_byte_through_untouched PASSED [ 21%]
stage-a-cpu (1) / run-cpu	UNKNOWN STEP	2026-09-26T01:44:36.1956936Z tests/ci/test/test_failure_tail.py::test_draining_holds_a_bounded_tail_of_a_large_stream PASSED [ 22%]
stage-a-cpu (1) / run-cpu	UNKNOWN STEP	2026-09-26T01:44:36.1980535Z tests/ci/test/test_failure_tail.py::test_the_tail_keeps_the_last_lines_and_drops_blank_ones PASSED [ 22%]
stage-a-cpu (1) / run-cpu	UNKNOWN STEP	2026-09-26T01:44:36.2204779Z tests/ci/test/test_failure_tail.py::test_a_failing_test_explains_itself_inside_the_notifier_window PASSED [ 22%]
stage-a-cpu (1) / run-cpu	UNKNOWN STEP	2026-09-26T01:44:36.3149526Z tests/ci/test/test_failure_tail.py::test_the_summary_survives_a_log_far_larger_than_the_notifier_window PASSED [ 22%]
stage-a-cpu (1) / run-cpu	UNKNOWN STEP	2026-09-26T01:44:36.3172907Z tests/ci/test/test_file_run.py::test_every_cuda_suite_has_a_runner_mapping PASSED [ 22%]
stage-a-cpu (1) / run-cpu	UNKNOWN STEP	2026-09-26T01:44:36.3195972Z tests/ci/test/test_file_run.py::test_every_cpu_suite_is_allowed PASSED   [ 22%]
stage-a-cpu (1) / run-cpu	UNKNOWN STEP	2026-09-26T01:44:36.3219793Z tests/ci/test/test_file_run.py::test_cuda_file_resolves_to_its_suite_runner_and_image PASSED [ 22%]
stage-a-cpu (1) / run-cpu	UNKNOWN STEP	2026-09-26T01:44:36.3242621Z tests/ci/test/test_file_run.py::test_cpu_file_resolves_without_runner_labels PASSED [ 22%]
stage-a-cpu (1) / run-cpu	UNKNOWN STEP	2026-09-26T01:44:36.3265781Z tests/ci/test/test_file_run.py::test_long_file_extends_the_default_timeout PASSED [ 22%]
stage-a-cpu (1) / run-cpu	UNKNOWN STEP	2026-09-26T01:44:36.3289545Z tests/ci/test/test_file_run.py::test_unknown_cpu_suite_is_a_hard_error PASSED [ 22%]
stage-a-cpu (1) / run-cpu	UNKNOWN STEP	2026-09-26T01:44:36.3312330Z tests/ci/test/test_file_run.py::test_rocm_registration_is_ignored_next_to_a_cuda_one PASSED [ 22%]
stage-a-cpu (1) / run-cpu	UNKNOWN STEP	2026-09-26T01:44:36.3336076Z tests/ci/test/test_file_run.py::test_unregistered_file_is_a_hard_error PASSED [ 22%]
stage-a-cpu (1) / run-cpu	UNKNOWN STEP	2026-09-26T01:44:36.3359661Z tests/ci/test/test_file_run.py::test_rocm_only_file_is_a_hard_error PASSED [ 22%]
stage-a-cpu (1) / run-cpu	UNKNOWN STEP	2026-09-26T01:44:36.3383284Z tests/ci/test/test_file_run.py::test_multiple_cpu_cuda_registrations_are_a_hard_error PASSED [ 22%]
stage-a-cpu (1) / run-cpu	UNKNOWN STEP	2026-09-26T01:44:36.3406819Z tests/ci/test/test_file_run.py::test_disabled_file_is_a_hard_error PASSED [ 22%]
stage-a-cpu (1) / run-cpu	UNKNOWN STEP	2026-09-26T01:44:36.3431582Z tests/ci/test/test_file_run.py::test_invalid_image_tag_is_a_hard_error[] PASSED [ 22%]
stage-a-cpu (1) / run-cpu	UNKNOWN STEP	2026-09-26T01:44:36.3455411Z tests/ci/test/test_file_run.py::test_invalid_image_tag_is_a_hard_error[-bad] PASSED [ 22%]
stage-a-cpu (1) / run-cpu	UNKNOWN STEP	2026-09-26T01:44:36.3479735Z tests/ci/test/test_file_run.py::test_invalid_image_tag_is_a_hard_error[aaaaaaaaaaaaaaaaaaaaaaaaaaaaaaaaaaaaaaaaaaaaaaaaaaaaaaaaaaaaaaaaaaaaaaaaaaaaaaaaaaaaaaaaaaaaaaaaaaaaaaaaaaaaaaaaaaaaaaaaaaaaaaaaa] PASSED [ 22%]
stage-a-cpu (1) / run-cpu	UNKNOWN STEP	2026-09-26T01:44:36.3502754Z tests/ci/test/test_file_run.py::test_invalid_image_tag_is_a_hard_error[radixark/miles:dev] PASSED [ 22%]
stage-a-cpu (1) / run-cpu	UNKNOWN STEP	2026-09-26T01:44:37.6634008Z tests/ci/test/test_file_run.py::test_resolve_reads_the_real_registry PASSED [ 22%]
stage-a-cpu (1) / run-cpu	UNKNOWN STEP	2026-09-26T01:44:37.6671817Z tests/ci/test/test_file_run.py::test_resolve_rejects_a_symlinked_test_file PASSED [ 22%]
stage-a-cpu (1) / run-cpu	UNKNOWN STEP	2026-09-26T01:44:37.6705577Z tests/ci/test/test_file_run.py::test_resolve_rejects_a_symlinked_tests_root PASSED [ 22%]
stage-a-cpu (1) / run-cpu	UNKNOWN STEP	2026-09-26T01:44:39.3952830Z tests/ci/test/test_file_run.py::test_main_writes_github_outputs PASSED   [ 22%]
stage-a-cpu (1) / run-cpu	UNKNOWN STEP	2026-09-26T01:44:40.7035573Z tests/ci/test/test_file_run.py::test_main_fails_closed_on_an_unregistered_file PASSED [ 22%]
stage-a-cpu (1) / run-cpu	UNKNOWN STEP	2026-09-26T01:44:40.7063934Z tests/ci/test/test_file_run.py::test_target_workflow_keeps_orchestration_trusted_and_checks_out_exact_head PASSED [ 22%]
stage-a-cpu (1) / run-cpu	UNKNOWN STEP	2026-09-26T01:44:40.7089816Z tests/ci/test/test_gate_integration.py::TestGateProvenanceFromEnv::test_full_env_parsed PASSED [ 22%]
stage-a-cpu (1) / run-cpu	UNKNOWN STEP	2026-09-26T01:44:40.7114568Z tests/ci/test/test_gate_integration.py::TestGateProvenanceFromEnv::test_non_pr_commit_name_yields_none_pr PASSED [ 22%]
stage-a-cpu (1) / run-cpu	UNKNOWN STEP	2026-09-26T01:44:40.7140115Z tests/ci/test/test_gate_integration.py::TestGateProvenanceFromEnv::test_empty_env_does_not_raise PASSED [ 22%]
stage-a-cpu (1) / run-cpu	UNKNOWN STEP	2026-09-26T01:44:40.7165319Z tests/ci/test/test_gate_integration.py::TestBuildStoreFromEnv::test_no_neon_url_returns_none PASSED [ 22%]
stage-a-cpu (1) / run-cpu	UNKNOWN STEP	2026-09-26T01:44:40.7190607Z tests/ci/test/test_gate_integration.py::TestBuildStoreFromEnv::test_neon_url_routes_to_neon_store PASSED [ 22%]
stage-a-cpu (1) / run-cpu	UNKNOWN STEP	2026-09-26T01:44:40.7217661Z tests/ci/test/test_gate_integration.py::TestBuildStoreFromEnv::test_store_construction_failure_degrades_to_none PASSED [ 22%]
stage-a-cpu (1) / run-cpu	UNKNOWN STEP	2026-09-26T01:44:40.7264203Z tests/ci/test/test_gate_integration.py::TestPassingAttemptSelection::test_only_passing_attempt_record_is_evaluated_and_written PASSED [ 22%]
stage-a-cpu (1) / run-cpu	UNKNOWN STEP	2026-09-26T01:44:40.7306960Z tests/ci/test/test_gate_integration.py::TestBaselineWrite::test_nightly_writes_trusted_row_with_provenance PASSED [ 23%]
stage-a-cpu (1) / run-cpu	UNKNOWN STEP	2026-09-26T01:44:40.7350289Z tests/ci/test/test_gate_integration.py::TestBaselineWrite::test_nightly_writes_untrusted_when_verdict_not_trusted PASSED [ 23%]
stage-a-cpu (1) / run-cpu	UNKNOWN STEP	2026-09-26T01:44:40.7392541Z tests/ci/test/test_gate_integration.py::TestBaselineWrite::test_nightly_one_liner_writes_every_step PASSED [ 23%]
stage-a-cpu (1) / run-cpu	UNKNOWN STEP	2026-09-26T01:44:40.7432414Z tests/ci/test/test_gate_integration.py::TestBaselineWrite::test_nightly_no_spec_file_writes_nothing PASSED [ 23%]
stage-a-cpu (1) / run-cpu	UNKNOWN STEP	2026-09-26T01:44:40.7475132Z tests/ci/test/test_gate_integration.py::TestBaselineWrite::test_nightly_dedupes_values_by_coordinate PASSED [ 23%]
stage-a-cpu (1) / run-cpu	UNKNOWN STEP	2026-09-26T01:44:40.7516779Z tests/ci/test/test_gate_integration.py::TestExecutingSuiteIdentity::test_row_is_keyed_on_the_executing_stage_not_the_declared_one PASSED [ 23%]
stage-a-cpu (1) / run-cpu	UNKNOWN STEP	2026-09-26T01:44:40.7562977Z tests/ci/test/test_gate_integration.py::TestExecutingSuiteIdentity::test_the_two_stages_keep_independent_series PASSED [ 23%]
stage-a-cpu (1) / run-cpu	UNKNOWN STEP	2026-09-26T01:44:40.7613562Z tests/ci/test/test_gate_integration.py::TestPrShadow::test_pr_writes_no_row_and_emits_shadow_verdict PASSED [ 23%]
stage-a-cpu (1) / run-cpu	UNKNOWN STEP	2026-09-26T01:44:40.7655801Z tests/ci/test/test_gate_integration.py::TestNeverBlocks::test_not_trusted_verdict_does_not_raise_in_pr PASSED [ 23%]
stage-a-cpu (1) / run-cpu	UNKNOWN STEP	2026-09-26T01:44:40.7702360Z tests/ci/test/test_gate_integration.py::TestNeverBlocks::test_gate_error_is_swallowed PASSED [ 23%]
stage-a-cpu (1) / run-cpu	UNKNOWN STEP	2026-09-26T01:44:40.7743761Z tests/ci/test/test_gate_integration.py::TestNeverBlocks::test_store_error_never_blocks PASSED [ 23%]
stage-a-cpu (1) / run-cpu	UNKNOWN STEP	2026-09-26T01:44:40.7785685Z tests/ci/test/test_gate_integration.py::test_hook_signature_matches_metric_sample_contract PASSED [ 23%]
stage-a-cpu (1) / run-cpu	UNKNOWN STEP	2026-09-26T01:44:40.7808949Z tests/ci/test/test_hardware.py::test_every_cuda_suite_declares_an_arch PASSED [ 23%]
stage-a-cpu (1) / run-cpu	UNKNOWN STEP	2026-09-26T01:44:40.7832241Z tests/ci/test/test_hardware.py::test_every_declared_arch_is_known PASSED [ 23%]
stage-a-cpu (1) / run-cpu	UNKNOWN STEP	2026-09-26T01:44:40.7855568Z tests/ci/test/test_hardware.py::test_hopper_is_the_default_arch PASSED   [ 23%]
stage-a-cpu (1) / run-cpu	UNKNOWN STEP	2026-09-26T01:44:40.7881032Z tests/ci/test/test_hardware.py::test_auto_arch_follows_preference_not_declaration_order[hardware0-hopper] PASSED [ 23%]
stage-a-cpu (1) / run-cpu	UNKNOWN STEP	2026-09-26T01:44:40.7906178Z tests/ci/test/test_hardware.py::test_auto_arch_follows_preference_not_declaration_order[hardware1-blackwell] PASSED [ 23%]
stage-a-cpu (1) / run-cpu	UNKNOWN STEP	2026-09-26T01:44:40.7931640Z tests/ci/test/test_hardware.py::test_auto_arch_follows_preference_not_declaration_order[hardware2-hopper] PASSED [ 23%]
stage-a-cpu (1) / run-cpu	UNKNOWN STEP	2026-09-26T01:44:40.7956763Z tests/ci/test/test_hardware.py::test_auto_arch_follows_preference_not_declaration_order[hardware3-hopper] PASSED [ 23%]
stage-a-cpu (1) / run-cpu	UNKNOWN STEP	2026-09-26T01:44:40.7980914Z tests/ci/test/test_hardware.py::test_auto_arch_rejects_an_unknown_set PASSED [ 23%]
stage-a-cpu (1) / run-cpu	UNKNOWN STEP	2026-09-26T01:44:40.8008123Z tests/ci/test/test_hardware.py::test_dispatch_targets[registration0-dispatch0-False-expected0] PASSED [ 23%]
stage-a-cpu (1) / run-cpu	UNKNOWN STEP	2026-09-26T01:44:40.8035100Z tests/ci/test/test_hardware.py::test_dispatch_targets[registration1-dispatch1-False-expected1] PASSED [ 23%]
stage-a-cpu (1) / run-cpu	UNKNOWN STEP	2026-09-26T01:44:40.8061760Z tests/ci/test/test_hardware.py::test_dispatch_targets[registration2-dispatch2-False-expected2] PASSED [ 23%]
stage-a-cpu (1) / run-cpu	UNKNOWN STEP	2026-09-26T01:44:40.8087995Z tests/ci/test/test_hardware.py::test_dispatch_targets[registration3-dispatch3-True-expected3] PASSED [ 23%]
stage-a-cpu (1) / run-cpu	UNKNOWN STEP	2026-09-26T01:44:40.8116117Z tests/ci/test/test_hardware.py::test_dispatch_targets[registration4-dispatch4-True-expected4] PASSED [ 23%]
stage-a-cpu (1) / run-cpu	UNKNOWN STEP	2026-09-26T01:44:40.8142778Z tests/ci/test/test_hardware.py::test_dispatch_targets[registration5-dispatch5-True-expected5] PASSED [ 23%]
stage-a-cpu (1) / run-cpu	UNKNOWN STEP	2026-09-26T01:44:40.8169572Z tests/ci/test/test_hardware.py::test_dispatch_targets[registration6-dispatch6-True-expected6] PASSED [ 23%]
stage-a-cpu (1) / run-cpu	UNKNOWN STEP	2026-09-26T01:44:40.8196823Z tests/ci/test/test_hardware.py::test_dispatch_targets[registration7-dispatch7-True-expected7] PASSED [ 23%]
stage-a-cpu (1) / run-cpu	UNKNOWN STEP	2026-09-26T01:44:40.8224837Z tests/ci/test/test_hardware.py::test_dispatch_targets[registration8-dispatch8-True-expected8] PASSED [ 23%]
stage-a-cpu (1) / run-cpu	UNKNOWN STEP	2026-09-26T01:44:40.8251424Z tests/ci/test/test_hardware.py::test_dispatch_targets[registration9-dispatch9-True-expected9] PASSED [ 23%]
stage-a-cpu (1) / run-cpu	UNKNOWN STEP	2026-09-26T01:44:40.8277448Z tests/ci/test/test_hardware.py::test_dispatch_targets[registration10-dispatch10-True-expected10] PASSED [ 23%]
stage-a-cpu (1) / run-cpu	UNKNOWN STEP	2026-09-26T01:44:40.8304264Z tests/ci/test/test_hardware.py::test_dispatch_targets[registration11-dispatch11-True-expected11] PASSED [ 23%]
stage-a-cpu (1) / run-cpu	UNKNOWN STEP	2026-09-26T01:44:40.8331021Z tests/ci/test/test_hardware.py::test_dispatch_targets[registration12-dispatch12-False-expected12] PASSED [ 24%]
stage-a-cpu (1) / run-cpu	UNKNOWN STEP	2026-09-26T01:44:40.8356845Z tests/ci/test/test_hardware.py::test_dispatch_targets[registration13-dispatch13-False-expected13] PASSED [ 24%]
stage-a-cpu (1) / run-cpu	UNKNOWN STEP	2026-09-26T01:44:40.8383164Z tests/ci/test/test_hardware.py::test_dispatch_targets[registration14-dispatch14-False-expected14] PASSED [ 24%]
stage-a-cpu (1) / run-cpu	UNKNOWN STEP	2026-09-26T01:44:40.8406280Z tests/ci/test/test_hardware.py::test_absorb_false_never_leaves_the_home_stage PASSED [ 24%]
stage-a-cpu (1) / run-cpu	UNKNOWN STEP	2026-09-26T01:44:40.8432059Z tests/ci/test/test_hardware.py::test_target_stage[stage-c-8-gpu-h200-hopper-stage-c-8-gpu-h200] PASSED [ 24%]
stage-a-cpu (1) / run-cpu	UNKNOWN STEP	2026-09-26T01:44:40.8457141Z tests/ci/test/test_hardware.py::test_target_stage[stage-c-8-gpu-h100-blackwell-stage-c-8-gpu-b200] PASSED [ 24%]
stage-a-cpu (1) / run-cpu	UNKNOWN STEP	2026-09-26T01:44:40.8482758Z tests/ci/test/test_hardware.py::test_target_stage[stage-c-8-gpu-h200-blackwell-stage-c-8-gpu-b200] PASSED [ 24%]
stage-a-cpu (1) / run-cpu	UNKNOWN STEP	2026-09-26T01:44:40.8508043Z tests/ci/test/test_hardware.py::test_target_stage[stage-b-2-gpu-h200-blackwell-stage-c-8-gpu-b200] PASSED [ 24%]
stage-a-cpu (1) / run-cpu	UNKNOWN STEP	2026-09-26T01:44:40.8534084Z tests/ci/test/test_hardware.py::test_target_stage[stage-c-4-gpu-h200-blackwell-stage-c-8-gpu-b200] PASSED [ 24%]
stage-a-cpu (1) / run-cpu	UNKNOWN STEP	2026-09-26T01:44:40.8556215Z tests/ci/test/test_hardware.py::test_target_stage_is_none_when_no_stage_is_wide_enough PASSED [ 24%]
stage-a-cpu (1) / run-cpu	UNKNOWN STEP	2026-09-26T01:44:40.8579020Z tests/ci/test/test_hardware.py::test_blackwell_work_never_reaches_a_hopper_stage PASSED [ 24%]
stage-a-cpu (1) / run-cpu	UNKNOWN STEP	2026-09-26T01:44:40.8610075Z tests/ci/test/test_history_gate.py::test_parse_merged_record PASSED      [ 24%]
stage-a-cpu (1) / run-cpu	UNKNOWN STEP	2026-09-26T01:44:40.8641097Z tests/ci/test/test_history_gate.py::test_parse_merged_record_decodes_non_finite_markers PASSED [ 24%]
stage-a-cpu (1) / run-cpu	UNKNOWN STEP	2026-09-26T01:44:40.8679802Z tests/ci/test/test_history_gate.py::test_non_finite_at_gated_coordinate_errors_and_untrusts PASSED [ 24%]
stage-a-cpu (1) / run-cpu	UNKNOWN STEP	2026-09-26T01:44:40.8718483Z tests/ci/test/test_history_gate.py::test_cold_start_vacuously_trusted PASSED [ 24%]
stage-a-cpu (1) / run-cpu	UNKNOWN STEP	2026-09-26T01:44:40.8766081Z tests/ci/test/test_history_gate.py::test_historical_failure PASSED       [ 24%]
stage-a-cpu (1) / run-cpu	UNKNOWN STEP	2026-09-26T01:44:40.8806750Z tests/ci/test/test_history_gate.py::test_historical_pass_within_tolerance PASSED [ 24%]
stage-a-cpu (1) / run-cpu	UNKNOWN STEP	2026-09-26T01:44:40.8850845Z tests/ci/test/test_history_gate.py::test_drift_beyond_historical_band_not_trusted PASSED [ 24%]
stage-a-cpu (1) / run-cpu	UNKNOWN STEP	2026-09-26T01:44:40.8889896Z tests/ci/test/test_history_gate.py::test_all_fans_out_one_result_per_step PASSED [ 24%]
stage-a-cpu (1) / run-cpu	UNKNOWN STEP	2026-09-26T01:44:40.8931091Z tests/ci/test/test_history_gate.py::test_all_reads_per_step_baselines PASSED [ 24%]
stage-a-cpu (1) / run-cpu	UNKNOWN STEP	2026-09-26T01:44:40.8972065Z tests/ci/test/test_history_gate.py::test_all_one_bad_step_untrusts_run PASSED [ 24%]
stage-a-cpu (1) / run-cpu	UNKNOWN STEP	2026-09-26T01:44:40.9013550Z tests/ci/test/test_history_gate.py::test_all_and_explicit_steps_have_separate_coordinates PASSED [ 24%]
stage-a-cpu (1) / run-cpu	UNKNOWN STEP	2026-09-26T01:44:40.9054796Z tests/ci/test/test_history_gate.py::test_rule_is_part_of_coordinate PASSED [ 24%]
stage-a-cpu (1) / run-cpu	UNKNOWN STEP	2026-09-26T01:44:40.9096011Z tests/ci/test/test_history_gate.py::test_near_zero_not_flagged_on_relative_pct PASSED [ 24%]
stage-a-cpu (1) / run-cpu	UNKNOWN STEP	2026-09-26T01:44:40.9137291Z tests/ci/test/test_history_gate.py::test_near_zero_real_jump_is_flagged PASSED [ 24%]
stage-a-cpu (1) / run-cpu	UNKNOWN STEP	2026-09-26T01:44:40.9175752Z tests/ci/test/test_history_gate.py::test_missing_required_series_verdict_not_crash PASSED [ 24%]
stage-a-cpu (1) / run-cpu	UNKNOWN STEP	2026-09-26T01:44:40.9214250Z tests/ci/test/test_history_gate.py::test_empty_required_series_verdict PASSED [ 24%]
stage-a-cpu (1) / run-cpu	UNKNOWN STEP	2026-09-26T01:44:40.9253129Z tests/ci/test/test_history_gate.py::test_all_null_step_is_error_verdict PASSED [ 24%]
stage-a-cpu (1) / run-cpu	UNKNOWN STEP	2026-09-26T01:44:40.9301564Z tests/ci/test/test_history_gate.py::test_asymmetric_corridor_tight_up_loose_down PASSED [ 24%]
stage-a-cpu (1) / run-cpu	UNKNOWN STEP	2026-09-26T01:44:40.9350001Z tests/ci/test/test_history_gate.py::test_reward_corridor_flags_drop_and_suspicious_jump PASSED [ 24%]
stage-a-cpu (1) / run-cpu	UNKNOWN STEP	2026-09-26T01:44:40.9386178Z tests/ci/test/test_history_gate.py::test_no_gate_specs_is_vacuously_trusted PASSED [ 24%]
stage-a-cpu (1) / run-cpu	UNKNOWN STEP	2026-09-26T01:44:40.9425262Z tests/ci/test/test_history_gate.py::test_gate_writes_no_rows PASSED      [ 24%]
stage-a-cpu (1) / run-cpu	UNKNOWN STEP	2026-09-26T01:44:40.9464435Z tests/ci/test/test_history_gate.py::test_dual_register_with_gate_uses_supplied_registry PASSED [ 25%]
stage-a-cpu (1) / run-cpu	UNKNOWN STEP	2026-09-26T01:44:40.9501394Z tests/ci/test/test_history_gate.py::test_dual_register_no_spec_registry_none_vacuously_trusted PASSED [ 25%]
stage-a-cpu (1) / run-cpu	UNKNOWN STEP	2026-09-26T01:44:40.9541604Z tests/ci/test/test_history_gate.py::test_single_register_gate_registry_none_still_reparses PASSED [ 25%]
stage-a-cpu (1) / run-cpu	UNKNOWN STEP	2026-09-26T01:44:40.9564193Z tests/ci/test/test_labels.py::test_known_labels_is_dict PASSED           [ 25%]
stage-a-cpu (1) / run-cpu	UNKNOWN STEP	2026-09-26T01:44:40.9586682Z tests/ci/test/test_labels.py::test_known_labels_initial_labels_present PASSED [ 25%]
stage-a-cpu (1) / run-cpu	UNKNOWN STEP	2026-09-26T01:44:40.9608921Z tests/ci/test/test_labels.py::test_meta_labels_excluded PASSED           [ 25%]
stage-a-cpu (1) / run-cpu	UNKNOWN STEP	2026-09-26T01:44:40.9632175Z tests/ci/test/test_labels.py::test_descriptions_nonempty PASSED          [ 25%]
stage-a-cpu (1) / run-cpu	UNKNOWN STEP	2026-09-26T01:44:40.9660042Z tests/ci/test/test_metric_history_store.py::test_write_then_recent_returns_written_values PASSED [ 25%]
stage-a-cpu (1) / run-cpu	UNKNOWN STEP	2026-09-26T01:44:40.9688249Z tests/ci/test/test_metric_history_store.py::test_write_run_rejects_non_finite_before_persisting PASSED [ 25%]
stage-a-cpu (1) / run-cpu	UNKNOWN STEP	2026-09-26T01:44:40.9717415Z tests/ci/test/test_metric_history_store.py::test_limit_caps_and_orders_newest_first PASSED [ 25%]
stage-a-cpu (1) / run-cpu	UNKNOWN STEP	2026-09-26T01:44:40.9746253Z tests/ci/test/test_metric_history_store.py::test_identity_isolation PASSED [ 25%]
stage-a-cpu (1) / run-cpu	UNKNOWN STEP	2026-09-26T01:44:40.9774026Z tests/ci/test/test_metric_history_store.py::test_coordinate_isolation PASSED [ 25%]
stage-a-cpu (1) / run-cpu	UNKNOWN STEP	2026-09-26T01:44:40.9802748Z tests/ci/test/test_metric_history_store.py::test_mark_untrusted_by_run_id_excludes_immediately PASSED [ 25%]
stage-a-cpu (1) / run-cpu	UNKNOWN STEP	2026-09-26T01:44:40.9830843Z tests/ci/test/test_metric_history_store.py::test_mark_untrusted_by_github_run_id PASSED [ 25%]
stage-a-cpu (1) / run-cpu	UNKNOWN STEP	2026-09-26T01:44:40.9858100Z tests/ci/test/test_metric_history_store.py::test_mark_untrusted_by_commit_sha PASSED [ 25%]
stage-a-cpu (1) / run-cpu	UNKNOWN STEP	2026-09-26T01:44:40.9886007Z tests/ci/test/test_metric_history_store.py::test_mark_untrusted_is_idempotent PASSED [ 25%]
stage-a-cpu (1) / run-cpu	UNKNOWN STEP	2026-09-26T01:44:40.9917200Z tests/ci/test/test_metric_history_store.py::test_mark_untrusted_requires_exactly_one_key PASSED [ 25%]
stage-a-cpu (1) / run-cpu	UNKNOWN STEP	2026-09-26T01:44:40.9946064Z tests/ci/test/test_metric_history_store.py::test_untrusted_run_never_in_baseline PASSED [ 25%]
stage-a-cpu (1) / run-cpu	UNKNOWN STEP	2026-09-26T01:44:40.9969249Z tests/ci/test/test_metric_history_store.py::test_baseline_sql_matches_authoritative_shape PASSED [ 25%]
stage-a-cpu (1) / run-cpu	UNKNOWN STEP	2026-09-26T01:44:40.9993535Z tests/ci/test/test_metric_history_store.py::test_neon_store_requires_dsn PASSED [ 25%]
stage-a-cpu (1) / run-cpu	UNKNOWN STEP	2026-09-26T01:44:41.0016581Z tests/ci/test/test_neon_store.py::test_requires_dsn_when_env_unset PASSED [ 25%]
stage-a-cpu (1) / run-cpu	UNKNOWN STEP	2026-09-26T01:44:41.0041445Z tests/ci/test/test_neon_store.py::test_reads_dsn_from_env PASSED         [ 25%]
stage-a-cpu (1) / run-cpu	UNKNOWN STEP	2026-09-26T01:44:41.0065041Z tests/ci/test/test_neon_store.py::test_explicit_dsn_takes_precedence PASSED [ 25%]
stage-a-cpu (1) / run-cpu	UNKNOWN STEP	2026-09-26T01:44:41.0089230Z tests/ci/test/test_neon_store.py::test_no_ddl_at_construction PASSED     [ 25%]
stage-a-cpu (1) / run-cpu	UNKNOWN STEP	2026-09-26T01:44:41.0114254Z tests/ci/test/test_neon_store.py::test_write_run_single_transaction_one_commit PASSED [ 25%]
stage-a-cpu (1) / run-cpu	UNKNOWN STEP	2026-09-26T01:44:41.0139179Z tests/ci/test/test_neon_store.py::test_write_run_rolls_back_on_error PASSED [ 25%]
stage-a-cpu (1) / run-cpu	UNKNOWN STEP	2026-09-26T01:44:41.0164394Z tests/ci/test/test_neon_store.py::test_write_run_rejects_non_finite_before_any_statement PASSED [ 25%]
stage-a-cpu (1) / run-cpu	UNKNOWN STEP	2026-09-26T01:44:41.0188782Z tests/ci/test/test_neon_store.py::test_recent_trusted_values_issues_baseline_join PASSED [ 25%]
stage-a-cpu (1) / run-cpu	UNKNOWN STEP	2026-09-26T01:44:41.0213729Z tests/ci/test/test_neon_store.py::test_mark_untrusted_requires_exactly_one_key PASSED [ 25%]
stage-a-cpu (1) / run-cpu	UNKNOWN STEP	2026-09-26T01:44:41.0241701Z tests/ci/test/test_neon_store.py::test_mark_untrusted_issues_parameterized_update[kwargs0-run_id-abc] PASSED [ 25%]
stage-a-cpu (1) / run-cpu	UNKNOWN STEP	2026-09-26T01:44:41.0269125Z tests/ci/test/test_neon_store.py::test_mark_untrusted_issues_parameterized_update[kwargs1-github_run_id-7777] PASSED [ 25%]
stage-a-cpu (1) / run-cpu	UNKNOWN STEP	2026-09-26T01:44:41.0297491Z tests/ci/test/test_neon_store.py::test_mark_untrusted_issues_parameterized_update[kwargs2-commit_sha-badc0de] PASSED [ 25%]
stage-a-cpu (1) / run-cpu	UNKNOWN STEP	2026-09-26T01:44:41.0322804Z tests/ci/test/test_neon_store.py::test_each_operation_opens_and_closes_its_own_connection PASSED [ 26%]
stage-a-cpu (1) / run-cpu	UNKNOWN STEP	2026-09-26T01:44:41.0347197Z tests/ci/test/test_neon_store.py::test_connection_closed_even_when_operation_fails PASSED [ 26%]
stage-a-cpu (1) / run-cpu	UNKNOWN STEP	2026-09-26T01:44:41.0373380Z tests/ci/test/test_neon_store.py::test_mark_untrusted_rolls_back_on_error PASSED [ 26%]
stage-a-cpu (1) / run-cpu	UNKNOWN STEP	2026-09-26T01:44:41.0391124Z tests/ci/test/test_neon_store.py::test_live_postgres_round_trip SKIPPED  [ 26%]
stage-a-cpu (1) / run-cpu	UNKNOWN STEP	2026-09-26T01:44:41.0421660Z tests/ci/test/test_stage_selection.py::test_a_cpu_failure_cannot_skip_the_gpu_stages_a_nightly_asked_for PASSED [ 26%]
stage-a-cpu (1) / run-cpu	UNKNOWN STEP	2026-09-26T01:44:41.0453317Z tests/ci/test/test_stage_selection.py::test_read_changed_files_preserves_rename_ends_and_special_names PASSED [ 26%]
stage-a-cpu (1) / run-cpu	UNKNOWN STEP	2026-09-26T01:44:41.0485631Z tests/ci/test/test_stage_selection.py::test_read_changed_files_fails_open_on_unusable_input[] PASSED [ 26%]
stage-a-cpu (1) / run-cpu	UNKNOWN STEP	2026-09-26T01:44:41.0518293Z tests/ci/test/test_stage_selection.py::test_read_changed_files_fails_open_on_unusable_input[M\x00docs/index.md] PASSED [ 26%]
stage-a-cpu (1) / run-cpu	UNKNOWN STEP	2026-09-26T01:44:41.0551297Z tests/ci/test/test_stage_selection.py::test_read_changed_files_fails_open_on_unusable_input[Q\x00docs/index.md\x00] PASSED [ 26%]
stage-a-cpu (1) / run-cpu	UNKNOWN STEP	2026-09-26T01:44:41.0584858Z tests/ci/test/test_stage_selection.py::test_read_changed_files_fails_open_on_unusable_input[M\x00\xff\x00] PASSED [ 26%]
stage-a-cpu (1) / run-cpu	UNKNOWN STEP	2026-09-26T01:44:41.0608452Z tests/ci/test/test_stage_selection.py::test_docs_tooling_and_cpu_only_tests_skip_every_gpu_stage PASSED [ 26%]
stage-a-cpu (1) / run-cpu	UNKNOWN STEP	2026-09-26T01:44:41.0633209Z tests/ci/test/test_stage_selection.py::test_changed_multi_backend_test_and_explicit_domain_run_their_stages PASSED [ 26%]
stage-a-cpu (1) / run-cpu	UNKNOWN STEP	2026-09-26T01:44:41.0656355Z tests/ci/test/test_stage_selection.py::test_domain_label_adds_only_stages_with_matching_tests PASSED [ 26%]
stage-a-cpu (1) / run-cpu	UNKNOWN STEP	2026-09-26T01:44:41.0679617Z tests/ci/test/test_stage_selection.py::test_broad_scope_adds_every_runnable_stage PASSED [ 26%]
stage-a-cpu (1) / run-cpu	UNKNOWN STEP	2026-09-26T01:44:41.0704633Z tests/ci/test/test_stage_selection.py::test_blackwell_only_scope_keeps_b200_for_non_blackwell_changes[docs/index.md] PASSED [ 26%]
stage-a-cpu (1) / run-cpu	UNKNOWN STEP	2026-09-26T01:44:41.0729519Z tests/ci/test/test_stage_selection.py::test_blackwell_only_scope_keeps_b200_for_non_blackwell_changes[tests/e2e/test_hopper.py] PASSED [ 26%]
stage-a-cpu (1) / run-cpu	UNKNOWN STEP	2026-09-26T01:44:41.0752870Z tests/ci/test/test_stage_selection.py::test_bypass_fastfail_does_not_make_a_docs_change_affect_gpu_stages PASSED [ 26%]
stage-a-cpu (1) / run-cpu	UNKNOWN STEP	2026-09-26T01:44:41.0777093Z tests/ci/test/test_stage_selection.py::test_unknown_source_path_affects_every_runnable_gpu_stage PASSED [ 26%]
stage-a-cpu (1) / run-cpu	UNKNOWN STEP	2026-09-26T01:44:41.0802484Z tests/ci/test/test_stage_selection.py::test_rename_from_unknown_source_path_affects_every_runnable_stage PASSED [ 26%]
stage-a-cpu (1) / run-cpu	UNKNOWN STEP	2026-09-26T01:44:41.0828133Z tests/ci/test/test_stage_selection.py::test_non_pr_or_missing_diff_keeps_all_runnable_stages[schedule-changed_files0] PASSED [ 26%]
stage-a-cpu (1) / run-cpu	UNKNOWN STEP	2026-09-26T01:44:41.0853969Z tests/ci/test/test_stage_selection.py::test_non_pr_or_missing_diff_keeps_all_runnable_stages[workflow_dispatch-changed_files1] PASSED [ 26%]
stage-a-cpu (1) / run-cpu	UNKNOWN STEP	2026-09-26T01:44:41.0880011Z tests/ci/test/test_stage_selection.py::test_non_pr_or_missing_diff_keeps_all_runnable_stages[pull_request-None] PASSED [ 26%]
stage-a-cpu (1) / run-cpu	UNKNOWN STEP	2026-09-26T01:44:41.0904066Z tests/ci/test/test_stage_selection.py::test_changed_labeled_test_without_its_label_keeps_current_selection_semantics PASSED [ 26%]
stage-a-cpu (1) / run-cpu	UNKNOWN STEP	2026-09-26T01:44:42.0904903Z tests/ci/test/test_stage_selection.py::test_cli_publishes_all_gpu_stages_for_docs_diff PASSED [ 26%]
stage-a-cpu (1) / run-cpu	UNKNOWN STEP	2026-09-26T01:44:42.1682102Z tests/ci/test/test_stage_selection.py::test_policy_cli_image_demand_matches_selected_gpu_tests[raw_labels0--expected_stages0-M\x00docker/Dockerfile\x00] PASSED [ 26%]
stage-a-cpu (1) / run-cpu	UNKNOWN STEP	2026-09-26T01:44:42.2453304Z tests/ci/test/test_stage_selection.py::test_policy_cli_image_demand_matches_selected_gpu_tests[raw_labels0--expected_stages0-] PASSED [ 26%]
stage-a-cpu (1) / run-cpu	UNKNOWN STEP	2026-09-26T01:44:42.3214415Z tests/ci/test/test_stage_selection.py::test_policy_cli_image_demand_matches_selected_gpu_tests[raw_labels0--expected_stages0-invalid] PASSED [ 26%]
stage-a-cpu (1) / run-cpu	UNKNOWN STEP	2026-09-26T01:44:42.3968865Z tests/ci/test/test_stage_selection.py::test_policy_cli_image_demand_matches_selected_gpu_tests[raw_labels1--expected_stages1-M\x00docker/Dockerfile\x00] PASSED [ 26%]
stage-a-cpu (1) / run-cpu	UNKNOWN STEP	2026-09-26T01:44:42.4740274Z tests/ci/test/test_stage_selection.py::test_policy_cli_image_demand_matches_selected_gpu_tests[raw_labels1--expected_stages1-] PASSED [ 26%]
stage-a-cpu (1) / run-cpu	UNKNOWN STEP	2026-09-26T01:44:42.5499803Z tests/ci/test/test_stage_selection.py::test_policy_cli_image_demand_matches_selected_gpu_tests[raw_labels1--expected_stages1-invalid] PASSED [ 26%]
stage-a-cpu (1) / run-cpu	UNKNOWN STEP	2026-09-26T01:44:42.6286032Z tests/ci/test/test_stage_selection.py::test_policy_cli_image_demand_matches_selected_gpu_tests[raw_labels2--expected_stages2-M\x00docker/Dockerfile\x00] PASSED [ 26%]
stage-a-cpu (1) / run-cpu	UNKNOWN STEP	2026-09-26T01:44:42.7062331Z tests/ci/test/test_stage_selection.py::test_policy_cli_image_demand_matches_selected_gpu_tests[raw_labels2--expected_stages2-] PASSED [ 26%]
stage-a-cpu (1) / run-cpu	UNKNOWN STEP	2026-09-26T01:44:42.7831018Z tests/ci/test/test_stage_selection.py::test_policy_cli_image_demand_matches_selected_gpu_tests[raw_labels2--expected_stages2-invalid] PASSED [ 27%]
stage-a-cpu (1) / run-cpu	UNKNOWN STEP	2026-09-26T01:44:42.8604133Z tests/ci/test/test_stage_selection.py::test_policy_cli_image_demand_matches_selected_gpu_tests[raw_labels3--expected_stages3-M\x00docker/Dockerfile\x00] PASSED [ 27%]
stage-a-cpu (1) / run-cpu	UNKNOWN STEP	2026-09-26T01:44:42.9373592Z tests/ci/test/test_stage_selection.py::test_policy_cli_image_demand_matches_selected_gpu_tests[raw_labels3--expected_stages3-] PASSED [ 27%]
stage-a-cpu (1) / run-cpu	UNKNOWN STEP	2026-09-26T01:44:43.0140732Z tests/ci/test/test_stage_selection.py::test_policy_cli_image_demand_matches_selected_gpu_tests[raw_labels3--expected_stages3-invalid] PASSED [ 27%]
stage-a-cpu (1) / run-cpu	UNKNOWN STEP	2026-09-26T01:44:43.0912292Z tests/ci/test/test_stage_selection.py::test_policy_cli_image_demand_matches_selected_gpu_tests[raw_labels4-None-expected_stages4-M\x00docker/Dockerfile\x00] PASSED [ 27%]
stage-a-cpu (1) / run-cpu	UNKNOWN STEP	2026-09-26T01:44:43.1711152Z tests/ci/test/test_stage_selection.py::test_policy_cli_image_demand_matches_selected_gpu_tests[raw_labels4-None-expected_stages4-] PASSED [ 27%]
stage-a-cpu (1) / run-cpu	UNKNOWN STEP	2026-09-26T01:44:43.2473610Z tests/ci/test/test_stage_selection.py::test_policy_cli_image_demand_matches_selected_gpu_tests[raw_labels4-None-expected_stages4-invalid] PASSED [ 27%]
stage-a-cpu (1) / run-cpu	UNKNOWN STEP	2026-09-26T01:44:43.3234643Z tests/ci/test/test_stage_selection.py::test_policy_cli_image_demand_matches_selected_gpu_tests[raw_labels5-, disabled='unavailable'-expected_stages5-M\x00docker/Dockerfile\x00] PASSED [ 27%]
stage-a-cpu (1) / run-cpu	UNKNOWN STEP	2026-09-26T01:44:43.4009608Z tests/ci/test/test_stage_selection.py::test_policy_cli_image_demand_matches_selected_gpu_tests[raw_labels5-, disabled='unavailable'-expected_stages5-] PASSED [ 27%]
stage-a-cpu (1) / run-cpu	UNKNOWN STEP	2026-09-26T01:44:43.4779973Z tests/ci/test/test_stage_selection.py::test_policy_cli_image_demand_matches_selected_gpu_tests[raw_labels5-, disabled='unavailable'-expected_stages5-invalid] PASSED [ 27%]
stage-a-cpu (1) / run-cpu	UNKNOWN STEP	2026-09-26T01:44:43.5549496Z tests/ci/test/test_stage_selection.py::test_policy_cli_image_demand_matches_selected_gpu_tests[raw_labels6-, nightly=True-expected_stages6-M\x00docker/Dockerfile\x00] PASSED [ 27%]
stage-a-cpu (1) / run-cpu	UNKNOWN STEP	2026-09-26T01:44:43.6306917Z tests/ci/test/test_stage_selection.py::test_policy_cli_image_demand_matches_selected_gpu_tests[raw_labels6-, nightly=True-expected_stages6-] PASSED [ 27%]
stage-a-cpu (1) / run-cpu	UNKNOWN STEP	2026-09-26T01:44:43.7069594Z tests/ci/test/test_stage_selection.py::test_policy_cli_image_demand_matches_selected_gpu_tests[raw_labels6-, nightly=True-expected_stages6-invalid] PASSED [ 27%]
stage-a-cpu (1) / run-cpu	UNKNOWN STEP	2026-09-26T01:44:43.7836158Z tests/ci/test/test_stage_selection.py::test_policy_cli_image_demand_matches_selected_gpu_tests[raw_labels7--expected_stages7-M\x00docker/Dockerfile\x00] PASSED [ 27%]
stage-a-cpu (1) / run-cpu	UNKNOWN STEP	2026-09-26T01:44:43.8597500Z tests/ci/test/test_stage_selection.py::test_policy_cli_image_demand_matches_selected_gpu_tests[raw_labels7--expected_stages7-] PASSED [ 27%]
stage-a-cpu (1) / run-cpu	UNKNOWN STEP	2026-09-26T01:44:43.9357881Z tests/ci/test/test_stage_selection.py::test_policy_cli_image_demand_matches_selected_gpu_tests[raw_labels7--expected_stages7-invalid] PASSED [ 27%]
stage-a-cpu (1) / run-cpu	UNKNOWN STEP	2026-09-26T01:44:44.0129447Z tests/ci/test/test_stage_selection.py::test_policy_cli_image_demand_matches_selected_gpu_tests[raw_labels8--expected_stages8-M\x00docker/Dockerfile\x00] PASSED [ 27%]
stage-a-cpu (1) / run-cpu	UNKNOWN STEP	2026-09-26T01:44:44.0909752Z tests/ci/test/test_stage_selection.py::test_policy_cli_image_demand_matches_selected_gpu_tests[raw_labels8--expected_stages8-] PASSED [ 27%]
stage-a-cpu (1) / run-cpu	UNKNOWN STEP	2026-09-26T01:44:44.1673449Z tests/ci/test/test_stage_selection.py::test_policy_cli_image_demand_matches_selected_gpu_tests[raw_labels8--expected_stages8-invalid] PASSED [ 27%]
stage-a-cpu (1) / run-cpu	UNKNOWN STEP	2026-09-26T01:44:44.2446613Z tests/ci/test/test_stage_selection.py::test_policy_cli_image_demand_matches_selected_gpu_tests[raw_labels9--expected_stages9-M\x00docker/Dockerfile\x00] PASSED [ 27%]
stage-a-cpu (1) / run-cpu	UNKNOWN STEP	2026-09-26T01:44:44.3217263Z tests/ci/test/test_stage_selection.py::test_policy_cli_image_demand_matches_selected_gpu_tests[raw_labels9--expected_stages9-] PASSED [ 27%]
stage-a-cpu (1) / run-cpu	UNKNOWN STEP	2026-09-26T01:44:44.3973169Z tests/ci/test/test_stage_selection.py::test_policy_cli_image_demand_matches_selected_gpu_tests[raw_labels9--expected_stages9-invalid] PASSED [ 27%]
stage-a-cpu (1) / run-cpu	UNKNOWN STEP	2026-09-26T01:44:44.4733564Z tests/ci/test/test_stage_selection.py::test_policy_cli_image_demand_matches_selected_gpu_tests[raw_labels10--expected_stages10-M\x00docker/Dockerfile\x00] PASSED [ 27%]
stage-a-cpu (1) / run-cpu	UNKNOWN STEP	2026-09-26T01:44:44.5495771Z tests/ci/test/test_stage_selection.py::test_policy_cli_image_demand_matches_selected_gpu_tests[raw_labels10--expected_stages10-] PASSED [ 27%]
stage-a-cpu (1) / run-cpu	UNKNOWN STEP	2026-09-26T01:44:44.6252638Z tests/ci/test/test_stage_selection.py::test_policy_cli_image_demand_matches_selected_gpu_tests[raw_labels10--expected_stages10-invalid] PASSED [ 27%]
stage-a-cpu (1) / run-cpu	UNKNOWN STEP	2026-09-26T01:44:44.7019336Z tests/ci/test/test_stage_selection.py::test_policy_cli_image_demand_matches_selected_gpu_tests[raw_labels11-, nightly=True-expected_stages11-M\x00docker/Dockerfile\x00] PASSED [ 27%]
stage-a-cpu (1) / run-cpu	UNKNOWN STEP	2026-09-26T01:44:44.7790661Z tests/ci/test/test_stage_selection.py::test_policy_cli_image_demand_matches_selected_gpu_tests[raw_labels11-, nightly=True-expected_stages11-] PASSED [ 27%]
stage-a-cpu (1) / run-cpu	UNKNOWN STEP	2026-09-26T01:44:44.8563163Z tests/ci/test/test_stage_selection.py::test_policy_cli_image_demand_matches_selected_gpu_tests[raw_labels11-, nightly=True-expected_stages11-invalid] PASSED [ 27%]
stage-a-cpu (1) / run-cpu	UNKNOWN STEP	2026-09-26T01:44:44.8589089Z tests/ci/test/test_stage_selection.py::test_image_jobs_require_their_selected_gpu_stages PASSED [ 27%]
stage-a-cpu (1) / run-cpu	UNKNOWN STEP	2026-09-26T01:44:44.8622983Z tests/fast/backends/megatron_utils/test_checkpoint_transfer.py::TestSerializeForTransport::test_returns_separated_storages_iteration_and_hollow_shell PASSED [ 27%]
stage-a-cpu (1) / run-cpu	UNKNOWN STEP	2026-09-26T01:44:44.8650672Z tests/fast/backends/megatron_utils/test_checkpoint_transfer.py::TestSerializeForTransport::test_pytree_flatten_yields_each_tensor_as_separate_leaf PASSED [ 27%]
stage-a-cpu (1) / run-cpu	UNKNOWN STEP	2026-09-26T01:44:44.8676987Z tests/fast/backends/megatron_utils/test_checkpoint_transfer.py::TestSerializeForTransport::test_hollow_shell_pickles_without_dragging_tensor_data PASSED [ 27%]
stage-a-cpu (1) / run-cpu	UNKNOWN STEP	2026-09-26T01:44:44.8703341Z tests/fast/backends/megatron_utils/test_checkpoint_transfer.py::TestDeserializeFromTransport::test_round_trip_preserves_tensor_values_iteration_and_common PASSED [ 28%]
stage-a-cpu (1) / run-cpu	UNKNOWN STEP	2026-09-26T01:44:44.8736964Z tests/fast/backends/megatron_utils/test_checkpoint_transfer.py::TestDeserializeFromTransport::test_full_pgtransport_simulation_round_trip PASSED [ 28%]
stage-a-cpu (1) / run-cpu	UNKNOWN STEP	2026-09-26T01:44:44.8773375Z tests/fast/backends/megatron_utils/test_checkpoint_transfer.py::TestSendCkptRecords::test_send_brackets_the_transfer_with_ft_tagged_records PASSED [ 28%]
stage-a-cpu (1) / run-cpu	UNKNOWN STEP	2026-09-26T01:44:44.8807922Z tests/fast/backends/megatron_utils/test_checkpoint_transfer.py::TestRecvCkptRecords::test_recv_brackets_the_transfer_with_ft_tagged_records PASSED [ 28%]
stage-a-cpu (1) / run-cpu	UNKNOWN STEP	2026-09-26T01:44:44.8830366Z tests/fast/backends/megatron_utils/test_checkpoint_transfer.py::TestTensorViewCodec::test_empty_input_yields_empty_output PASSED [ 28%]
stage-a-cpu (1) / run-cpu	UNKNOWN STEP	2026-09-26T01:44:44.8854134Z tests/fast/backends/megatron_utils/test_checkpoint_transfer.py::TestTensorViewCodec::test_single_tensor_round_trip PASSED [ 28%]
stage-a-cpu (1) / run-cpu	UNKNOWN STEP	2026-09-26T01:44:44.8878572Z tests/fast/backends/megatron_utils/test_checkpoint_transfer.py::TestTensorViewCodec::test_distinct_storages_yield_distinct_storage_ids PASSED [ 28%]
stage-a-cpu (1) / run-cpu	UNKNOWN STEP	2026-09-26T01:44:44.8902939Z tests/fast/backends/megatron_utils/test_checkpoint_transfer.py::TestTensorViewCodec::test_shared_storage_dedups_into_one_unique_storage PASSED [ 28%]
stage-a-cpu (1) / run-cpu	UNKNOWN STEP	2026-09-26T01:44:44.8927022Z tests/fast/backends/megatron_utils/test_checkpoint_transfer.py::TestTensorViewCodec::test_partial_dedup_preserves_storage_id_assignment_order PASSED [ 28%]
stage-a-cpu (1) / run-cpu	UNKNOWN STEP	2026-09-26T01:44:44.8952522Z tests/fast/backends/megatron_utils/test_checkpoint_transfer.py::TestTensorViewCodec::test_dtype_preserved_across_round_trip PASSED [ 28%]
stage-a-cpu (1) / run-cpu	UNKNOWN STEP	2026-09-26T01:44:44.8976247Z tests/fast/backends/megatron_utils/test_checkpoint_transfer.py::TestTensorViewCodec::test_non_contiguous_tensor_preserves_stride_and_values PASSED [ 28%]
stage-a-cpu (1) / run-cpu	UNKNOWN STEP	2026-09-26T01:44:44.8999800Z tests/fast/backends/megatron_utils/test_checkpoint_transfer.py::TestTensorViewCodec::test_storage_offset_preserved_for_slice_view PASSED [ 28%]
stage-a-cpu (1) / run-cpu	UNKNOWN STEP	2026-09-26T01:44:44.9023483Z tests/fast/backends/megatron_utils/test_checkpoint_transfer.py::TestTensorViewCodec::test_decoded_view_shares_storage_with_unique_storage PASSED [ 28%]
stage-a-cpu (1) / run-cpu	UNKNOWN STEP	2026-09-26T01:44:44.9047045Z tests/fast/backends/megatron_utils/test_checkpoint_transfer.py::TestTensorViewCodec::test_encode_aliases_input_storage_no_copy PASSED [ 28%]
stage-a-cpu (1) / run-cpu	UNKNOWN STEP	2026-09-26T01:44:44.9070707Z tests/fast/backends/megatron_utils/test_checkpoint_transfer.py::TestTensorViewCodec::test_multi_dtype_views_into_same_storage PASSED [ 28%]
stage-a-cpu (1) / run-cpu	UNKNOWN STEP	2026-09-26T01:44:44.9094247Z tests/fast/backends/megatron_utils/test_checkpoint_transfer.py::TestTensorViewCodec::test_round_trip_idempotent_under_repeated_encoding PASSED [ 28%]
stage-a-cpu (1) / run-cpu	UNKNOWN STEP	2026-09-26T01:44:44.9126571Z tests/fast/backends/megatron_utils/test_checkpoint_transfer.py::TestTensorViewCodec::test_round_trip_property_random_mix PASSED [ 28%]
stage-a-cpu (1) / run-cpu	UNKNOWN STEP	2026-09-26T01:44:44.9150749Z tests/fast/backends/megatron_utils/test_checkpoint_transfer.py::TestTensorViewCodec::test_decode_after_storage_clone_preserves_values PASSED [ 28%]
stage-a-cpu (1) / run-cpu	UNKNOWN STEP	2026-09-26T01:44:44.9174222Z tests/fast/backends/megatron_utils/test_checkpoint_transfer.py::TestTensorViewCodec::test_same_tensor_twice_dedups_into_one_storage PASSED [ 28%]
stage-a-cpu (1) / run-cpu	UNKNOWN STEP	2026-09-26T01:44:44.9197807Z tests/fast/backends/megatron_utils/test_checkpoint_transfer.py::TestTensorViewCodec::test_zero_dim_scalar_round_trip PASSED [ 28%]
stage-a-cpu (1) / run-cpu	UNKNOWN STEP	2026-09-26T01:44:44.9221640Z tests/fast/backends/megatron_utils/test_checkpoint_transfer.py::TestTensorViewCodec::test_nn_parameter_input PASSED [ 28%]
stage-a-cpu (1) / run-cpu	UNKNOWN STEP	2026-09-26T01:44:44.9245312Z tests/fast/backends/megatron_utils/test_checkpoint_transfer.py::TestTensorViewCodec::test_empty_slice_of_nonempty_storage PASSED [ 28%]
stage-a-cpu (1) / run-cpu	UNKNOWN STEP	2026-09-26T01:44:44.9261529Z tests/fast/backends/megatron_utils/test_checkpoint_transfer.py::TestTensorViewCodec::test_cuda_round_trip SKIPPED [ 28%]
stage-a-cpu (1) / run-cpu	UNKNOWN STEP	2026-09-26T01:44:44.9277097Z tests/fast/backends/megatron_utils/test_checkpoint_transfer.py::TestTensorViewCodec::test_cuda_storage_aliasing_no_copy SKIPPED [ 28%]
stage-a-cpu (1) / run-cpu	UNKNOWN STEP	2026-09-26T01:44:44.9292646Z tests/fast/backends/megatron_utils/test_checkpoint_transfer.py::TestTensorViewCodec::test_mixed_device_tensors_get_distinct_storages SKIPPED [ 28%]
stage-a-cpu (1) / run-cpu	UNKNOWN STEP	2026-09-26T01:44:44.9308422Z tests/fast/backends/megatron_utils/test_checkpoint_transfer.py::TestTensorViewCodec::test_mixed_device_dedup_stays_per_device SKIPPED [ 28%]
stage-a-cpu (1) / run-cpu	UNKNOWN STEP	2026-09-26T01:44:44.9333075Z tests/fast/backends/megatron_utils/test_fp32_param_utils.py::TestMarkParamDtype::test_attaches_expected_attribute PASSED [ 28%]
stage-a-cpu (1) / run-cpu	UNKNOWN STEP	2026-09-26T01:44:44.9356371Z tests/fast/backends/megatron_utils/test_fp32_param_utils.py::TestMarkParamDtype::test_overwrites_previous_mark PASSED [ 28%]
stage-a-cpu (1) / run-cpu	UNKNOWN STEP	2026-09-26T01:44:44.9382991Z tests/fast/backends/megatron_utils/test_fp32_param_utils.py::TestEnforceMarkedParamDtypes::test_recasts_marked_param_back_to_fp32_after_float16_wrap PASSED [ 28%]
stage-a-cpu (1) / run-cpu	UNKNOWN STEP	2026-09-26T01:44:44.9408218Z tests/fast/backends/megatron_utils/test_fp32_param_utils.py::TestEnforceMarkedParamDtypes::test_preserves_parameter_identity PASSED [ 28%]
stage-a-cpu (1) / run-cpu	UNKNOWN STEP	2026-09-26T01:44:44.9433160Z tests/fast/backends/megatron_utils/test_fp32_param_utils.py::TestEnforceMarkedParamDtypes::test_leaves_unmarked_params_alone PASSED [ 28%]
stage-a-cpu (1) / run-cpu	UNKNOWN STEP	2026-09-26T01:44:44.9458102Z tests/fast/backends/megatron_utils/test_fp32_param_utils.py::TestEnforceMarkedParamDtypes::test_is_noop_when_already_target_dtype PASSED [ 28%]
stage-a-cpu (1) / run-cpu	UNKNOWN STEP	2026-09-26T01:44:44.9483937Z tests/fast/backends/megatron_utils/test_fp32_param_utils.py::TestEnforceMarkedParamDtypes::test_walks_multiple_model_chunks PASSED [ 29%]
stage-a-cpu (1) / run-cpu	UNKNOWN STEP	2026-09-26T01:44:44.9508316Z tests/fast/backends/megatron_utils/test_fp32_param_utils.py::TestEnforceMarkedParamDtypes::test_returns_empty_when_no_marks PASSED [ 29%]
stage-a-cpu (1) / run-cpu	UNKNOWN STEP	2026-09-26T01:44:44.9529749Z tests/fast/backends/megatron_utils/test_fp32_param_utils.py::TestQwen3_5BridgeALogOverride::test_returns_fp32_when_bridge_dtype_is_bf16 SKIPPED [ 29%]
stage-a-cpu (1) / run-cpu	UNKNOWN STEP	2026-09-26T01:44:44.9545994Z tests/fast/backends/megatron_utils/test_fp32_param_utils.py::TestQwen3_5BridgeALogOverride::test_upcasts_when_hf_input_is_bf16 SKIPPED [ 29%]
stage-a-cpu (1) / run-cpu	UNKNOWN STEP	2026-09-26T01:44:44.9562170Z tests/fast/backends/megatron_utils/test_fp32_param_utils.py::TestQwen3_5BridgeALogOverride::test_mtp_layer_a_log_also_matches SKIPPED [ 29%]
stage-a-cpu (1) / run-cpu	UNKNOWN STEP	2026-09-26T01:44:44.9577816Z tests/fast/backends/megatron_utils/test_fp32_param_utils.py::TestALogLoadPathEndToEnd::test_lossless_roundtrip SKIPPED [ 29%]
stage-a-cpu (1) / run-cpu	UNKNOWN STEP	2026-09-26T01:44:44.9595878Z tests/fast/backends/megatron_utils/test_fp32_param_utils.py::TestALogLoadPathEndToEnd::test_old_patch_only_regresses_without_enforce SKIPPED [ 29%]
stage-a-cpu (1) / run-cpu	UNKNOWN STEP	2026-09-26T01:44:44.9619611Z tests/fast/backends/megatron_utils/test_initialize.py::test_intra_mode_first_inner_rank_is_main_rank PASSED [ 29%]
stage-a-cpu (1) / run-cpu	UNKNOWN STEP	2026-09-26T01:44:44.9642207Z tests/fast/backends/megatron_utils/test_initialize.py::test_intra_mode_non_first_inner_rank_is_not_main_rank PASSED [ 29%]
stage-a-cpu (1) / run-cpu	UNKNOWN STEP	2026-09-26T01:44:44.9664750Z tests/fast/backends/megatron_utils/test_initialize.py::test_indep_mode_first_replica_first_inner_is_main_rank PASSED [ 29%]
stage-a-cpu (1) / run-cpu	UNKNOWN STEP	2026-09-26T01:44:44.9687814Z tests/fast/backends/megatron_utils/test_initialize.py::test_indep_mode_second_replica_main_rank_is_not_first_replica PASSED [ 29%]
stage-a-cpu (1) / run-cpu	UNKNOWN STEP	2026-09-26T01:44:44.9710270Z tests/fast/backends/megatron_utils/test_initialize.py::test_non_zero_tp_rank_is_not_main_rank PASSED [ 29%]
stage-a-cpu (1) / run-cpu	UNKNOWN STEP	2026-09-26T01:44:44.9733570Z tests/fast/backends/megatron_utils/test_initialize.py::test_non_last_pp_stage_is_not_main_rank PASSED [ 29%]
stage-a-cpu (1) / run-cpu	UNKNOWN STEP	2026-09-26T01:44:44.9765634Z tests/fast/backends/megatron_utils/test_lora_checkpoint_helpers.py::TestIsMegatronCheckpoint::test_has_latest_file PASSED [ 29%]
stage-a-cpu (1) / run-cpu	UNKNOWN STEP	2026-09-26T01:44:44.9798245Z tests/fast/backends/megatron_utils/test_lora_checkpoint_helpers.py::TestIsMegatronCheckpoint::test_iter_dir_name PASSED [ 29%]
stage-a-cpu (1) / run-cpu	UNKNOWN STEP	2026-09-26T01:44:44.9828596Z tests/fast/backends/megatron_utils/test_lora_checkpoint_helpers.py::TestIsMegatronCheckpoint::test_regular_dir PASSED [ 29%]
stage-a-cpu (1) / run-cpu	UNKNOWN STEP	2026-09-26T01:44:44.9860706Z tests/fast/backends/megatron_utils/test_lora_checkpoint_helpers.py::TestIsMegatronCheckpoint::test_hf_checkpoint_dir PASSED [ 29%]
stage-a-cpu (1) / run-cpu	UNKNOWN STEP	2026-09-26T01:44:44.9893220Z tests/fast/backends/megatron_utils/test_lora_checkpoint_helpers.py::TestIsMegatronCheckpoint::test_valid_iter_patterns[iter_0000001] PASSED [ 29%]
stage-a-cpu (1) / run-cpu	UNKNOWN STEP	2026-09-26T01:44:44.9925793Z tests/fast/backends/megatron_utils/test_lora_checkpoint_helpers.py::TestIsMegatronCheckpoint::test_valid_iter_patterns[iter_0000000] PASSED [ 29%]
stage-a-cpu (1) / run-cpu	UNKNOWN STEP	2026-09-26T01:44:44.9961174Z tests/fast/backends/megatron_utils/test_lora_checkpoint_helpers.py::TestIsMegatronCheckpoint::test_valid_iter_patterns[iter_9999999] PASSED [ 29%]
stage-a-cpu (1) / run-cpu	UNKNOWN STEP	2026-09-26T01:44:44.9994169Z tests/fast/backends/megatron_utils/test_lora_checkpoint_helpers.py::TestIsMegatronCheckpoint::test_invalid_iter_patterns[iter_123] PASSED [ 29%]
stage-a-cpu (1) / run-cpu	UNKNOWN STEP	2026-09-26T01:44:45.0027235Z tests/fast/backends/megatron_utils/test_lora_checkpoint_helpers.py::TestIsMegatronCheckpoint::test_invalid_iter_patterns[iter_00000001] PASSED [ 29%]
stage-a-cpu (1) / run-cpu	UNKNOWN STEP	2026-09-26T01:44:45.0060178Z tests/fast/backends/megatron_utils/test_lora_checkpoint_helpers.py::TestIsMegatronCheckpoint::test_invalid_iter_patterns[iteration_0000001] PASSED [ 29%]
stage-a-cpu (1) / run-cpu	UNKNOWN STEP	2026-09-26T01:44:45.0092452Z tests/fast/backends/megatron_utils/test_lora_checkpoint_helpers.py::TestIsMegatronCheckpoint::test_invalid_iter_patterns[checkpoint] PASSED [ 29%]
stage-a-cpu (1) / run-cpu	UNKNOWN STEP	2026-09-26T01:44:45.0147063Z tests/fast/backends/megatron_utils/test_lora_checkpoint_helpers.py::TestSaveCheckpointWithLoRA::test_lora_model_saves_adapter PASSED [ 29%]
stage-a-cpu (1) / run-cpu	UNKNOWN STEP	2026-09-26T01:44:45.0191052Z tests/fast/backends/megatron_utils/test_lora_checkpoint_helpers.py::TestSaveCheckpointWithLoRA::test_non_lora_model_saves_regular PASSED [ 29%]
stage-a-cpu (1) / run-cpu	UNKNOWN STEP	2026-09-26T01:44:45.0224164Z tests/fast/backends/megatron_utils/test_model.py::TestTrainOneStepStructuredLog::test_train_one_step_emits_the_train_tag_in_its_structured_event PASSED [ 29%]
stage-a-cpu (1) / run-cpu	UNKNOWN STEP	2026-09-26T01:44:45.0258617Z tests/fast/backends/megatron_utils/test_model.py::test_forward_only_omits_sampling_mask_for_callbacks_that_do_not_replay_sampling_support PASSED [ 29%]
stage-a-cpu (1) / run-cpu	UNKNOWN STEP	2026-09-26T01:44:45.0301008Z tests/fast/backends/megatron_utils/test_mtp_loss_mask_alignment.py::test_actual_mtp_loss_selects_intended_targets[thd-False-False-1] PASSED [ 29%]
stage-a-cpu (1) / run-cpu	UNKNOWN STEP	2026-09-26T01:44:45.0339886Z tests/fast/backends/megatron_utils/test_mtp_loss_mask_alignment.py::test_actual_mtp_loss_selects_intended_targets[thd-False-False-2] PASSED [ 29%]
stage-a-cpu (1) / run-cpu	UNKNOWN STEP	2026-09-26T01:44:45.0377056Z tests/fast/backends/megatron_utils/test_mtp_loss_mask_alignment.py::test_actual_mtp_loss_selects_intended_targets[thd-False-True-1] PASSED [ 29%]
stage-a-cpu (1) / run-cpu	UNKNOWN STEP	2026-09-26T01:44:45.0416016Z tests/fast/backends/megatron_utils/test_mtp_loss_mask_alignment.py::test_actual_mtp_loss_selects_intended_targets[thd-False-True-2] PASSED [ 29%]
stage-a-cpu (1) / run-cpu	UNKNOWN STEP	2026-09-26T01:44:45.0452632Z tests/fast/backends/megatron_utils/test_mtp_loss_mask_alignment.py::test_actual_mtp_loss_selects_intended_targets[thd-True-False-1] PASSED [ 30%]
stage-a-cpu (1) / run-cpu	UNKNOWN STEP	2026-09-26T01:44:45.0491217Z tests/fast/backends/megatron_utils/test_mtp_loss_mask_alignment.py::test_actual_mtp_loss_selects_intended_targets[thd-True-False-2] PASSED [ 30%]
stage-a-cpu (1) / run-cpu	UNKNOWN STEP	2026-09-26T01:44:45.0527042Z tests/fast/backends/megatron_utils/test_mtp_loss_mask_alignment.py::test_actual_mtp_loss_selects_intended_targets[thd-True-True-1] PASSED [ 30%]
stage-a-cpu (1) / run-cpu	UNKNOWN STEP	2026-09-26T01:44:45.0565753Z tests/fast/backends/megatron_utils/test_mtp_loss_mask_alignment.py::test_actual_mtp_loss_selects_intended_targets[thd-True-True-2] PASSED [ 30%]
stage-a-cpu (1) / run-cpu	UNKNOWN STEP	2026-09-26T01:44:45.0600822Z tests/fast/backends/megatron_utils/test_mtp_loss_mask_alignment.py::test_actual_mtp_loss_selects_intended_targets[bshd-False-False-1] PASSED [ 30%]
stage-a-cpu (1) / run-cpu	UNKNOWN STEP	2026-09-26T01:44:45.0638112Z tests/fast/backends/megatron_utils/test_mtp_loss_mask_alignment.py::test_actual_mtp_loss_selects_intended_targets[bshd-False-False-2] PASSED [ 30%]
stage-a-cpu (1) / run-cpu	UNKNOWN STEP	2026-09-26T01:44:45.0672881Z tests/fast/backends/megatron_utils/test_mtp_loss_mask_alignment.py::test_actual_mtp_loss_selects_intended_targets[bshd-False-True-1] PASSED [ 30%]
stage-a-cpu (1) / run-cpu	UNKNOWN STEP	2026-09-26T01:44:45.0709600Z tests/fast/backends/megatron_utils/test_mtp_loss_mask_alignment.py::test_actual_mtp_loss_selects_intended_targets[bshd-False-True-2] PASSED [ 30%]
stage-a-cpu (1) / run-cpu	UNKNOWN STEP	2026-09-26T01:44:45.0743281Z tests/fast/backends/megatron_utils/test_mtp_loss_mask_alignment.py::test_actual_mtp_loss_selects_intended_targets[bshd-True-False-1] PASSED [ 30%]
stage-a-cpu (1) / run-cpu	UNKNOWN STEP	2026-09-26T01:44:45.0778938Z tests/fast/backends/megatron_utils/test_mtp_loss_mask_alignment.py::test_actual_mtp_loss_selects_intended_targets[bshd-True-False-2] PASSED [ 30%]
stage-a-cpu (1) / run-cpu	UNKNOWN STEP	2026-09-26T01:44:45.0813157Z tests/fast/backends/megatron_utils/test_mtp_loss_mask_alignment.py::test_actual_mtp_loss_selects_intended_targets[bshd-True-True-1] PASSED [ 30%]
stage-a-cpu (1) / run-cpu	UNKNOWN STEP	2026-09-26T01:44:45.0849631Z tests/fast/backends/megatron_utils/test_mtp_loss_mask_alignment.py::test_actual_mtp_loss_selects_intended_targets[bshd-True-True-2] PASSED [ 30%]
stage-a-cpu (1) / run-cpu	UNKNOWN STEP	2026-09-26T01:44:45.0880477Z tests/fast/backends/megatron_utils/test_optimizer_state_reset.py::test_layer_wise_muon_tree_resets_both_leaves PASSED [ 30%]
stage-a-cpu (1) / run-cpu	UNKNOWN STEP	2026-09-26T01:44:45.0904506Z tests/fast/backends/megatron_utils/test_optimizer_state_reset.py::test_adaptive_muon_resets_both_moment_buffers PASSED [ 30%]
stage-a-cpu (1) / run-cpu	UNKNOWN STEP	2026-09-26T01:44:45.0931790Z tests/fast/backends/megatron_utils/test_optimizer_state_reset.py::test_adam_reset_does_not_need_emerging_optimizers PASSED [ 30%]
stage-a-cpu (1) / run-cpu	UNKNOWN STEP	2026-09-26T01:44:45.0960683Z tests/fast/backends/megatron_utils/test_optimizer_state_reset.py::test_hybrid_device_optimizer_resets_cpu_and_gpu_children PASSED [ 30%]
stage-a-cpu (1) / run-cpu	UNKNOWN STEP	2026-09-26T01:44:45.0986161Z tests/fast/backends/megatron_utils/test_optimizer_state_reset.py::test_tensor_valued_group_step_resets_in_place PASSED [ 30%]
stage-a-cpu (1) / run-cpu	UNKNOWN STEP	2026-09-26T01:44:45.1012197Z tests/fast/backends/megatron_utils/test_optimizer_state_reset.py::test_wrapper_without_an_optimizer_is_skipped PASSED [ 30%]
stage-a-cpu (1) / run-cpu	UNKNOWN STEP	2026-09-26T01:44:45.1035441Z tests/fast/backends/megatron_utils/test_optimizer_state_reset.py::test_reset_before_the_first_step_is_a_no_op PASSED [ 30%]
stage-a-cpu (1) / run-cpu	UNKNOWN STEP	2026-09-26T01:44:45.1062049Z tests/fast/backends/megatron_utils/test_optimizer_state_reset.py::test_unknown_adam_state_key_is_rejected PASSED [ 30%]
stage-a-cpu (1) / run-cpu	UNKNOWN STEP	2026-09-26T01:44:45.1085902Z tests/fast/backends/megatron_utils/test_optimizer_state_reset.py::test_unknown_muon_state_key_is_rejected PASSED [ 30%]
stage-a-cpu (1) / run-cpu	UNKNOWN STEP	2026-09-26T01:44:45.1110762Z tests/fast/backends/megatron_utils/test_optimizer_state_reset.py::test_unknown_optimizer_class_is_rejected PASSED [ 30%]
stage-a-cpu (1) / run-cpu	UNKNOWN STEP	2026-09-26T01:44:45.1167645Z tests/fast/backends/megatron_utils/test_qwen3_5_mtp_bridge_mapping.py::test_mtp_moe_expert_mapping_uses_individual_hf_weights PASSED [ 30%]
stage-a-cpu (1) / run-cpu	UNKNOWN STEP	2026-09-26T01:44:45.1194733Z tests/fast/backends/megatron_utils/test_qwen3_5_mtp_bridge_mapping.py::test_mtp_dense_mlp_mapping_still_uses_dense_hf_weights PASSED [ 30%]
stage-a-cpu (1) / run-cpu	UNKNOWN STEP	2026-09-26T01:44:45.1221601Z tests/fast/backends/megatron_utils/test_qwen3_5_mtp_bridge_mapping.py::test_mtp_block_spec_uses_current_transformer_layer_spec PASSED [ 30%]
stage-a-cpu (1) / run-cpu	UNKNOWN STEP	2026-09-26T01:44:45.1248205Z tests/fast/backends/megatron_utils/test_qwen3_5_mtp_bridge_mapping.py::test_eh_proj_keeps_column_order_when_loading_to_mcore PASSED [ 30%]
stage-a-cpu (1) / run-cpu	UNKNOWN STEP	2026-09-26T01:44:45.1276337Z tests/fast/backends/megatron_utils/test_qwen3_5_mtp_bridge_mapping.py::test_build_config_enables_gated_attention_when_transformer_config_supports_it PASSED [ 30%]
stage-a-cpu (1) / run-cpu	UNKNOWN STEP	2026-09-26T01:44:45.1302027Z tests/fast/backends/megatron_utils/test_qwen3_5_mtp_bridge_mapping.py::test_raw_qwen3_5_mtp_export_keeps_eh_proj_column_order PASSED [ 30%]
stage-a-cpu (1) / run-cpu	UNKNOWN STEP	2026-09-26T01:44:45.1326135Z tests/fast/backends/megatron_utils/test_slice_lora_to_rank.py::test_lora_a_is_sliced_on_the_rank_dim PASSED [ 30%]
stage-a-cpu (1) / run-cpu	UNKNOWN STEP	2026-09-26T01:44:45.1350541Z tests/fast/backends/megatron_utils/test_slice_lora_to_rank.py::test_lora_b_is_sliced_on_the_rank_dim PASSED [ 30%]
stage-a-cpu (1) / run-cpu	UNKNOWN STEP	2026-09-26T01:44:45.1374739Z tests/fast/backends/megatron_utils/test_slice_lora_to_rank.py::test_nonzero_padding_is_rejected PASSED [ 30%]
stage-a-cpu (1) / run-cpu	UNKNOWN STEP	2026-09-26T01:44:45.1397435Z tests/fast/backends/megatron_utils/test_slice_lora_to_rank.py::test_full_rank_tensor_passes_through PASSED [ 30%]
stage-a-cpu (1) / run-cpu	UNKNOWN STEP	2026-09-26T01:44:45.1420122Z tests/fast/backends/megatron_utils/test_slice_lora_to_rank.py::test_non_lora_names_pass_through PASSED [ 31%]
stage-a-cpu (1) / run-cpu	UNKNOWN STEP	2026-09-26T01:44:45.1444009Z tests/fast/backends/megatron_utils/test_slice_lora_to_rank.py::test_packed_expert_lora_a_is_sliced_on_the_rank_dim PASSED [ 31%]
stage-a-cpu (1) / run-cpu	UNKNOWN STEP	2026-09-26T01:44:45.1467549Z tests/fast/backends/megatron_utils/test_slice_lora_to_rank.py::test_packed_expert_lora_b_is_sliced_on_the_rank_dim PASSED [ 31%]
stage-a-cpu (1) / run-cpu	UNKNOWN STEP	2026-09-26T01:44:45.1491801Z tests/fast/backends/megatron_utils/test_slice_lora_to_rank.py::test_packed_expert_nonzero_padding_is_rejected PASSED [ 31%]
stage-a-cpu (1) / run-cpu	UNKNOWN STEP	2026-09-26T01:44:45.1516511Z tests/fast/backends/megatron_utils/test_slice_lora_to_rank.py::test_packed_expert_fewer_experts_than_rank_is_not_confused PASSED [ 31%]
stage-a-cpu (1) / run-cpu	UNKNOWN STEP	2026-09-26T01:44:45.1948706Z tests/fast/backends/sglang_utils/test_arguments.py::TestAllocatorOwnedServerArgs::test_the_launch_gate_port_is_not_exposed_on_the_cli PASSED [ 31%]
stage-a-cpu (1) / run-cpu	UNKNOWN STEP	2026-09-26T01:44:45.2366507Z tests/fast/backends/sglang_utils/test_arguments.py::TestAllocatorOwnedServerArgs::test_a_tunable_server_arg_is_still_exposed PASSED [ 31%]
stage-a-cpu (1) / run-cpu	UNKNOWN STEP	2026-09-26T01:44:45.3329033Z tests/fast/backends/sglang_utils/test_arguments.py::TestAllocatorOwnedServerArgs::test_a_launch_gate_port_flag_is_a_hard_cli_error PASSED [ 31%]
stage-a-cpu (1) / run-cpu	UNKNOWN STEP	2026-09-26T01:44:45.3759188Z tests/fast/backends/sglang_utils/test_arguments.py::TestAllocatorOwnedServerArgs::test_parsing_leaves_no_launch_gate_port_attribute_on_the_namespace PASSED [ 31%]
stage-a-cpu (1) / run-cpu	UNKNOWN STEP	2026-09-26T01:44:45.4180086Z tests/fast/backends/sglang_utils/test_arguments.py::TestAllocatorOwnedServerArgs::test_the_other_allocator_owned_server_args_stay_off_the_cli PASSED [ 31%]
stage-a-cpu (1) / run-cpu	UNKNOWN STEP	2026-09-26T01:44:45.4215385Z tests/fast/backends/sglang_utils/test_arguments.py::TestAllocatorOwnedServerArgs::test_the_skipped_launch_gate_port_names_a_real_server_args_field PASSED [ 31%]
stage-a-cpu (1) / run-cpu	UNKNOWN STEP	2026-09-26T01:44:45.4270988Z tests/fast/backends/sglang_utils/test_router_args_utils.py::TestRouterArgsToArgv::test_raw_cli_defaults_render_to_an_empty_argv PASSED [ 31%]
stage-a-cpu (1) / run-cpu	UNKNOWN STEP	2026-09-26T01:44:45.4321040Z tests/fast/backends/sglang_utils/test_router_args_utils.py::TestRouterArgsToArgv::test_cli_defaults_with_different_resolved_shapes_stay_implicit PASSED [ 31%]
stage-a-cpu (1) / run-cpu	UNKNOWN STEP	2026-09-26T01:44:45.4381236Z tests/fast/backends/sglang_utils/test_router_args_utils.py::TestRouterArgsToArgv::test_launch_values_roundtrip PASSED [ 31%]
stage-a-cpu (1) / run-cpu	UNKNOWN STEP	2026-09-26T01:44:45.4441610Z tests/fast/backends/sglang_utils/test_router_args_utils.py::TestRouterArgsToArgv::test_cli_aliases_are_normalized_only_after_rendering PASSED [ 31%]
stage-a-cpu (1) / run-cpu	UNKNOWN STEP	2026-09-26T01:44:45.4502932Z tests/fast/backends/sglang_utils/test_router_args_utils.py::TestRouterArgsToArgv::test_special_collection_inputs_are_normalized_only_after_rendering PASSED [ 31%]
stage-a-cpu (1) / run-cpu	UNKNOWN STEP	2026-09-26T01:44:45.4562069Z tests/fast/backends/sglang_utils/test_router_args_utils.py::TestRouterArgsToArgv::test_each_router_cli_action_roundtrips_from_its_raw_value[host] PASSED [ 31%]
stage-a-cpu (1) / run-cpu	UNKNOWN STEP	2026-09-26T01:44:45.4623557Z tests/fast/backends/sglang_utils/test_router_args_utils.py::TestRouterArgsToArgv::test_each_router_cli_action_roundtrips_from_its_raw_value[port] PASSED [ 31%]
stage-a-cpu (1) / run-cpu	UNKNOWN STEP	2026-09-26T01:44:45.4684975Z tests/fast/backends/sglang_utils/test_router_args_utils.py::TestRouterArgsToArgv::test_each_router_cli_action_roundtrips_from_its_raw_value[worker_urls] PASSED [ 31%]
stage-a-cpu (1) / run-cpu	UNKNOWN STEP	2026-09-26T01:44:45.4754488Z tests/fast/backends/sglang_utils/test_router_args_utils.py::TestRouterArgsToArgv::test_each_router_cli_action_roundtrips_from_its_raw_value[policy] PASSED [ 31%]
stage-a-cpu (1) / run-cpu	UNKNOWN STEP	2026-09-26T01:44:45.4814450Z tests/fast/backends/sglang_utils/test_router_args_utils.py::TestRouterArgsToArgv::test_each_router_cli_action_roundtrips_from_its_raw_value[prefill_policy] PASSED [ 31%]
stage-a-cpu (1) / run-cpu	UNKNOWN STEP	2026-09-26T01:44:45.4872856Z tests/fast/backends/sglang_utils/test_router_args_utils.py::TestRouterArgsToArgv::test_each_router_cli_action_roundtrips_from_its_raw_value[decode_policy] PASSED [ 31%]
stage-a-cpu (1) / run-cpu	UNKNOWN STEP	2026-09-26T01:44:45.4932880Z tests/fast/backends/sglang_utils/test_router_args_utils.py::TestRouterArgsToArgv::test_each_router_cli_action_roundtrips_from_its_raw_value[cache_threshold] PASSED [ 31%]
stage-a-cpu (1) / run-cpu	UNKNOWN STEP	2026-09-26T01:44:45.4992003Z tests/fast/backends/sglang_utils/test_router_args_utils.py::TestRouterArgsToArgv::test_each_router_cli_action_roundtrips_from_its_raw_value[balance_abs_threshold] PASSED [ 31%]
stage-a-cpu (1) / run-cpu	UNKNOWN STEP	2026-09-26T01:44:45.5052345Z tests/fast/backends/sglang_utils/test_router_args_utils.py::TestRouterArgsToArgv::test_each_router_cli_action_roundtrips_from_its_raw_value[balance_rel_threshold] PASSED [ 31%]
stage-a-cpu (1) / run-cpu	UNKNOWN STEP	2026-09-26T01:44:45.5114764Z tests/fast/backends/sglang_utils/test_router_args_utils.py::TestRouterArgsToArgv::test_each_router_cli_action_roundtrips_from_its_raw_value[bucket_adjust_interval_secs] PASSED [ 31%]
stage-a-cpu (1) / run-cpu	UNKNOWN STEP	2026-09-26T01:44:45.5175368Z tests/fast/backends/sglang_utils/test_router_args_utils.py::TestRouterArgsToArgv::test_each_router_cli_action_roundtrips_from_its_raw_value[eviction_interval_secs] PASSED [ 31%]
stage-a-cpu (1) / run-cpu	UNKNOWN STEP	2026-09-26T01:44:45.5247132Z tests/fast/backends/sglang_utils/test_router_args_utils.py::TestRouterArgsToArgv::test_each_router_cli_action_roundtrips_from_its_raw_value[max_tree_size] PASSED [ 31%]
stage-a-cpu (1) / run-cpu	UNKNOWN STEP	2026-09-26T01:44:45.5305473Z tests/fast/backends/sglang_utils/test_router_args_utils.py::TestRouterArgsToArgv::test_each_router_cli_action_roundtrips_from_its_raw_value[max_idle_secs] PASSED [ 31%]
stage-a-cpu (1) / run-cpu	UNKNOWN STEP	2026-09-26T01:44:45.5365774Z tests/fast/backends/sglang_utils/test_router_args_utils.py::TestRouterArgsToArgv::test_each_router_cli_action_roundtrips_from_its_raw_value[assignment_mode] PASSED [ 31%]
stage-a-cpu (1) / run-cpu	UNKNOWN STEP	2026-09-26T01:44:45.5425433Z tests/fast/backends/sglang_utils/test_router_args_utils.py::TestRouterArgsToArgv::test_each_router_cli_action_roundtrips_from_its_raw_value[max_payload_size] PASSED [ 31%]
stage-a-cpu (1) / run-cpu	UNKNOWN STEP	2026-09-26T01:44:45.5484806Z tests/fast/backends/sglang_utils/test_router_args_utils.py::TestRouterArgsToArgv::test_each_router_cli_action_roundtrips_from_its_raw_value[dp_aware] PASSED [ 31%]
stage-a-cpu (1) / run-cpu	UNKNOWN STEP	2026-09-26T01:44:45.5545392Z tests/fast/backends/sglang_utils/test_router_args_utils.py::TestRouterArgsToArgv::test_each_router_cli_action_roundtrips_from_its_raw_value[enable_igw] PASSED [ 32%]
stage-a-cpu (1) / run-cpu	UNKNOWN STEP	2026-09-26T01:44:45.5604214Z tests/fast/backends/sglang_utils/test_router_args_utils.py::TestRouterArgsToArgv::test_each_router_cli_action_roundtrips_from_its_raw_value[mini_lb] PASSED [ 32%]
stage-a-cpu (1) / run-cpu	UNKNOWN STEP	2026-09-26T01:44:45.5675381Z tests/fast/backends/sglang_utils/test_router_args_utils.py::TestRouterArgsToArgv::test_each_router_cli_action_roundtrips_from_its_raw_value[pd_disaggregation] PASSED [ 32%]
stage-a-cpu (1) / run-cpu	UNKNOWN STEP	2026-09-26T01:44:45.5734686Z tests/fast/backends/sglang_utils/test_router_args_utils.py::TestRouterArgsToArgv::test_each_router_cli_action_roundtrips_from_its_raw_value[prefill] PASSED [ 32%]
stage-a-cpu (1) / run-cpu	UNKNOWN STEP	2026-09-26T01:44:45.5794641Z tests/fast/backends/sglang_utils/test_router_args_utils.py::TestRouterArgsToArgv::test_each_router_cli_action_roundtrips_from_its_raw_value[decode] PASSED [ 32%]
stage-a-cpu (1) / run-cpu	UNKNOWN STEP	2026-09-26T01:44:45.5854747Z tests/fast/backends/sglang_utils/test_router_args_utils.py::TestRouterArgsToArgv::test_each_router_cli_action_roundtrips_from_its_raw_value[worker_startup_timeout_secs] PASSED [ 32%]
stage-a-cpu (1) / run-cpu	UNKNOWN STEP	2026-09-26T01:44:45.5913229Z tests/fast/backends/sglang_utils/test_router_args_utils.py::TestRouterArgsToArgv::test_each_router_cli_action_roundtrips_from_its_raw_value[worker_startup_check_interval] PASSED [ 32%]
stage-a-cpu (1) / run-cpu	UNKNOWN STEP	2026-09-26T01:44:45.5973340Z tests/fast/backends/sglang_utils/test_router_args_utils.py::TestRouterArgsToArgv::test_each_router_cli_action_roundtrips_from_its_raw_value[log_dir] PASSED [ 32%]
stage-a-cpu (1) / run-cpu	UNKNOWN STEP	2026-09-26T01:44:45.6033054Z tests/fast/backends/sglang_utils/test_router_args_utils.py::TestRouterArgsToArgv::test_each_router_cli_action_roundtrips_from_its_raw_value[log_level] PASSED [ 32%]
stage-a-cpu (1) / run-cpu	UNKNOWN STEP	2026-09-26T01:44:45.6093883Z tests/fast/backends/sglang_utils/test_router_args_utils.py::TestRouterArgsToArgv::test_each_router_cli_action_roundtrips_from_its_raw_value[service_discovery] PASSED [ 32%]
stage-a-cpu (1) / run-cpu	UNKNOWN STEP	2026-09-26T01:44:45.6166068Z tests/fast/backends/sglang_utils/test_router_args_utils.py::TestRouterArgsToArgv::test_each_router_cli_action_roundtrips_from_its_raw_value[selector] PASSED [ 32%]
stage-a-cpu (1) / run-cpu	UNKNOWN STEP	2026-09-26T01:44:45.6225655Z tests/fast/backends/sglang_utils/test_router_args_utils.py::TestRouterArgsToArgv::test_each_router_cli_action_roundtrips_from_its_raw_value[service_discovery_port] PASSED [ 32%]
stage-a-cpu (1) / run-cpu	UNKNOWN STEP	2026-09-26T01:44:45.6286359Z tests/fast/backends/sglang_utils/test_router_args_utils.py::TestRouterArgsToArgv::test_each_router_cli_action_roundtrips_from_its_raw_value[service_discovery_namespace] PASSED [ 32%]
stage-a-cpu (1) / run-cpu	UNKNOWN STEP	2026-09-26T01:44:45.6345564Z tests/fast/backends/sglang_utils/test_router_args_utils.py::TestRouterArgsToArgv::test_each_router_cli_action_roundtrips_from_its_raw_value[prefill_selector] PASSED [ 32%]
stage-a-cpu (1) / run-cpu	UNKNOWN STEP	2026-09-26T01:44:45.6405935Z tests/fast/backends/sglang_utils/test_router_args_utils.py::TestRouterArgsToArgv::test_each_router_cli_action_roundtrips_from_its_raw_value[decode_selector] PASSED [ 32%]
stage-a-cpu (1) / run-cpu	UNKNOWN STEP	2026-09-26T01:44:45.6465996Z tests/fast/backends/sglang_utils/test_router_args_utils.py::TestRouterArgsToArgv::test_each_router_cli_action_roundtrips_from_its_raw_value[prometheus_port] PASSED [ 32%]
stage-a-cpu (1) / run-cpu	UNKNOWN STEP	2026-09-26T01:44:45.6524584Z tests/fast/backends/sglang_utils/test_router_args_utils.py::TestRouterArgsToArgv::test_each_router_cli_action_roundtrips_from_its_raw_value[prometheus_host] PASSED [ 32%]
stage-a-cpu (1) / run-cpu	UNKNOWN STEP	2026-09-26T01:44:45.6598085Z tests/fast/backends/sglang_utils/test_router_args_utils.py::TestRouterArgsToArgv::test_each_router_cli_action_roundtrips_from_its_raw_value[prometheus_duration_buckets] PASSED [ 32%]
stage-a-cpu (1) / run-cpu	UNKNOWN STEP	2026-09-26T01:44:45.6656851Z tests/fast/backends/sglang_utils/test_router_args_utils.py::TestRouterArgsToArgv::test_each_router_cli_action_roundtrips_from_its_raw_value[request_id_headers] PASSED [ 32%]
stage-a-cpu (1) / run-cpu	UNKNOWN STEP	2026-09-26T01:44:45.6716438Z tests/fast/backends/sglang_utils/test_router_args_utils.py::TestRouterArgsToArgv::test_each_router_cli_action_roundtrips_from_its_raw_value[request_timeout_secs] PASSED [ 32%]
stage-a-cpu (1) / run-cpu	UNKNOWN STEP	2026-09-26T01:44:45.6776822Z tests/fast/backends/sglang_utils/test_router_args_utils.py::TestRouterArgsToArgv::test_each_router_cli_action_roundtrips_from_its_raw_value[shutdown_grace_period_secs] PASSED [ 32%]
stage-a-cpu (1) / run-cpu	UNKNOWN STEP	2026-09-26T01:44:45.6835124Z tests/fast/backends/sglang_utils/test_router_args_utils.py::TestRouterArgsToArgv::test_each_router_cli_action_roundtrips_from_its_raw_value[cors_allowed_origins] PASSED [ 32%]
stage-a-cpu (1) / run-cpu	UNKNOWN STEP	2026-09-26T01:44:45.6895030Z tests/fast/backends/sglang_utils/test_router_args_utils.py::TestRouterArgsToArgv::test_each_router_cli_action_roundtrips_from_its_raw_value[max_concurrent_requests] PASSED [ 32%]
stage-a-cpu (1) / run-cpu	UNKNOWN STEP	2026-09-26T01:44:45.6953903Z tests/fast/backends/sglang_utils/test_router_args_utils.py::TestRouterArgsToArgv::test_each_router_cli_action_roundtrips_from_its_raw_value[queue_size] PASSED [ 32%]
stage-a-cpu (1) / run-cpu	UNKNOWN STEP	2026-09-26T01:44:45.7014735Z tests/fast/backends/sglang_utils/test_router_args_utils.py::TestRouterArgsToArgv::test_each_router_cli_action_roundtrips_from_its_raw_value[queue_timeout_secs] PASSED [ 32%]
stage-a-cpu (1) / run-cpu	UNKNOWN STEP	2026-09-26T01:44:45.7087781Z tests/fast/backends/sglang_utils/test_router_args_utils.py::TestRouterArgsToArgv::test_each_router_cli_action_roundtrips_from_its_raw_value[rate_limit_tokens_per_second] PASSED [ 32%]
stage-a-cpu (1) / run-cpu	UNKNOWN STEP	2026-09-26T01:44:45.7146390Z tests/fast/backends/sglang_utils/test_router_args_utils.py::TestRouterArgsToArgv::test_each_router_cli_action_roundtrips_from_its_raw_value[retry_max_retries] PASSED [ 32%]
stage-a-cpu (1) / run-cpu	UNKNOWN STEP	2026-09-26T01:44:45.7206571Z tests/fast/backends/sglang_utils/test_router_args_utils.py::TestRouterArgsToArgv::test_each_router_cli_action_roundtrips_from_its_raw_value[retry_initial_backoff_ms] PASSED [ 32%]
stage-a-cpu (1) / run-cpu	UNKNOWN STEP	2026-09-26T01:44:45.7265863Z tests/fast/backends/sglang_utils/test_router_args_utils.py::TestRouterArgsToArgv::test_each_router_cli_action_roundtrips_from_its_raw_value[retry_max_backoff_ms] PASSED [ 32%]
stage-a-cpu (1) / run-cpu	UNKNOWN STEP	2026-09-26T01:44:45.7325697Z tests/fast/backends/sglang_utils/test_router_args_utils.py::TestRouterArgsToArgv::test_each_router_cli_action_roundtrips_from_its_raw_value[retry_backoff_multiplier] PASSED [ 32%]
stage-a-cpu (1) / run-cpu	UNKNOWN STEP	2026-09-26T01:44:45.7385908Z tests/fast/backends/sglang_utils/test_router_args_utils.py::TestRouterArgsToArgv::test_each_router_cli_action_roundtrips_from_its_raw_value[retry_jitter_factor] PASSED [ 32%]
stage-a-cpu (1) / run-cpu	UNKNOWN STEP	2026-09-26T01:44:45.7444953Z tests/fast/backends/sglang_utils/test_router_args_utils.py::TestRouterArgsToArgv::test_each_router_cli_action_roundtrips_from_its_raw_value[disable_retries] PASSED [ 32%]
stage-a-cpu (1) / run-cpu	UNKNOWN STEP	2026-09-26T01:44:45.7519023Z tests/fast/backends/sglang_utils/test_router_args_utils.py::TestRouterArgsToArgv::test_each_router_cli_action_roundtrips_from_its_raw_value[cb_failure_threshold] PASSED [ 33%]
stage-a-cpu (1) / run-cpu	UNKNOWN STEP	2026-09-26T01:44:45.7577968Z tests/fast/backends/sglang_utils/test_router_args_utils.py::TestRouterArgsToArgv::test_each_router_cli_action_roundtrips_from_its_raw_value[cb_success_threshold] PASSED [ 33%]
stage-a-cpu (1) / run-cpu	UNKNOWN STEP	2026-09-26T01:44:45.7637860Z tests/fast/backends/sglang_utils/test_router_args_utils.py::TestRouterArgsToArgv::test_each_router_cli_action_roundtrips_from_its_raw_value[cb_timeout_duration_secs] PASSED [ 33%]
stage-a-cpu (1) / run-cpu	UNKNOWN STEP	2026-09-26T01:44:45.7699080Z tests/fast/backends/sglang_utils/test_router_args_utils.py::TestRouterArgsToArgv::test_each_router_cli_action_roundtrips_from_its_raw_value[cb_window_duration_secs] PASSED [ 33%]
stage-a-cpu (1) / run-cpu	UNKNOWN STEP	2026-09-26T01:44:45.7757749Z tests/fast/backends/sglang_utils/test_router_args_utils.py::TestRouterArgsToArgv::test_each_router_cli_action_roundtrips_from_its_raw_value[disable_circuit_breaker] PASSED [ 33%]
stage-a-cpu (1) / run-cpu	UNKNOWN STEP	2026-09-26T01:44:45.7817945Z tests/fast/backends/sglang_utils/test_router_args_utils.py::TestRouterArgsToArgv::test_each_router_cli_action_roundtrips_from_its_raw_value[health_failure_threshold] PASSED [ 33%]
stage-a-cpu (1) / run-cpu	UNKNOWN STEP	2026-09-26T01:44:45.7877107Z tests/fast/backends/sglang_utils/test_router_args_utils.py::TestRouterArgsToArgv::test_each_router_cli_action_roundtrips_from_its_raw_value[health_success_threshold] PASSED [ 33%]
stage-a-cpu (1) / run-cpu	UNKNOWN STEP	2026-09-26T01:44:45.7937603Z tests/fast/backends/sglang_utils/test_router_args_utils.py::TestRouterArgsToArgv::test_each_router_cli_action_roundtrips_from_its_raw_value[health_check_timeout_secs] PASSED [ 33%]
stage-a-cpu (1) / run-cpu	UNKNOWN STEP	2026-09-26T01:44:45.8011280Z tests/fast/backends/sglang_utils/test_router_args_utils.py::TestRouterArgsToArgv::test_each_router_cli_action_roundtrips_from_its_raw_value[health_check_interval_secs] PASSED [ 33%]
stage-a-cpu (1) / run-cpu	UNKNOWN STEP	2026-09-26T01:44:45.8069943Z tests/fast/backends/sglang_utils/test_router_args_utils.py::TestRouterArgsToArgv::test_each_router_cli_action_roundtrips_from_its_raw_value[health_check_endpoint] PASSED [ 33%]
stage-a-cpu (1) / run-cpu	UNKNOWN STEP	2026-09-26T01:44:45.8130448Z tests/fast/backends/sglang_utils/test_router_args_utils.py::TestRouterArgsToArgv::test_each_router_cli_action_roundtrips_from_its_raw_value[disable_health_check] PASSED [ 33%]
stage-a-cpu (1) / run-cpu	UNKNOWN STEP	2026-09-26T01:44:45.8188878Z tests/fast/backends/sglang_utils/test_router_args_utils.py::TestRouterArgsToArgv::test_each_router_cli_action_roundtrips_from_its_raw_value[model_path] PASSED [ 33%]
stage-a-cpu (1) / run-cpu	UNKNOWN STEP	2026-09-26T01:44:45.8248854Z tests/fast/backends/sglang_utils/test_router_args_utils.py::TestRouterArgsToArgv::test_each_router_cli_action_roundtrips_from_its_raw_value[tokenizer_path] PASSED [ 33%]
stage-a-cpu (1) / run-cpu	UNKNOWN STEP	2026-09-26T01:44:45.8309202Z tests/fast/backends/sglang_utils/test_router_args_utils.py::TestRouterArgsToArgv::test_each_router_cli_action_roundtrips_from_its_raw_value[chat_template] PASSED [ 33%]
stage-a-cpu (1) / run-cpu	UNKNOWN STEP	2026-09-26T01:44:45.8368289Z tests/fast/backends/sglang_utils/test_router_args_utils.py::TestRouterArgsToArgv::test_each_router_cli_action_roundtrips_from_its_raw_value[tokenizer_cache_enable_l0] PASSED [ 33%]
stage-a-cpu (1) / run-cpu	UNKNOWN STEP	2026-09-26T01:44:45.8442701Z tests/fast/backends/sglang_utils/test_router_args_utils.py::TestRouterArgsToArgv::test_each_router_cli_action_roundtrips_from_its_raw_value[tokenizer_cache_l0_max_entries] PASSED [ 33%]
stage-a-cpu (1) / run-cpu	UNKNOWN STEP	2026-09-26T01:44:45.8502289Z tests/fast/backends/sglang_utils/test_router_args_utils.py::TestRouterArgsToArgv::test_each_router_cli_action_roundtrips_from_its_raw_value[tokenizer_cache_enable_l1] PASSED [ 33%]
stage-a-cpu (1) / run-cpu	UNKNOWN STEP	2026-09-26T01:44:45.8564146Z tests/fast/backends/sglang_utils/test_router_args_utils.py::TestRouterArgsToArgv::test_each_router_cli_action_roundtrips_from_its_raw_value[tokenizer_cache_l1_max_memory] PASSED [ 33%]
stage-a-cpu (1) / run-cpu	UNKNOWN STEP	2026-09-26T01:44:45.8624895Z tests/fast/backends/sglang_utils/test_router_args_utils.py::TestRouterArgsToArgv::test_each_router_cli_action_roundtrips_from_its_raw_value[reasoning_parser] PASSED [ 33%]
stage-a-cpu (1) / run-cpu	UNKNOWN STEP	2026-09-26T01:44:45.8683632Z tests/fast/backends/sglang_utils/test_router_args_utils.py::TestRouterArgsToArgv::test_each_router_cli_action_roundtrips_from_its_raw_value[tool_call_parser] PASSED [ 33%]
stage-a-cpu (1) / run-cpu	UNKNOWN STEP	2026-09-26T01:44:45.8743690Z tests/fast/backends/sglang_utils/test_router_args_utils.py::TestRouterArgsToArgv::test_each_router_cli_action_roundtrips_from_its_raw_value[mcp_config_path] PASSED [ 33%]
stage-a-cpu (1) / run-cpu	UNKNOWN STEP	2026-09-26T01:44:45.8802923Z tests/fast/backends/sglang_utils/test_router_args_utils.py::TestRouterArgsToArgv::test_each_router_cli_action_roundtrips_from_its_raw_value[backend] PASSED [ 33%]
stage-a-cpu (1) / run-cpu	UNKNOWN STEP	2026-09-26T01:44:45.8864083Z tests/fast/backends/sglang_utils/test_router_args_utils.py::TestRouterArgsToArgv::test_each_router_cli_action_roundtrips_from_its_raw_value[history_backend] PASSED [ 33%]
stage-a-cpu (1) / run-cpu	UNKNOWN STEP	2026-09-26T01:44:45.8937775Z tests/fast/backends/sglang_utils/test_router_args_utils.py::TestRouterArgsToArgv::test_each_router_cli_action_roundtrips_from_its_raw_value[oracle_wallet_path] PASSED [ 33%]
stage-a-cpu (1) / run-cpu	UNKNOWN STEP	2026-09-26T01:44:45.8996267Z tests/fast/backends/sglang_utils/test_router_args_utils.py::TestRouterArgsToArgv::test_each_router_cli_action_roundtrips_from_its_raw_value[oracle_tns_alias] PASSED [ 33%]
stage-a-cpu (1) / run-cpu	UNKNOWN STEP	2026-09-26T01:44:45.9056961Z tests/fast/backends/sglang_utils/test_router_args_utils.py::TestRouterArgsToArgv::test_each_router_cli_action_roundtrips_from_its_raw_value[oracle_connect_descriptor] PASSED [ 33%]
stage-a-cpu (1) / run-cpu	UNKNOWN STEP	2026-09-26T01:44:45.9115976Z tests/fast/backends/sglang_utils/test_router_args_utils.py::TestRouterArgsToArgv::test_each_router_cli_action_roundtrips_from_its_raw_value[oracle_username] PASSED [ 33%]
stage-a-cpu (1) / run-cpu	UNKNOWN STEP	2026-09-26T01:44:45.9176495Z tests/fast/backends/sglang_utils/test_router_args_utils.py::TestRouterArgsToArgv::test_each_router_cli_action_roundtrips_from_its_raw_value[oracle_password] PASSED [ 33%]
stage-a-cpu (1) / run-cpu	UNKNOWN STEP	2026-09-26T01:44:45.9237175Z tests/fast/backends/sglang_utils/test_router_args_utils.py::TestRouterArgsToArgv::test_each_router_cli_action_roundtrips_from_its_raw_value[oracle_pool_min] PASSED [ 33%]
stage-a-cpu (1) / run-cpu	UNKNOWN STEP	2026-09-26T01:44:45.9296089Z tests/fast/backends/sglang_utils/test_router_args_utils.py::TestRouterArgsToArgv::test_each_router_cli_action_roundtrips_from_its_raw_value[oracle_pool_max] PASSED [ 33%]
stage-a-cpu (1) / run-cpu	UNKNOWN STEP	2026-09-26T01:44:45.9369591Z tests/fast/backends/sglang_utils/test_router_args_utils.py::TestRouterArgsToArgv::test_each_router_cli_action_roundtrips_from_its_raw_value[oracle_pool_timeout_secs] PASSED [ 33%]
stage-a-cpu (1) / run-cpu	UNKNOWN STEP	2026-09-26T01:44:45.9428096Z tests/fast/backends/sglang_utils/test_router_args_utils.py::TestRouterArgsToArgv::test_each_router_cli_action_roundtrips_from_its_raw_value[postgres_db_url] PASSED [ 33%]
stage-a-cpu (1) / run-cpu	UNKNOWN STEP	2026-09-26T01:44:45.9487786Z tests/fast/backends/sglang_utils/test_router_args_utils.py::TestRouterArgsToArgv::test_each_router_cli_action_roundtrips_from_its_raw_value[postgres_pool_max] PASSED [ 34%]
stage-a-cpu (1) / run-cpu	UNKNOWN STEP	2026-09-26T01:44:45.9547834Z tests/fast/backends/sglang_utils/test_router_args_utils.py::TestRouterArgsToArgv::test_each_router_cli_action_roundtrips_from_its_raw_value[redis_url] PASSED [ 34%]
stage-a-cpu (1) / run-cpu	UNKNOWN STEP	2026-09-26T01:44:45.9606568Z tests/fast/backends/sglang_utils/test_router_args_utils.py::TestRouterArgsToArgv::test_each_router_cli_action_roundtrips_from_its_raw_value[redis_pool_max] PASSED [ 34%]
stage-a-cpu (1) / run-cpu	UNKNOWN STEP	2026-09-26T01:44:45.9666894Z tests/fast/backends/sglang_utils/test_router_args_utils.py::TestRouterArgsToArgv::test_each_router_cli_action_roundtrips_from_its_raw_value[redis_retention_days] PASSED [ 34%]
stage-a-cpu (1) / run-cpu	UNKNOWN STEP	2026-09-26T01:44:45.9726023Z tests/fast/backends/sglang_utils/test_router_args_utils.py::TestRouterArgsToArgv::test_each_router_cli_action_roundtrips_from_its_raw_value[client_cert_path] PASSED [ 34%]
stage-a-cpu (1) / run-cpu	UNKNOWN STEP	2026-09-26T01:44:45.9786665Z tests/fast/backends/sglang_utils/test_router_args_utils.py::TestRouterArgsToArgv::test_each_router_cli_action_roundtrips_from_its_raw_value[client_key_path] PASSED [ 34%]
stage-a-cpu (1) / run-cpu	UNKNOWN STEP	2026-09-26T01:44:45.9860412Z tests/fast/backends/sglang_utils/test_router_args_utils.py::TestRouterArgsToArgv::test_each_router_cli_action_roundtrips_from_its_raw_value[ca_cert_paths] PASSED [ 34%]
stage-a-cpu (1) / run-cpu	UNKNOWN STEP	2026-09-26T01:44:45.9919327Z tests/fast/backends/sglang_utils/test_router_args_utils.py::TestRouterArgsToArgv::test_each_router_cli_action_roundtrips_from_its_raw_value[tls_cert_path] PASSED [ 34%]
stage-a-cpu (1) / run-cpu	UNKNOWN STEP	2026-09-26T01:44:45.9981666Z tests/fast/backends/sglang_utils/test_router_args_utils.py::TestRouterArgsToArgv::test_each_router_cli_action_roundtrips_from_its_raw_value[tls_key_path] PASSED [ 34%]
stage-a-cpu (1) / run-cpu	UNKNOWN STEP	2026-09-26T01:44:46.0040348Z tests/fast/backends/sglang_utils/test_router_args_utils.py::TestRouterArgsToArgv::test_each_router_cli_action_roundtrips_from_its_raw_value[enable_trace] PASSED [ 34%]
stage-a-cpu (1) / run-cpu	UNKNOWN STEP	2026-09-26T01:44:46.0100276Z tests/fast/backends/sglang_utils/test_router_args_utils.py::TestRouterArgsToArgv::test_each_router_cli_action_roundtrips_from_its_raw_value[otlp_traces_endpoint] PASSED [ 34%]
stage-a-cpu (1) / run-cpu	UNKNOWN STEP	2026-09-26T01:44:46.0160388Z tests/fast/backends/sglang_utils/test_router_args_utils.py::TestRouterArgsToArgv::test_each_router_cli_action_roundtrips_from_its_raw_value[api_key] PASSED [ 34%]
stage-a-cpu (1) / run-cpu	UNKNOWN STEP	2026-09-26T01:44:46.0220459Z tests/fast/backends/sglang_utils/test_router_args_utils.py::TestRouterArgsToArgv::test_each_router_cli_action_roundtrips_from_its_raw_value[control_plane_api_keys] PASSED [ 34%]
stage-a-cpu (1) / run-cpu	UNKNOWN STEP	2026-09-26T01:44:46.0294284Z tests/fast/backends/sglang_utils/test_router_args_utils.py::TestRouterArgsToArgv::test_each_router_cli_action_roundtrips_from_its_raw_value[control_plane_audit_enabled] PASSED [ 34%]
stage-a-cpu (1) / run-cpu	UNKNOWN STEP	2026-09-26T01:44:46.0360110Z tests/fast/backends/sglang_utils/test_router_args_utils.py::TestRouterArgsToArgv::test_each_router_cli_action_roundtrips_from_its_raw_value[jwt_issuer] PASSED [ 34%]
stage-a-cpu (1) / run-cpu	UNKNOWN STEP	2026-09-26T01:44:46.0416568Z tests/fast/backends/sglang_utils/test_router_args_utils.py::TestRouterArgsToArgv::test_each_router_cli_action_roundtrips_from_its_raw_value[jwt_audience] PASSED [ 34%]
stage-a-cpu (1) / run-cpu	UNKNOWN STEP	2026-09-26T01:44:46.0477293Z tests/fast/backends/sglang_utils/test_router_args_utils.py::TestRouterArgsToArgv::test_each_router_cli_action_roundtrips_from_its_raw_value[jwt_jwks_uri] PASSED [ 34%]
stage-a-cpu (1) / run-cpu	UNKNOWN STEP	2026-09-26T01:44:46.0536340Z tests/fast/backends/sglang_utils/test_router_args_utils.py::TestRouterArgsToArgv::test_each_router_cli_action_roundtrips_from_its_raw_value[jwt_role_mapping] PASSED [ 34%]
stage-a-cpu (1) / run-cpu	UNKNOWN STEP	2026-09-26T01:44:46.0603955Z tests/fast/backends/sglang_utils/test_router_args_utils.py::TestComputeSglangRouterArgs::test_call_site_values_override_router_defaults PASSED [ 34%]
stage-a-cpu (1) / run-cpu	UNKNOWN STEP	2026-09-26T01:44:46.0645033Z tests/fast/backends/sglang_utils/test_router_args_utils.py::TestComputeSglangRouterArgs::test_miles_policy_timeout_and_pd_overrides_take_precedence PASSED [ 34%]
stage-a-cpu (1) / run-cpu	UNKNOWN STEP	2026-09-26T01:44:46.0686223Z tests/fast/backends/sglang_utils/test_router_args_utils.py::TestComputeSglangRouterArgs::test_native_policy_and_pd_values_remain_without_miles_overrides PASSED [ 34%]
stage-a-cpu (1) / run-cpu	UNKNOWN STEP	2026-09-26T01:44:46.0768203Z tests/fast/backends/sglang_utils/test_router_args_utils.py::TestComputeSglangRouterArgs::test_prefixed_inputs_are_extracted_without_resolving_aliases PASSED [ 34%]
stage-a-cpu (1) / run-cpu	UNKNOWN STEP	2026-09-26T01:44:46.0809573Z tests/fast/backends/sglang_utils/test_sglang_config.py::TestNumGpusPerEnginePrecedence::test_group_level_value_wins_over_model_and_args PASSED [ 34%]
stage-a-cpu (1) / run-cpu	UNKNOWN STEP	2026-09-26T01:44:46.0850313Z tests/fast/backends/sglang_utils/test_sglang_config.py::TestNumGpusPerEnginePrecedence::test_model_then_global_num_gpus_per_engine_defaults_are_resolved PASSED [ 34%]
stage-a-cpu (1) / run-cpu	UNKNOWN STEP	2026-09-26T01:44:46.0889016Z tests/fast/backends/sglang_utils/test_sglang_config.py::TestNumGpusPerEnginePrecedence::test_a_group_asking_for_zero_gpus_per_engine_is_rejected_not_defaulted PASSED [ 34%]
stage-a-cpu (1) / run-cpu	UNKNOWN STEP	2026-09-26T01:44:46.0927612Z tests/fast/backends/sglang_utils/test_sglang_config.py::TestNumGpusPerEnginePrecedence::test_a_model_asking_for_zero_gpus_per_engine_is_rejected_not_defaulted PASSED [ 34%]
stage-a-cpu (1) / run-cpu	UNKNOWN STEP	2026-09-26T01:44:46.0968890Z tests/fast/backends/sglang_utils/test_sglang_config.py::TestModelPathConsistency::test_groups_for_one_model_cannot_resolve_to_different_model_paths PASSED [ 34%]
stage-a-cpu (1) / run-cpu	UNKNOWN STEP	2026-09-26T01:44:46.0992238Z tests/fast/backends/sglang_utils/test_sglang_config.py::TestResolvedServerGroupValidation::test_a_resolved_group_with_zero_gpus_is_rejected PASSED [ 34%]
stage-a-cpu (1) / run-cpu	UNKNOWN STEP	2026-09-26T01:44:46.1015804Z tests/fast/backends/sglang_utils/test_sglang_config.py::TestResolvedServerGroupValidation::test_a_resolved_group_with_non_positive_gpus_per_engine_is_rejected PASSED [ 34%]
stage-a-cpu (1) / run-cpu	UNKNOWN STEP	2026-09-26T01:44:46.1057520Z tests/fast/backends/sglang_utils/test_sglang_config.py::TestNumServerCells::test_non_placeholder_engine_cells_are_counted PASSED [ 34%]
stage-a-cpu (1) / run-cpu	UNKNOWN STEP	2026-09-26T01:44:46.1098136Z tests/fast/backends/sglang_utils/test_sglang_config.py::TestOverridesResolution::test_an_explicit_model_path_override_is_not_replaced PASSED [ 34%]
stage-a-cpu (1) / run-cpu	UNKNOWN STEP	2026-09-26T01:44:46.1138781Z tests/fast/backends/sglang_utils/test_sglang_config.py::TestOverridesResolution::test_unrelated_override_keys_pass_through PASSED [ 34%]
stage-a-cpu (1) / run-cpu	UNKNOWN STEP	2026-09-26T01:44:46.1176539Z tests/fast/backends/sglang_utils/test_sglang_config.py::TestYamlShapeValidation::test_engine_groups_is_accepted_as_an_alias_for_server_groups PASSED [ 35%]
stage-a-cpu (1) / run-cpu	UNKNOWN STEP	2026-09-26T01:44:46.1212959Z tests/fast/backends/sglang_utils/test_sglang_config.py::TestYamlShapeValidation::test_a_yaml_without_the_sglang_key_is_rejected PASSED [ 35%]
stage-a-cpu (1) / run-cpu	UNKNOWN STEP	2026-09-26T01:44:46.1250798Z tests/fast/backends/sglang_utils/test_sglang_config.py::TestYamlShapeValidation::test_an_unknown_model_key_is_rejected PASSED [ 35%]
stage-a-cpu (1) / run-cpu	UNKNOWN STEP	2026-09-26T01:44:46.1288253Z tests/fast/backends/sglang_utils/test_sglang_config.py::TestYamlShapeValidation::test_an_unknown_server_group_key_is_rejected PASSED [ 35%]
stage-a-cpu (1) / run-cpu	UNKNOWN STEP	2026-09-26T01:44:46.1328171Z tests/fast/backends/sglang_utils/test_sglang_config.py::TestYamlShapeValidation::test_giving_both_group_spellings_is_rejected PASSED [ 35%]
stage-a-cpu (1) / run-cpu	UNKNOWN STEP	2026-09-26T01:44:46.1353852Z tests/fast/backends/sglang_utils/test_sglang_config.py::TestPrefillNumServersPath::test_prefill_num_servers_counts_engines_not_gpus[False] PASSED [ 35%]
stage-a-cpu (1) / run-cpu	UNKNOWN STEP	2026-09-26T01:44:46.1378976Z tests/fast/backends/sglang_utils/test_sglang_config.py::TestPrefillNumServersPath::test_prefill_num_servers_counts_engines_not_gpus[True] PASSED [ 35%]
stage-a-cpu (1) / run-cpu	UNKNOWN STEP	2026-09-26T01:44:46.1402764Z tests/fast/backends/sglang_utils/test_sglang_config.py::TestPrefillNumServersPath::test_prefill_consuming_all_gpus_is_rejected PASSED [ 35%]
stage-a-cpu (1) / run-cpu	UNKNOWN STEP	2026-09-26T01:44:46.1445957Z tests/fast/backends/sglang_utils/test_sglang_config.py::TestGpuOffset::test_gpu_offsets_accumulate_across_groups_and_models_including_placeholders PASSED [ 35%]
stage-a-cpu (1) / run-cpu	UNKNOWN STEP	2026-09-26T01:44:46.1489941Z tests/fast/backends/sglang_utils/test_sglang_config.py::TestEngineOffset::test_engine_offsets_count_the_workers_of_every_preceding_group PASSED [ 35%]
stage-a-cpu (1) / run-cpu	UNKNOWN STEP	2026-09-26T01:44:46.1529806Z tests/fast/backends/sglang_utils/test_sglang_config.py::TestEngineOffset::test_a_group_whose_engine_spans_nodes_contributes_one_worker_per_node PASSED [ 35%]
stage-a-cpu (1) / run-cpu	UNKNOWN STEP	2026-09-26T01:44:46.1553192Z tests/fast/backends/sglang_utils/test_sglang_config.py::TestEngineOffset::test_prefill_and_decode_groups_are_numbered_in_that_order PASSED [ 35%]
stage-a-cpu (1) / run-cpu	UNKNOWN STEP	2026-09-26T01:44:46.1577665Z tests/fast/backends/sglang_utils/test_sglang_config.py::TestEngineOffset::test_the_generated_eval_model_is_numbered_after_every_rollout_engine PASSED [ 35%]
stage-a-cpu (1) / run-cpu	UNKNOWN STEP	2026-09-26T01:44:46.1616020Z tests/fast/backends/sglang_utils/test_sglang_config.py::TestNeedsOffload::test_no_offload_flag_means_no_group_needs_offload[False] PASSED [ 35%]
stage-a-cpu (1) / run-cpu	UNKNOWN STEP	2026-09-26T01:44:46.1654917Z tests/fast/backends/sglang_utils/test_sglang_config.py::TestNeedsOffload::test_no_offload_flag_means_no_group_needs_offload[True] PASSED [ 35%]
stage-a-cpu (1) / run-cpu	UNKNOWN STEP	2026-09-26T01:44:46.1694113Z tests/fast/backends/sglang_utils/test_sglang_config.py::TestNeedsOffload::test_groups_overlapping_megatron_offload_and_the_rest_disable_memory_saver PASSED [ 35%]
stage-a-cpu (1) / run-cpu	UNKNOWN STEP	2026-09-26T01:44:46.1734935Z tests/fast/backends/sglang_utils/test_sglang_config.py::TestNeedsOffload::test_the_gpu_cursor_accumulates_across_models PASSED [ 35%]
stage-a-cpu (1) / run-cpu	UNKNOWN STEP	2026-09-26T01:44:46.1772304Z tests/fast/backends/sglang_utils/test_sglang_config.py::TestNeedsOffload::test_a_disaggregated_rollout_group_past_the_megatron_gpus_does_not_offload PASSED [ 35%]
stage-a-cpu (1) / run-cpu	UNKNOWN STEP	2026-09-26T01:44:46.1810611Z tests/fast/backends/sglang_utils/test_sglang_config.py::TestNeedsOffload::test_an_explicit_memory_saver_override_wins PASSED [ 35%]
stage-a-cpu (1) / run-cpu	UNKNOWN STEP	2026-09-26T01:44:46.1848834Z tests/fast/backends/sglang_utils/test_sglang_config.py::TestYamlEvalModel::test_a_yaml_without_an_eval_model_is_rejected_when_eval_gpus_are_requested PASSED [ 35%]
stage-a-cpu (1) / run-cpu	UNKNOWN STEP	2026-09-26T01:44:46.1889854Z tests/fast/backends/sglang_utils/test_sglang_config.py::TestYamlEvalModel::test_a_yaml_eval_model_sized_differently_from_eval_num_gpus_is_rejected PASSED [ 35%]
stage-a-cpu (1) / run-cpu	UNKNOWN STEP	2026-09-26T01:44:46.1930992Z tests/fast/backends/sglang_utils/test_sglang_config.py::TestYamlEvalModel::test_yaml_eval_update_weights_is_not_overridden PASSED [ 35%]
stage-a-cpu (1) / run-cpu	UNKNOWN STEP	2026-09-26T01:44:46.1972834Z tests/fast/backends/sglang_utils/test_sglang_config.py::TestYamlEvalModel::test_yaml_eval_group_num_gpus_per_engine_wins_over_eval_cli PASSED [ 35%]
stage-a-cpu (1) / run-cpu	UNKNOWN STEP	2026-09-26T01:44:46.1996303Z tests/fast/backends/sglang_utils/test_sglang_config.py::TestRolloutOffset::test_debug_train_only_without_eval_fleet_has_zero_rollout_placement_offset PASSED [ 35%]
stage-a-cpu (1) / run-cpu	UNKNOWN STEP	2026-09-26T01:44:46.2019589Z tests/fast/backends/sglang_utils/test_sglang_config.py::TestRolloutOffset::test_debug_train_only_places_the_eval_fleet_after_the_actor_bundles PASSED [ 35%]
stage-a-cpu (1) / run-cpu	UNKNOWN STEP	2026-09-26T01:44:46.2042055Z tests/fast/backends/sglang_utils/test_sglang_config.py::TestRolloutOffset::test_debug_rollout_only_has_zero_rollout_placement_offset PASSED [ 35%]
stage-a-cpu (1) / run-cpu	UNKNOWN STEP	2026-09-26T01:44:46.2064910Z tests/fast/backends/sglang_utils/test_sglang_config.py::TestMegatronNumGpus::test_compute_megatron_num_gpus_for_critic_train_only PASSED [ 35%]
stage-a-cpu (1) / run-cpu	UNKNOWN STEP	2026-09-26T01:44:46.2104038Z tests/fast/backends/sglang_utils/test_sglang_config.py::TestHostPortOverrideRejection::test_a_port_override_is_rejected_at_resolve_time PASSED [ 35%]
stage-a-cpu (1) / run-cpu	UNKNOWN STEP	2026-09-26T01:44:46.2142490Z tests/fast/backends/sglang_utils/test_sglang_config.py::TestHostPortOverrideRejection::test_a_host_override_is_rejected_at_resolve_time PASSED [ 35%]
stage-a-cpu (1) / run-cpu	UNKNOWN STEP	2026-09-26T01:44:46.2181147Z tests/fast/backends/sglang_utils/test_sglang_config.py::TestHostPortOverrideRejection::test_a_gated_launch_port_override_is_rejected_at_resolve_time PASSED [ 35%]
stage-a-cpu (1) / run-cpu	UNKNOWN STEP	2026-09-26T01:44:46.2225453Z tests/fast/backends/sglang_utils/test_sglang_config.py::TestHostPortOverrideRejection::test_a_gated_launch_port_override_in_a_later_group_is_rejected PASSED [ 35%]
stage-a-cpu (1) / run-cpu	UNKNOWN STEP	2026-09-26T01:44:46.2267206Z tests/fast/backends/sglang_utils/test_sglang_config.py::TestHostPortOverrideRejection::test_a_gated_launch_port_reaching_the_eval_fleet_from_the_cli_is_rejected PASSED [ 35%]
stage-a-cpu (1) / run-cpu	UNKNOWN STEP	2026-09-26T01:44:46.2299534Z tests/fast/backends/test_fsdp_arguments.py::test_cli_defaults_match_the_dataclass PASSED [ 36%]
stage-a-cpu (1) / run-cpu	UNKNOWN STEP	2026-09-26T01:44:46.2332757Z tests/fast/backends/test_fsdp_arguments.py::test_true_default_bools_can_be_turned_off PASSED [ 36%]
stage-a-cpu (1) / run-cpu	UNKNOWN STEP	2026-09-26T01:44:46.2364540Z tests/fast/backends/test_fsdp_arguments.py::test_false_default_bools_still_turn_on PASSED [ 36%]
stage-a-cpu (1) / run-cpu	UNKNOWN STEP	2026-09-26T01:44:46.2551360Z tests/fast/backends/test_fsdp_arguments.py::test_every_bool_gets_both_forms PASSED [ 36%]
stage-a-cpu (1) / run-cpu	UNKNOWN STEP	2026-09-26T01:44:46.2567660Z tests/fast/backends/test_fsdp_dtensor.py::test_non_dtensor_passthrough_to_cuda SKIPPED [ 36%]
stage-a-cpu (1) / run-cpu	UNKNOWN STEP	2026-09-26T01:44:46.2583673Z tests/fast/backends/test_fsdp_dtensor.py::test_async_passthrough_is_noop_for_non_dtensor SKIPPED [ 36%]
stage-a-cpu (1) / run-cpu	UNKNOWN STEP	2026-09-26T01:44:46.2683741Z tests/fast/backends/test_fsdp_qwen3_true_on_policy.py::test_qwen3_patch_changes_only_final_norm_and_is_idempotent PASSED [ 36%]
stage-a-cpu (1) / run-cpu	UNKNOWN STEP	2026-09-26T01:44:46.2707143Z tests/fast/backends/test_fsdp_qwen3_true_on_policy.py::test_qwen3_instance_patch_registry_is_contract_gated PASSED [ 36%]
stage-a-cpu (1) / run-cpu	UNKNOWN STEP	2026-09-26T01:44:46.2742167Z tests/fast/backends/test_fsdp_qwen3_true_on_policy.py::test_qwen3_final_norm_uses_contract_rounding_order PASSED [ 36%]
stage-a-cpu (1) / run-cpu	UNKNOWN STEP	2026-09-26T01:44:46.2766657Z tests/fast/backends/test_fsdp_qwen3_true_on_policy.py::test_qwen3_formal_sync_preserves_fp32_contract_parameters[model.embed_tokens.weight] PASSED [ 36%]
stage-a-cpu (1) / run-cpu	UNKNOWN STEP	2026-09-26T01:44:46.2790873Z tests/fast/backends/test_fsdp_qwen3_true_on_policy.py::test_qwen3_formal_sync_preserves_fp32_contract_parameters[model.layers.0.input_layernorm.weight] PASSED [ 36%]
stage-a-cpu (1) / run-cpu	UNKNOWN STEP	2026-09-26T01:44:46.2814573Z tests/fast/backends/test_fsdp_qwen3_true_on_policy.py::test_qwen3_formal_sync_preserves_fp32_contract_parameters[model.layers.0.post_attention_layernorm.weight] PASSED [ 36%]
stage-a-cpu (1) / run-cpu	UNKNOWN STEP	2026-09-26T01:44:46.2838812Z tests/fast/backends/test_fsdp_qwen3_true_on_policy.py::test_qwen3_formal_sync_preserves_fp32_contract_parameters[model.layers.0.self_attn.q_norm.weight] PASSED [ 36%]
stage-a-cpu (1) / run-cpu	UNKNOWN STEP	2026-09-26T01:44:46.2862450Z tests/fast/backends/test_fsdp_qwen3_true_on_policy.py::test_qwen3_formal_sync_preserves_fp32_contract_parameters[model.layers.0.self_attn.k_norm.weight] PASSED [ 36%]
stage-a-cpu (1) / run-cpu	UNKNOWN STEP	2026-09-26T01:44:46.2886675Z tests/fast/backends/test_fsdp_qwen3_true_on_policy.py::test_qwen3_formal_sync_keeps_bf16_math_parameters_at_checkpoint_dtype[model.layers.0.self_attn.q_proj.weight] PASSED [ 36%]
stage-a-cpu (1) / run-cpu	UNKNOWN STEP	2026-09-26T01:44:46.2910352Z tests/fast/backends/test_fsdp_qwen3_true_on_policy.py::test_qwen3_formal_sync_keeps_bf16_math_parameters_at_checkpoint_dtype[model.layers.0.mlp.gate_proj.weight] PASSED [ 36%]
stage-a-cpu (1) / run-cpu	UNKNOWN STEP	2026-09-26T01:44:46.2934679Z tests/fast/backends/test_fsdp_qwen3_true_on_policy.py::test_qwen3_formal_sync_keeps_bf16_math_parameters_at_checkpoint_dtype[model.norm.weight] PASSED [ 36%]
stage-a-cpu (1) / run-cpu	UNKNOWN STEP	2026-09-26T01:44:46.2958037Z tests/fast/backends/test_fsdp_qwen3_true_on_policy.py::test_qwen3_formal_sync_keeps_bf16_math_parameters_at_checkpoint_dtype[lm_head.weight] PASSED [ 36%]
stage-a-cpu (1) / run-cpu	UNKNOWN STEP	2026-09-26T01:44:46.3021659Z tests/fast/backends/test_fsdp_qwen3_true_on_policy.py::test_qwen3_formal_sync_preserves_post_update_fp32_values PASSED [ 36%]
stage-a-cpu (1) / run-cpu	UNKNOWN STEP	2026-09-26T01:44:46.3083384Z tests/fast/backends/test_fsdp_qwen3_true_on_policy.py::test_qwen3_ref_model_uses_fp32_master_storage PASSED [ 36%]
stage-a-cpu (1) / run-cpu	UNKNOWN STEP	2026-09-26T01:44:46.3118039Z tests/fast/backends/test_fsdp_update_weight.py::test_fsdp_weight_updates_run_inside_engine_session PASSED [ 36%]
stage-a-cpu (1) / run-cpu	UNKNOWN STEP	2026-09-26T01:44:46.3141556Z tests/fast/backends/test_fsdp_update_weight.py::test_fsdp_nonzero_rank_does_not_manage_engine_session PASSED [ 36%]
stage-a-cpu (1) / run-cpu	UNKNOWN STEP	2026-09-26T01:44:46.3675002Z tests/fast/backends/test_fsdp_update_weight.py::TestUpdateWeight::test_phase_failure_settles_all_engines_and_propagates[pause_generation] PASSED [ 36%]
stage-a-cpu (1) / run-cpu	UNKNOWN STEP	2026-09-26T01:44:46.4207998Z tests/fast/backends/test_fsdp_update_weight.py::TestUpdateWeight::test_phase_failure_settles_all_engines_and_propagates[flush_cache] PASSED [ 36%]
stage-a-cpu (1) / run-cpu	UNKNOWN STEP	2026-09-26T01:44:46.4741559Z tests/fast/backends/test_fsdp_update_weight.py::TestUpdateWeight::test_phase_failure_settles_all_engines_and_propagates[begin_weight_update] PASSED [ 36%]
stage-a-cpu (1) / run-cpu	UNKNOWN STEP	2026-09-26T01:44:46.5279407Z tests/fast/backends/test_fsdp_update_weight.py::TestUpdateWeight::test_phase_failure_settles_all_engines_and_propagates[end_weight_update] PASSED [ 36%]
stage-a-cpu (1) / run-cpu	UNKNOWN STEP	2026-09-26T01:44:46.5817265Z tests/fast/backends/test_fsdp_update_weight.py::TestUpdateWeight::test_phase_failure_settles_all_engines_and_propagates[continue_generation] PASSED [ 36%]
stage-a-cpu (1) / run-cpu	UNKNOWN STEP	2026-09-26T01:44:46.5847695Z tests/fast/backends/test_fsdp_update_weight.py::test_fsdp_weight_sync_casts_to_rollout_contract_dtypes PASSED [ 36%]
stage-a-cpu (1) / run-cpu	UNKNOWN STEP	2026-09-26T01:44:46.5871625Z tests/fast/backends/test_fsdp_update_weight.py::test_fsdp_actor_connects_engines_once_across_consecutive_windows PASSED [ 36%]
stage-a-cpu (1) / run-cpu	UNKNOWN STEP	2026-09-26T01:44:46.5898025Z tests/fast/backends/test_fsdp_update_weight.py::TestUpdateWeightFromTensor::test_raises_on_unsuccessful_engine_response PASSED [ 36%]
stage-a-cpu (1) / run-cpu	UNKNOWN STEP	2026-09-26T01:44:46.5927594Z tests/fast/backends/test_fsdp_update_weight.py::TestUpdateWeightFromDistributed::test_propagates_engine_request_failure PASSED [ 36%]
stage-a-cpu (1) / run-cpu	UNKNOWN STEP	2026-09-26T01:44:46.5951355Z tests/fast/backends/test_fsdp_update_weight.py::test_fsdp_actor_reconnects_after_rollout_cell_hash_changes PASSED [ 36%]
stage-a-cpu (1) / run-cpu	UNKNOWN STEP	2026-09-26T01:44:46.5977403Z tests/fast/backends/test_fsdp_update_weight.py::test_fsdp_actor_rejects_a_mismatched_engine_weight_version PASSED [ 37%]
stage-a-cpu (1) / run-cpu	UNKNOWN STEP	2026-09-26T01:44:46.6009809Z tests/fast/backends/training_utils/loss/test_opd.py::test_subtracts_weighted_reverse_kl_and_stores_metric PASSED [ 37%]
stage-a-cpu (1) / run-cpu	UNKNOWN STEP	2026-09-26T01:44:46.6037742Z tests/fast/backends/training_utils/loss/test_opd.py::test_precomputed_reverse_kl_is_detached_before_weighting_advantages PASSED [ 37%]
stage-a-cpu (1) / run-cpu	UNKNOWN STEP	2026-09-26T01:44:46.6063703Z tests/fast/backends/training_utils/loss/test_opd.py::test_fixed_opd_inputs_are_detached_in_persistent_rollout_data PASSED [ 37%]
stage-a-cpu (1) / run-cpu	UNKNOWN STEP	2026-09-26T01:44:46.6087594Z tests/fast/backends/training_utils/loss/test_opd.py::test_noop_when_student_log_probs_none PASSED [ 37%]
stage-a-cpu (1) / run-cpu	UNKNOWN STEP	2026-09-26T01:44:46.6111690Z tests/fast/backends/training_utils/loss/test_opd.py::test_raises_when_teacher_log_probs_missing PASSED [ 37%]
stage-a-cpu (1) / run-cpu	UNKNOWN STEP	2026-09-26T01:44:46.6135911Z tests/fast/backends/training_utils/loss/test_opd.py::test_raises_on_length_mismatch PASSED [ 37%]
stage-a-cpu (1) / run-cpu	UNKNOWN STEP	2026-09-26T01:44:46.6161046Z tests/fast/backends/training_utils/loss/test_opd.py::test_raises_on_scalar_advantage_broadcast_trap PASSED [ 37%]
stage-a-cpu (1) / run-cpu	UNKNOWN STEP	2026-09-26T01:44:50.2067690Z tests/fast/backends/training_utils/loss_hub/test_losses_imports.py::TestLossHubImportWeight::test_losses_import_does_not_require_ray PASSED [ 37%]
stage-a-cpu (1) / run-cpu	UNKNOWN STEP	2026-09-26T01:44:50.2103318Z tests/fast/backends/training_utils/test_cp_log_prob_assembly.py::test_split_then_assemble_is_identity_thd[34017-33789-2] PASSED [ 37%]
stage-a-cpu (1) / run-cpu	UNKNOWN STEP	2026-09-26T01:44:50.2135194Z tests/fast/backends/training_utils/test_cp_log_prob_assembly.py::test_split_then_assemble_is_identity_thd[34017-33789-4] PASSED [ 37%]
stage-a-cpu (1) / run-cpu	UNKNOWN STEP	2026-09-26T01:44:50.2166929Z tests/fast/backends/training_utils/test_cp_log_prob_assembly.py::test_split_then_assemble_is_identity_thd[34017-33789-8] PASSED [ 37%]
stage-a-cpu (1) / run-cpu	UNKNOWN STEP	2026-09-26T01:44:50.2206264Z tests/fast/backends/training_utils/test_cp_log_prob_assembly.py::test_split_then_assemble_is_identity_thd[2630-2402-2] PASSED [ 37%]
stage-a-cpu (1) / run-cpu	UNKNOWN STEP	2026-09-26T01:44:50.2235698Z tests/fast/backends/training_utils/test_cp_log_prob_assembly.py::test_split_then_assemble_is_identity_thd[2630-2402-4] PASSED [ 37%]
stage-a-cpu (1) / run-cpu	UNKNOWN STEP	2026-09-26T01:44:50.2266322Z tests/fast/backends/training_utils/test_cp_log_prob_assembly.py::test_split_then_assemble_is_identity_thd[2630-2402-8] PASSED [ 37%]
stage-a-cpu (1) / run-cpu	UNKNOWN STEP	2026-09-26T01:44:50.2295342Z tests/fast/backends/training_utils/test_cp_log_prob_assembly.py::test_split_then_assemble_is_identity_thd[1024-512-2] PASSED [ 37%]
stage-a-cpu (1) / run-cpu	UNKNOWN STEP	2026-09-26T01:44:50.2324405Z tests/fast/backends/training_utils/test_cp_log_prob_assembly.py::test_split_then_assemble_is_identity_thd[1024-512-4] PASSED [ 37%]
stage-a-cpu (1) / run-cpu	UNKNOWN STEP	2026-09-26T01:44:50.2354196Z tests/fast/backends/training_utils/test_cp_log_prob_assembly.py::test_split_then_assemble_is_identity_thd[1024-512-8] PASSED [ 37%]
stage-a-cpu (1) / run-cpu	UNKNOWN STEP	2026-09-26T01:44:50.2383142Z tests/fast/backends/training_utils/test_cp_log_prob_assembly.py::test_split_then_assemble_is_identity_thd[97-96-2] PASSED [ 37%]
stage-a-cpu (1) / run-cpu	UNKNOWN STEP	2026-09-26T01:44:50.2412064Z tests/fast/backends/training_utils/test_cp_log_prob_assembly.py::test_split_then_assemble_is_identity_thd[97-96-4] PASSED [ 37%]
stage-a-cpu (1) / run-cpu	UNKNOWN STEP	2026-09-26T01:44:50.2442279Z tests/fast/backends/training_utils/test_cp_log_prob_assembly.py::test_split_then_assemble_is_identity_thd[97-96-8] PASSED [ 37%]
stage-a-cpu (1) / run-cpu	UNKNOWN STEP	2026-09-26T01:44:50.2472010Z tests/fast/backends/training_utils/test_cp_log_prob_assembly.py::test_split_then_assemble_is_identity_bshd[1024-512-2048-2] PASSED [ 37%]
stage-a-cpu (1) / run-cpu	UNKNOWN STEP	2026-09-26T01:44:50.2501667Z tests/fast/backends/training_utils/test_cp_log_prob_assembly.py::test_split_then_assemble_is_identity_bshd[1024-512-2048-4] PASSED [ 37%]
stage-a-cpu (1) / run-cpu	UNKNOWN STEP	2026-09-26T01:44:50.2531268Z tests/fast/backends/training_utils/test_cp_log_prob_assembly.py::test_split_then_assemble_is_identity_bshd[700-640-1024-2] PASSED [ 37%]
stage-a-cpu (1) / run-cpu	UNKNOWN STEP	2026-09-26T01:44:50.2561077Z tests/fast/backends/training_utils/test_cp_log_prob_assembly.py::test_split_then_assemble_is_identity_bshd[700-640-1024-4] PASSED [ 37%]
stage-a-cpu (1) / run-cpu	UNKNOWN STEP	2026-09-26T01:44:50.2586249Z tests/fast/backends/training_utils/test_cp_log_prob_assembly.py::test_partial_group_is_rejected PASSED [ 37%]
stage-a-cpu (1) / run-cpu	UNKNOWN STEP	2026-09-26T01:44:50.2609172Z tests/fast/backends/training_utils/test_log_utils_metric_reduction.py::test_min_max_keys_reduce_to_global_extrema PASSED [ 37%]
stage-a-cpu (1) / run-cpu	UNKNOWN STEP	2026-09-26T01:44:50.2632250Z tests/fast/backends/training_utils/test_log_utils_metric_reduction.py::test_keys_default_to_mean_without_reduction_map PASSED [ 37%]
stage-a-cpu (1) / run-cpu	UNKNOWN STEP	2026-09-26T01:44:50.2655016Z tests/fast/backends/training_utils/test_log_utils_metric_reduction.py::test_explicit_reduction_selects_extrema PASSED [ 37%]
stage-a-cpu (1) / run-cpu	UNKNOWN STEP	2026-09-26T01:44:50.2677974Z tests/fast/backends/training_utils/test_log_utils_metric_reduction.py::test_sum_count_tuples_ignore_reduction_map PASSED [ 37%]
stage-a-cpu (1) / run-cpu	UNKNOWN STEP	2026-09-26T01:44:50.2702084Z tests/fast/backends/training_utils/test_log_utils_metric_reduction.py::test_mismatched_keys_across_ranks_raise PASSED [ 37%]
stage-a-cpu (1) / run-cpu	UNKNOWN STEP	2026-09-26T01:44:50.2726207Z tests/fast/backends/training_utils/test_log_utils_metric_reduction.py::test_unknown_reduction_name_raises PASSED [ 37%]
stage-a-cpu (1) / run-cpu	UNKNOWN STEP	2026-09-26T01:44:50.2749354Z tests/fast/backends/training_utils/test_log_utils_metric_reduction.py::test_empty_gather_returns_empty_dict PASSED [ 38%]
stage-a-cpu (1) / run-cpu	UNKNOWN STEP	2026-09-26T01:44:50.2776405Z tests/fast/backends/training_utils/test_log_utils_metric_reduction.py::test_log_multi_turn_data_passes_explicit_extrema_reductions PASSED [ 38%]
stage-a-cpu (1) / run-cpu	UNKNOWN STEP	2026-09-26T01:44:50.2818367Z tests/fast/backends/training_utils/test_ppo_gae_masks.py::test_masked_gap_matches_compressed_reference[False] PASSED [ 38%]
stage-a-cpu (1) / run-cpu	UNKNOWN STEP	2026-09-26T01:44:50.2862257Z tests/fast/backends/training_utils/test_ppo_gae_masks.py::test_masked_gap_matches_compressed_reference[True] PASSED [ 38%]
stage-a-cpu (1) / run-cpu	UNKNOWN STEP	2026-09-26T01:44:50.2894498Z tests/fast/backends/training_utils/test_ppo_gae_masks.py::test_gae_carry_crosses_mask_gap_undecayed[1-False] PASSED [ 38%]
stage-a-cpu (1) / run-cpu	UNKNOWN STEP	2026-09-26T01:44:50.2930897Z tests/fast/backends/training_utils/test_ppo_gae_masks.py::test_gae_carry_crosses_mask_gap_undecayed[1-True] PASSED [ 38%]
stage-a-cpu (1) / run-cpu	UNKNOWN STEP	2026-09-26T01:44:50.2962540Z tests/fast/backends/training_utils/test_ppo_gae_masks.py::test_gae_carry_crosses_mask_gap_undecayed[5-False] PASSED [ 38%]
stage-a-cpu (1) / run-cpu	UNKNOWN STEP	2026-09-26T01:44:50.2998025Z tests/fast/backends/training_utils/test_ppo_gae_masks.py::test_gae_carry_crosses_mask_gap_undecayed[5-True] PASSED [ 38%]
stage-a-cpu (1) / run-cpu	UNKNOWN STEP	2026-09-26T01:44:50.3028255Z tests/fast/backends/training_utils/test_ppo_gae_masks.py::test_terminal_reward_on_last_trainable_token[False] PASSED [ 38%]
stage-a-cpu (1) / run-cpu	UNKNOWN STEP	2026-09-26T01:44:50.3060678Z tests/fast/backends/training_utils/test_ppo_gae_masks.py::test_terminal_reward_on_last_trainable_token[True] PASSED [ 38%]
stage-a-cpu (1) / run-cpu	UNKNOWN STEP	2026-09-26T01:44:50.3099786Z tests/fast/backends/training_utils/test_ppo_gae_masks.py::test_fully_masked_sample_yields_zeros[False] PASSED [ 38%]
stage-a-cpu (1) / run-cpu	UNKNOWN STEP	2026-09-26T01:44:50.3142267Z tests/fast/backends/training_utils/test_ppo_gae_masks.py::test_fully_masked_sample_yields_zeros[True] PASSED [ 38%]
stage-a-cpu (1) / run-cpu	UNKNOWN STEP	2026-09-26T01:44:50.3183885Z tests/fast/backends/training_utils/test_ppo_gae_masks.py::test_all_ones_mask_preserves_unmasked_behavior[False] PASSED [ 38%]
stage-a-cpu (1) / run-cpu	UNKNOWN STEP	2026-09-26T01:44:50.3229273Z tests/fast/backends/training_utils/test_ppo_gae_masks.py::test_all_ones_mask_preserves_unmasked_behavior[True] PASSED [ 38%]
stage-a-cpu (1) / run-cpu	UNKNOWN STEP	2026-09-26T01:44:50.3259335Z tests/fast/backends/training_utils/test_ppo_gae_masks.py::test_truncation_uses_zero_bootstrap[False] PASSED [ 38%]
stage-a-cpu (1) / run-cpu	UNKNOWN STEP	2026-09-26T01:44:50.3292691Z tests/fast/backends/training_utils/test_ppo_gae_masks.py::test_truncation_uses_zero_bootstrap[True] PASSED [ 38%]
stage-a-cpu (1) / run-cpu	UNKNOWN STEP	2026-09-26T01:44:50.3317792Z tests/fast/backends/training_utils/test_sampling_mask.py::test_get_rollout_sampling_masks_reconstructs_transport_batch PASSED [ 38%]
stage-a-cpu (1) / run-cpu	UNKNOWN STEP	2026-09-26T01:44:50.3342581Z tests/fast/backends/training_utils/test_sampling_mask.py::test_get_rollout_sampling_masks_requires_complete_transport_batch PASSED [ 38%]
stage-a-cpu (1) / run-cpu	UNKNOWN STEP	2026-09-26T01:44:50.3371807Z tests/fast/backends/training_utils/test_sampling_mask.py::test_build_local_sampling_mask_selects_original_response_rows_and_tp_shard PASSED [ 38%]
stage-a-cpu (1) / run-cpu	UNKNOWN STEP	2026-09-26T01:44:50.3397114Z tests/fast/backends/training_utils/test_sampling_mask.py::test_build_local_sampling_mask_rejects_out_of_range_response_index PASSED [ 38%]
stage-a-cpu (1) / run-cpu	UNKNOWN STEP	2026-09-26T01:44:50.3422635Z tests/fast/backends/training_utils/test_sampling_mask.py::test_build_local_sampling_mask_rejects_row_misalignment PASSED [ 38%]
stage-a-cpu (1) / run-cpu	UNKNOWN STEP	2026-09-26T01:44:50.3447575Z tests/fast/backends/training_utils/test_sampling_mask.py::test_build_local_sampling_mask_skips_selection_for_empty_local_rows PASSED [ 38%]
stage-a-cpu (1) / run-cpu	UNKNOWN STEP	2026-09-26T01:44:50.3473888Z tests/fast/backends/training_utils/test_sampling_mask.py::test_build_local_sampling_mask_validates_malformed_tensor_indices[response_indices0] PASSED [ 38%]
stage-a-cpu (1) / run-cpu	UNKNOWN STEP	2026-09-26T01:44:50.3499771Z tests/fast/backends/training_utils/test_sampling_mask.py::test_build_local_sampling_mask_validates_malformed_tensor_indices[response_indices1] PASSED [ 38%]
stage-a-cpu (1) / run-cpu	UNKNOWN STEP	2026-09-26T01:44:50.3525391Z tests/fast/backends/training_utils/test_sampling_mask.py::test_build_local_sampling_mask_validates_malformed_tensor_indices[response_indices2] PASSED [ 38%]
stage-a-cpu (1) / run-cpu	UNKNOWN STEP	2026-09-26T01:44:50.3555370Z tests/fast/backends/training_utils/test_sampling_mask.py::test_true_on_policy_masks_logprob_but_keeps_full_vocab_entropy PASSED [ 38%]
stage-a-cpu (1) / run-cpu	UNKNOWN STEP	2026-09-26T01:44:50.3584013Z tests/fast/backends/training_utils/test_sampling_mask.py::test_sampling_support_normalization_has_the_expected_actor_gradient PASSED [ 38%]
stage-a-cpu (1) / run-cpu	UNKNOWN STEP	2026-09-26T01:44:50.3614362Z tests/fast/backends/training_utils/test_sampling_mask.py::test_get_log_probs_and_entropy_applies_per_response_sampling_support PASSED [ 38%]
stage-a-cpu (1) / run-cpu	UNKNOWN STEP	2026-09-26T01:44:50.3639490Z tests/fast/backends/training_utils/test_sampling_mask.py::test_get_log_probs_and_entropy_rejects_mask_shorter_than_response PASSED [ 38%]
stage-a-cpu (1) / run-cpu	UNKNOWN STEP	2026-09-26T01:44:50.3665988Z tests/fast/backends/training_utils/test_sampling_mask.py::test_allgather_cp_response_rows_keep_global_response_indices[0-expected_indices0] PASSED [ 38%]
stage-a-cpu (1) / run-cpu	UNKNOWN STEP	2026-09-26T01:44:50.3692601Z tests/fast/backends/training_utils/test_sampling_mask.py::test_allgather_cp_response_rows_keep_global_response_indices[1-expected_indices1] PASSED [ 38%]
stage-a-cpu (1) / run-cpu	UNKNOWN STEP	2026-09-26T01:44:50.3718773Z tests/fast/backends/training_utils/test_sampling_mask.py::test_zigzag_cp_response_rows_keep_global_response_indices[0-expected_indices0] PASSED [ 38%]
stage-a-cpu (1) / run-cpu	UNKNOWN STEP	2026-09-26T01:44:50.3745890Z tests/fast/backends/training_utils/test_sampling_mask.py::test_zigzag_cp_response_rows_keep_global_response_indices[1-expected_indices1] PASSED [ 39%]
stage-a-cpu (1) / run-cpu	UNKNOWN STEP	2026-09-26T01:44:50.3769195Z tests/fast/backends/training_utils/test_ulysses_cp_utils.py::test_parallel_state_detects_ulysses_cp PASSED [ 39%]
stage-a-cpu (1) / run-cpu	UNKNOWN STEP	2026-09-26T01:44:50.3794395Z tests/fast/backends/training_utils/test_ulysses_cp_utils.py::test_slice_with_cp_uses_sequence_shards_for_sglang_ulysses PASSED [ 39%]
stage-a-cpu (1) / run-cpu	UNKNOWN STEP	2026-09-26T01:44:50.3819879Z tests/fast/backends/training_utils/test_ulysses_cp_utils.py::test_slice_log_prob_with_cp_uses_sequence_shards_for_sglang_ulysses PASSED [ 39%]
stage-a-cpu (1) / run-cpu	UNKNOWN STEP	2026-09-26T01:44:50.3845413Z tests/fast/backends/training_utils/test_ulysses_cp_utils.py::test_regular_cp_still_uses_zigzag_response_slice PASSED [ 39%]
stage-a-cpu (1) / run-cpu	UNKNOWN STEP	2026-09-26T01:44:50.3871723Z tests/fast/backends/training_utils/test_ulysses_cp_utils.py::test_local_response_masks_use_sequence_shards_for_sglang_ulysses PASSED [ 39%]
stage-a-cpu (1) / run-cpu	UNKNOWN STEP	2026-09-26T01:44:50.3921103Z tests/fast/backends/training_utils/weight_update/test_cuda_ipc.py::TestConnect::test_connect_splits_clients_and_maps_sparse_gpu_offsets[first_engine] PASSED [ 39%]
stage-a-cpu (1) / run-cpu	UNKNOWN STEP	2026-09-26T01:44:50.3967492Z tests/fast/backends/training_utils/weight_update/test_cuda_ipc.py::TestConnect::test_connect_splits_clients_and_maps_sparse_gpu_offsets[engine_after_sparse_gap] PASSED [ 39%]
stage-a-cpu (1) / run-cpu	UNKNOWN STEP	2026-09-26T01:44:50.4007738Z tests/fast/backends/training_utils/weight_update/test_cuda_ipc.py::TestConnect::test_connect_clears_ipc_state_for_a_placeholder_rank PASSED [ 39%]
stage-a-cpu (1) / run-cpu	UNKNOWN STEP	2026-09-26T01:44:50.4249898Z tests/fast/backends/training_utils/weight_update/test_cuda_ipc.py::TestColocatedBaseSend::test_multiple_colocated_buckets_are_sent_serially_in_source_order PASSED [ 39%]
stage-a-cpu (1) / run-cpu	UNKNOWN STEP	2026-09-26T01:44:50.4352468Z tests/fast/backends/training_utils/weight_update/test_disk_delta_weight_version.py::TestUpdateWeightVersionIfUnset::test_publishes_the_version_to_every_cold_engine PASSED [ 39%]
stage-a-cpu (1) / run-cpu	UNKNOWN STEP	2026-09-26T01:44:50.4378740Z tests/fast/backends/training_utils/weight_update/test_disk_delta_weight_version.py::TestUpdateWeightVersionIfUnset::test_announcing_does_not_abort_running_requests PASSED [ 39%]
stage-a-cpu (1) / run-cpu	UNKNOWN STEP	2026-09-26T01:44:50.4404712Z tests/fast/backends/training_utils/weight_update/test_disk_delta_weight_version.py::TestUpdateWeightVersionIfUnset::test_an_engine_that_never_reported_a_version_is_cold PASSED [ 39%]
stage-a-cpu (1) / run-cpu	UNKNOWN STEP	2026-09-26T01:44:50.4429725Z tests/fast/backends/training_utils/weight_update/test_disk_delta_weight_version.py::TestUpdateWeightVersionIfUnset::test_leaves_an_engine_that_already_serves_a_known_version_alone PASSED [ 39%]
stage-a-cpu (1) / run-cpu	UNKNOWN STEP	2026-09-26T01:44:50.4456604Z tests/fast/backends/training_utils/weight_update/test_disk_delta_weight_version.py::TestUpdateWeightVersionIfUnset::test_announces_only_to_the_engines_that_are_still_cold PASSED [ 39%]
stage-a-cpu (1) / run-cpu	UNKNOWN STEP	2026-09-26T01:44:50.4480819Z tests/fast/backends/training_utils/weight_update/test_disk_delta_weight_version.py::TestUpdateWeightVersionIfUnset::test_no_engines_is_a_noop PASSED [ 39%]
stage-a-cpu (1) / run-cpu	UNKNOWN STEP	2026-09-26T01:44:50.4533810Z tests/fast/backends/training_utils/weight_update/test_p2p_remote_weight_infos.py::test_server_args_from_remote_info_filters_unknown_fields[dataclass] PASSED [ 39%]
stage-a-cpu (1) / run-cpu	UNKNOWN STEP	2026-09-26T01:44:50.4560003Z tests/fast/backends/training_utils/weight_update/test_p2p_remote_weight_infos.py::test_server_args_from_remote_info_filters_unknown_fields[msgspec] PASSED [ 39%]
stage-a-cpu (1) / run-cpu	UNKNOWN STEP	2026-09-26T01:44:50.4598898Z tests/fast/backends/training_utils/weight_update/test_p2p_remote_weight_infos.py::TestQueryRemoteWeightInfos::test_repeated_targets_are_queried_once_each PASSED [ 39%]
stage-a-cpu (1) / run-cpu	UNKNOWN STEP	2026-09-26T01:44:50.4632146Z tests/fast/backends/training_utils/weight_update/test_p2p_remote_weight_infos.py::TestQueryRemoteWeightInfos::test_the_returned_maps_agree_on_every_session_id PASSED [ 39%]
stage-a-cpu (1) / run-cpu	UNKNOWN STEP	2026-09-26T01:44:50.5764105Z tests/fast/dashboard/test_collector.py::test_collector_satisfies_dummy_telemetry_contract PASSED [ 39%]
stage-a-cpu (1) / run-cpu	UNKNOWN STEP	2026-09-26T01:44:50.5808808Z tests/fast/dashboard/test_collector.py::test_push_gpu_processes_round_trips PASSED [ 39%]
stage-a-cpu (1) / run-cpu	UNKNOWN STEP	2026-09-26T01:44:50.5849666Z tests/fast/dashboard/test_collector.py::test_push_data_buffer_round_trips PASSED [ 39%]
stage-a-cpu (1) / run-cpu	UNKNOWN STEP	2026-09-26T01:44:50.5895061Z tests/fast/dashboard/test_collector.py::test_topology_dedup_keeps_changes_only PASSED [ 39%]
stage-a-cpu (1) / run-cpu	UNKNOWN STEP	2026-09-26T01:44:50.7941921Z tests/fast/dashboard/test_collector.py::test_flush_thread_persists_periodically PASSED [ 39%]
stage-a-cpu (1) / run-cpu	UNKNOWN STEP	2026-09-26T01:44:50.7985171Z tests/fast/dashboard/test_collector.py::test_shutdown_flushes_and_stops_scraper PASSED [ 39%]
stage-a-cpu (1) / run-cpu	UNKNOWN STEP	2026-09-26T01:44:50.8022439Z tests/fast/dashboard/test_collector.py::test_auto_scrape_mode_is_direct PASSED [ 39%]
stage-a-cpu (1) / run-cpu	UNKNOWN STEP	2026-09-26T01:44:50.8813288Z tests/fast/dashboard/test_collector.py::test_explicit_router_scrape_mode_is_honoured PASSED [ 39%]
stage-a-cpu (1) / run-cpu	UNKNOWN STEP	2026-09-26T01:44:50.8869961Z tests/fast/dashboard/test_collector.py::test_scraper_repoint PASSED      [ 39%]
stage-a-cpu (1) / run-cpu	UNKNOWN STEP	2026-09-26T01:44:50.8927296Z tests/fast/dashboard/test_collector.py::test_disk_failure_is_loud_and_buffers_stay_bounded PASSED [ 39%]
stage-a-cpu (1) / run-cpu	UNKNOWN STEP	2026-09-26T01:44:50.8967967Z tests/fast/dashboard/test_collector.py::test_prometheus_forwarding_snapshot PASSED [ 39%]
stage-a-cpu (1) / run-cpu	UNKNOWN STEP	2026-09-26T01:44:50.9003943Z tests/fast/dashboard/test_collector.py::test_forwarding_disabled_by_default PASSED [ 39%]
stage-a-cpu (1) / run-cpu	UNKNOWN STEP	2026-09-26T01:44:50.9040197Z tests/fast/dashboard/test_collector.py::test_sampler_reconcile_spawns_late_nodes_and_skips_nvml_less PASSED [ 40%]
stage-a-cpu (1) / run-cpu	UNKNOWN STEP	2026-09-26T01:44:50.9092612Z tests/fast/dashboard/test_collector.py::test_external_engines_synthesized_from_scrapes PASSED [ 40%]
stage-a-cpu (1) / run-cpu	UNKNOWN STEP	2026-09-26T01:44:50.9125344Z tests/fast/dashboard/test_collector.py::TestConstructorContract::test_a_positional_config_is_rejected PASSED [ 40%]
stage-a-cpu (1) / run-cpu	UNKNOWN STEP	2026-09-26T01:44:50.9180161Z tests/fast/dashboard/test_collector.py::TestDefaultSpawnSampler::test_builds_the_gpu_sampler_through_keyword_arguments_only PASSED [ 40%]
stage-a-cpu (1) / run-cpu	UNKNOWN STEP	2026-09-26T01:44:50.9651331Z tests/fast/dashboard/test_dump_reader_views.py::test_summary_matches_hand_computed PASSED [ 40%]
stage-a-cpu (1) / run-cpu	UNKNOWN STEP	2026-09-26T01:44:50.9867027Z tests/fast/dashboard/test_dump_reader_views.py::test_summary_uses_speculative_counters PASSED [ 40%]
stage-a-cpu (1) / run-cpu	UNKNOWN STEP	2026-09-26T01:44:51.0192883Z tests/fast/dashboard/test_dump_reader_views.py::test_summary_removed_sample_has_no_masked_stats PASSED [ 40%]
stage-a-cpu (1) / run-cpu	UNKNOWN STEP	2026-09-26T01:44:51.0519860Z tests/fast/dashboard/test_dump_reader_views.py::test_summary_parquet_cache_hit_and_invalidation PASSED [ 40%]
stage-a-cpu (1) / run-cpu	UNKNOWN STEP	2026-09-26T01:44:51.0921327Z tests/fast/dashboard/test_dump_reader_views.py::test_groups PASSED       [ 40%]
stage-a-cpu (1) / run-cpu	UNKNOWN STEP	2026-09-26T01:44:51.1393427Z tests/fast/dashboard/test_dump_reader_views.py::test_step_aggregates PASSED [ 40%]
stage-a-cpu (1) / run-cpu	UNKNOWN STEP	2026-09-26T01:44:51.1786007Z tests/fast/dashboard/test_dump_reader_views.py::test_tokens_full_range PASSED [ 40%]
stage-a-cpu (1) / run-cpu	UNKNOWN STEP	2026-09-26T01:44:51.2188906Z tests/fast/dashboard/test_dump_reader_views.py::test_tokens_null_the_stats_where_the_loss_is_masked PASSED [ 40%]
stage-a-cpu (1) / run-cpu	UNKNOWN STEP	2026-09-26T01:44:51.2618783Z tests/fast/dashboard/test_dump_reader_views.py::test_tokens_window_straddles_response_boundary PASSED [ 40%]
stage-a-cpu (1) / run-cpu	UNKNOWN STEP	2026-09-26T01:44:51.2927669Z tests/fast/dashboard/test_dump_reader_views.py::test_tokens_decode_via_dumped_tokenizer PASSED [ 40%]
stage-a-cpu (1) / run-cpu	UNKNOWN STEP	2026-09-26T01:44:51.3163823Z tests/fast/dashboard/test_dump_reader_views.py::test_tokens_eval_sample_has_rollout_side_only PASSED [ 40%]
stage-a-cpu (1) / run-cpu	UNKNOWN STEP	2026-09-26T01:44:51.3425794Z tests/fast/dashboard/test_dump_reader_views.py::test_tokens_without_entropy_or_tokenizer PASSED [ 40%]
stage-a-cpu (1) / run-cpu	UNKNOWN STEP	2026-09-26T01:44:51.3773441Z tests/fast/dashboard/test_dump_reader_views.py::test_joined_lru_eviction PASSED [ 40%]
stage-a-cpu (1) / run-cpu	UNKNOWN STEP	2026-09-26T01:44:51.3789851Z tests/fast/dashboard/test_dump_reader_views.py::test_realdata_views SKIPPED [ 40%]
stage-a-cpu (1) / run-cpu	UNKNOWN STEP	2026-09-26T01:44:51.4352127Z tests/fast/dashboard/test_dump_reader_views.py::test_summary_and_tokens_survive_dump_without_log_probs PASSED [ 40%]
stage-a-cpu (1) / run-cpu	UNKNOWN STEP	2026-09-26T01:44:51.4809139Z tests/fast/dashboard/test_dump_reader_views.py::test_staleness_and_agentic_columns PASSED [ 40%]
stage-a-cpu (1) / run-cpu	UNKNOWN STEP	2026-09-26T01:44:51.4853029Z tests/fast/dashboard/test_dump_reader_views.py::test_groups_null_rewards_are_not_zero_std PASSED [ 40%]
stage-a-cpu (1) / run-cpu	UNKNOWN STEP	2026-09-26T01:44:51.5177687Z tests/fast/dashboard/test_dump_reader_views.py::test_summary_columns_declaration_matches_reality PASSED [ 40%]
stage-a-cpu (1) / run-cpu	UNKNOWN STEP	2026-09-26T01:44:51.5766519Z tests/fast/dashboard/test_dump_reader_views.py::test_step_with_no_samples_reads_as_empty_not_broken PASSED [ 40%]
stage-a-cpu (1) / run-cpu	UNKNOWN STEP	2026-09-26T01:44:51.5991071Z tests/fast/dashboard/test_dump_reader_views.py::test_empty_step_survives_the_parquet_cache PASSED [ 40%]
stage-a-cpu (1) / run-cpu	UNKNOWN STEP	2026-09-26T01:44:51.6123533Z tests/fast/dashboard/test_dump_reader_views.py::test_trajectory_occurrences_follow_the_full_sample_order PASSED [ 40%]
stage-a-cpu (1) / run-cpu	UNKNOWN STEP	2026-09-26T01:44:51.6255658Z tests/fast/dashboard/test_dump_reader_views.py::test_trajectory_legacy_sidecar_falls_back_to_file_positions PASSED [ 40%]
stage-a-cpu (1) / run-cpu	UNKNOWN STEP	2026-09-26T01:44:51.6478840Z tests/fast/dashboard/test_dump_reader_views.py::test_pre_fix_columnless_cache_is_not_served PASSED [ 40%]
stage-a-cpu (1) / run-cpu	UNKNOWN STEP	2026-09-26T01:44:51.6502319Z tests/fast/dashboard/test_dump_reader_views.py::test_turns_counts_calls_not_spans PASSED [ 40%]
stage-a-cpu (1) / run-cpu	UNKNOWN STEP	2026-09-26T01:44:51.6526715Z tests/fast/dashboard/test_dump_reader_views.py::test_turns_counts_a_call_that_carried_no_version PASSED [ 40%]
stage-a-cpu (1) / run-cpu	UNKNOWN STEP	2026-09-26T01:44:51.6550656Z tests/fast/dashboard/test_dump_reader_views.py::TestLegacyWeightVersionSummary::test_reads_versions_from_a_pre_span_dump PASSED [ 40%]
stage-a-cpu (1) / run-cpu	UNKNOWN STEP	2026-09-26T01:44:51.6574302Z tests/fast/dashboard/test_dump_reader_views.py::TestLegacyWeightVersionSummary::test_prefers_spans_when_the_dump_has_them PASSED [ 40%]
stage-a-cpu (1) / run-cpu	UNKNOWN STEP	2026-09-26T01:44:51.6597816Z tests/fast/dashboard/test_dump_reader_views.py::TestLegacyWeightVersionSummary::test_reports_nothing_when_the_sample_was_never_stamped PASSED [ 40%]
stage-a-cpu (1) / run-cpu	UNKNOWN STEP	2026-09-26T01:44:51.6621904Z tests/fast/dashboard/test_dump_reader_views.py::TestLegacyWeightVersionSummary::test_repeated_legacy_versions_are_two_turns_but_not_mixed PASSED [ 41%]
stage-a-cpu (1) / run-cpu	UNKNOWN STEP	2026-09-26T01:44:51.6644764Z tests/fast/dashboard/test_dump_reader_views.py::TestCurrentFormatWeightVersionSummary::test_turns_counts_calls_when_every_call_is_unstamped PASSED [ 41%]
stage-a-cpu (1) / run-cpu	UNKNOWN STEP	2026-09-26T01:44:51.6677585Z tests/fast/dashboard/test_dump_reader_views.py::TestCurrentFormatWeightVersionSummary::test_summary_does_not_mark_repeated_current_version_as_mixed PASSED [ 41%]
stage-a-cpu (1) / run-cpu	UNKNOWN STEP	2026-09-26T01:44:51.7033606Z tests/fast/dashboard/test_dump_reader_views.py::TestSummaryCacheVersioning::test_summary_invalidates_v2_cache_after_weight_version_schema_change PASSED [ 41%]
stage-a-cpu (1) / run-cpu	UNKNOWN STEP	2026-09-26T01:44:51.7376246Z tests/fast/dashboard/test_dump_reader_views.py::test_pre_span_dump_survives_the_full_reader_pipeline PASSED [ 41%]
stage-a-cpu (1) / run-cpu	UNKNOWN STEP	2026-09-26T01:44:51.7404556Z tests/fast/dashboard/test_hooks.py::test_phase_sink_batches_by_count PASSED [ 41%]
stage-a-cpu (1) / run-cpu	UNKNOWN STEP	2026-09-26T01:44:51.7430381Z tests/fast/dashboard/test_hooks.py::test_phase_sink_batches_by_time PASSED [ 41%]
stage-a-cpu (1) / run-cpu	UNKNOWN STEP	2026-09-26T01:44:51.7456351Z tests/fast/dashboard/test_hooks.py::test_phase_sink_reresolves_until_rank_known PASSED [ 41%]
stage-a-cpu (1) / run-cpu	UNKNOWN STEP	2026-09-26T01:44:51.7492097Z tests/fast/dashboard/test_hooks.py::test_phase_sink_swallows_push_failures PASSED [ 41%]
stage-a-cpu (1) / run-cpu	UNKNOWN STEP	2026-09-26T01:44:51.7517756Z tests/fast/dashboard/test_hooks.py::test_attach_is_idempotent_and_detach_flushes PASSED [ 41%]
stage-a-cpu (1) / run-cpu	UNKNOWN STEP	2026-09-26T01:44:51.7542126Z tests/fast/dashboard/test_hooks.py::test_register_train_actor_disabled_is_free PASSED [ 41%]
stage-a-cpu (1) / run-cpu	UNKNOWN STEP	2026-09-26T01:44:51.7566468Z tests/fast/dashboard/test_hooks.py::test_register_train_actor_attaches_train_sink PASSED [ 41%]
stage-a-cpu (1) / run-cpu	UNKNOWN STEP	2026-09-26T01:44:51.7600318Z tests/fast/dashboard/test_hooks.py::test_register_engines_groups_multinode_and_dedups PASSED [ 41%]
stage-a-cpu (1) / run-cpu	UNKNOWN STEP	2026-09-26T01:44:51.7630542Z tests/fast/dashboard/test_hooks.py::test_register_engines_skips_dead_cells PASSED [ 41%]
stage-a-cpu (1) / run-cpu	UNKNOWN STEP	2026-09-26T01:44:51.7667150Z tests/fast/dashboard/test_hooks.py::test_register_engines_survives_missing_worker_manager PASSED [ 41%]
stage-a-cpu (1) / run-cpu	UNKNOWN STEP	2026-09-26T01:44:51.7696505Z tests/fast/dashboard/test_hooks.py::test_register_engines_without_collector_is_noop PASSED [ 41%]
stage-a-cpu (1) / run-cpu	UNKNOWN STEP	2026-09-26T01:44:51.7732547Z tests/fast/dashboard/test_hooks.py::test_register_engines_publishes_topology_from_a_running_event_loop PASSED [ 41%]
stage-a-cpu (1) / run-cpu	UNKNOWN STEP	2026-09-26T01:44:51.7763966Z tests/fast/dashboard/test_hooks.py::test_compute_engine_infos_projects_cells_and_workers_exactly PASSED [ 41%]
stage-a-cpu (1) / run-cpu	UNKNOWN STEP	2026-09-26T01:44:51.7794416Z tests/fast/dashboard/test_hooks.py::test_compute_engine_infos_probes_workers_concurrently PASSED [ 41%]
stage-a-cpu (1) / run-cpu	UNKNOWN STEP	2026-09-26T01:44:51.7831988Z tests/fast/dashboard/test_hooks.py::test_register_engines_retries_after_gpu_uuid_probe_failure PASSED [ 41%]
stage-a-cpu (1) / run-cpu	UNKNOWN STEP	2026-09-26T01:44:51.7863200Z tests/fast/dashboard/test_hooks.py::test_register_engines_republishes_on_cell_liveness_transitions PASSED [ 41%]
stage-a-cpu (1) / run-cpu	UNKNOWN STEP	2026-09-26T01:44:51.7887759Z tests/fast/dashboard/test_hooks.py::test_dashboard_log_filters_to_scalars PASSED [ 41%]
stage-a-cpu (1) / run-cpu	UNKNOWN STEP	2026-09-26T01:44:51.7912314Z tests/fast/dashboard/test_hooks.py::test_dashboard_log_without_handle_is_noop PASSED [ 41%]
stage-a-cpu (1) / run-cpu	UNKNOWN STEP	2026-09-26T01:44:51.7937259Z tests/fast/dashboard/test_hooks.py::test_register_router_pushes_resolved_addr PASSED [ 41%]
stage-a-cpu (1) / run-cpu	UNKNOWN STEP	2026-09-26T01:44:51.7961981Z tests/fast/dashboard/test_hooks.py::test_register_router_resolves_the_collector_itself PASSED [ 41%]
stage-a-cpu (1) / run-cpu	UNKNOWN STEP	2026-09-26T01:44:51.7987587Z tests/fast/dashboard/test_hooks.py::test_register_router_before_router_start_is_a_wiring_bug PASSED [ 41%]
stage-a-cpu (1) / run-cpu	UNKNOWN STEP	2026-09-26T01:44:51.8012212Z tests/fast/dashboard/test_hooks.py::test_register_router_without_resolvable_collector_is_noop PASSED [ 41%]
stage-a-cpu (1) / run-cpu	UNKNOWN STEP	2026-09-26T01:44:51.8036311Z tests/fast/dashboard/test_hooks.py::test_register_router_without_dashboard_is_noop PASSED [ 41%]
stage-a-cpu (1) / run-cpu	UNKNOWN STEP	2026-09-26T01:44:51.8060338Z tests/fast/dashboard/test_hooks.py::test_report_data_buffer_pushes_length PASSED [ 41%]
stage-a-cpu (1) / run-cpu	UNKNOWN STEP	2026-09-26T01:44:51.8084357Z tests/fast/dashboard/test_hooks.py::test_report_data_buffer_none_is_noop PASSED [ 41%]
stage-a-cpu (1) / run-cpu	UNKNOWN STEP	2026-09-26T01:44:51.8108448Z tests/fast/dashboard/test_hooks.py::test_report_data_buffer_without_collector_is_noop PASSED [ 41%]
stage-a-cpu (1) / run-cpu	UNKNOWN STEP	2026-09-26T01:44:51.8139412Z tests/fast/dashboard/test_hooks.py::test_report_data_buffer_swallows_push_failures PASSED [ 41%]
stage-a-cpu (1) / run-cpu	UNKNOWN STEP	2026-09-26T01:44:51.8164127Z tests/fast/dashboard/test_hooks.py::test_phase_sink_begin_pushes_open_event_immediately PASSED [ 42%]
stage-a-cpu (1) / run-cpu	UNKNOWN STEP	2026-09-26T01:44:51.8630681Z tests/fast/dashboard/test_server.py::test_meta PASSED                    [ 42%]
stage-a-cpu (1) / run-cpu	UNKNOWN STEP	2026-09-26T01:44:51.9073264Z tests/fast/dashboard/test_server.py::test_meta_reports_latest_data_buffer_length PASSED [ 42%]
stage-a-cpu (1) / run-cpu	UNKNOWN STEP	2026-09-26T01:44:51.9649344Z tests/fast/dashboard/test_server.py::test_advisory_endpoint PASSED       [ 42%]
stage-a-cpu (1) / run-cpu	UNKNOWN STEP	2026-09-26T01:44:51.9673152Z tests/fast/dashboard/test_server.py::test_wandb_url PASSED               [ 42%]
stage-a-cpu (1) / run-cpu	UNKNOWN STEP	2026-09-26T01:44:52.0165568Z tests/fast/dashboard/test_server.py::test_metrics_from_store PASSED      [ 42%]
stage-a-cpu (1) / run-cpu	UNKNOWN STEP	2026-09-26T01:44:52.0628288Z tests/fast/dashboard/test_server.py::test_mfu_and_its_denominator_are_served_together PASSED [ 42%]
stage-a-cpu (1) / run-cpu	UNKNOWN STEP	2026-09-26T01:44:52.1472715Z tests/fast/dashboard/test_server.py::test_metrics_dump_derived PASSED    [ 42%]
stage-a-cpu (1) / run-cpu	UNKNOWN STEP	2026-09-26T01:44:52.2117904Z tests/fast/dashboard/test_server.py::test_summary_and_groups_endpoints PASSED [ 42%]
stage-a-cpu (1) / run-cpu	UNKNOWN STEP	2026-09-26T01:44:52.2822546Z tests/fast/dashboard/test_server.py::test_tokens_endpoint PASSED         [ 42%]
stage-a-cpu (1) / run-cpu	UNKNOWN STEP	2026-09-26T01:44:52.3535419Z tests/fast/dashboard/test_server.py::test_duplicate_tito_leaves_are_independently_viewable PASSED [ 42%]
stage-a-cpu (1) / run-cpu	UNKNOWN STEP	2026-09-26T01:44:52.3968066Z tests/fast/dashboard/test_server.py::test_still_writing_maps_to_503 PASSED [ 42%]
stage-a-cpu (1) / run-cpu	UNKNOWN STEP	2026-09-26T01:44:52.4545830Z tests/fast/dashboard/test_server.py::test_nan_values_serialize_as_null PASSED [ 42%]
stage-a-cpu (1) / run-cpu	UNKNOWN STEP	2026-09-26T01:44:52.5130911Z tests/fast/dashboard/test_server.py::test_static_index PASSED            [ 42%]
stage-a-cpu (1) / run-cpu	UNKNOWN STEP	2026-09-26T01:44:52.5555233Z tests/fast/dashboard/test_server.py::test_dump_keys_advertised_only_without_telemetry PASSED [ 42%]
stage-a-cpu (1) / run-cpu	UNKNOWN STEP	2026-09-26T01:44:52.6409572Z tests/fast/dashboard/test_server.py::test_engine_metric_catalog PASSED   [ 42%]
stage-a-cpu (1) / run-cpu	UNKNOWN STEP	2026-09-26T01:44:52.6867507Z tests/fast/dashboard/test_server.py::test_sample_messages_from_trajectory_sidecar PASSED [ 42%]
stage-a-cpu (1) / run-cpu	UNKNOWN STEP	2026-09-26T01:44:52.8346581Z tests/fast/dashboard/test_server.py::test_make_demo_dir PASSED           [ 42%]
stage-a-cpu (1) / run-cpu	UNKNOWN STEP	2026-09-26T01:44:52.8907313Z tests/fast/dashboard/test_server.py::test_advisory_endpoint_serves_the_mfu_summary_the_rule_used PASSED [ 42%]
stage-a-cpu (1) / run-cpu	UNKNOWN STEP	2026-09-26T01:44:52.8933411Z tests/fast/dashboard/test_trajectory_sink.py::test_attempt_and_gen_events_carry_identity_and_version PASSED [ 42%]
stage-a-cpu (1) / run-cpu	UNKNOWN STEP	2026-09-26T01:44:52.8959175Z tests/fast/dashboard/test_trajectory_sink.py::test_event_without_weight_version_spans_uses_empty_version PASSED [ 42%]
stage-a-cpu (1) / run-cpu	UNKNOWN STEP	2026-09-26T01:44:52.8983914Z tests/fast/dashboard/test_trajectory_sink.py::test_event_uses_last_span_from_multi_span_generation_call PASSED [ 42%]
stage-a-cpu (1) / run-cpu	UNKNOWN STEP	2026-09-26T01:44:52.9009168Z tests/fast/dashboard/test_trajectory_sink.py::test_spans_use_explicit_timestamps_and_turns PASSED [ 42%]
stage-a-cpu (1) / run-cpu	UNKNOWN STEP	2026-09-26T01:44:52.9034332Z tests/fast/dashboard/test_trajectory_sink.py::test_attempt_end_drains_lifecycle_metadata_from_turn_samples PASSED [ 42%]
stage-a-cpu (1) / run-cpu	UNKNOWN STEP	2026-09-26T01:44:52.9064167Z tests/fast/dashboard/test_trajectory_sink.py::test_batching_and_failure_swallowed PASSED [ 42%]
stage-a-cpu (1) / run-cpu	UNKNOWN STEP	2026-09-26T01:44:52.9089603Z tests/fast/dashboard/test_trajectory_sink.py::test_attach_detach_via_lifecycle_seam PASSED [ 42%]
stage-a-cpu (1) / run-cpu	UNKNOWN STEP	2026-09-26T01:44:52.9137500Z tests/fast/dashboard/test_trajectory_sink.py::test_trajectory_events_roundtrip_store PASSED [ 42%]
stage-a-cpu (1) / run-cpu	UNKNOWN STEP	2026-09-26T01:44:52.9174966Z tests/fast/e2e/ft/test_execution.py::TestGetCommonTrainArgs::test_a_colocated_real_rollout_mode_emits_the_colocate_flag PASSED [ 42%]
stage-a-cpu (1) / run-cpu	UNKNOWN STEP	2026-09-26T01:44:52.9209488Z tests/fast/e2e/ft/test_execution.py::TestGetCommonTrainArgs::test_a_disaggregated_real_rollout_mode_omits_the_colocate_flag PASSED [ 42%]
stage-a-cpu (1) / run-cpu	UNKNOWN STEP	2026-09-26T01:44:52.9244190Z tests/fast/e2e/ft/test_execution.py::TestGetCommonTrainArgs::test_a_debug_rollout_mode_omits_the_colocate_flag_even_when_the_mode_is_colocated PASSED [ 42%]
stage-a-cpu (1) / run-cpu	UNKNOWN STEP	2026-09-26T01:44:52.9268736Z tests/fast/e2e/ft/test_execution.py::TestGetFtArgs::test_a_rollout_only_ft_mode_propagates_the_rollout_component_and_api_server_port PASSED [ 42%]
stage-a-cpu (1) / run-cpu	UNKNOWN STEP	2026-09-26T01:44:52.9292891Z tests/fast/e2e/ft/test_execution.py::TestGetFtArgs::test_a_trainer_ft_mode_propagates_the_train_component PASSED [ 42%]
stage-a-cpu (1) / run-cpu	UNKNOWN STEP	2026-09-26T01:44:52.9337365Z tests/fast/e2e/ft/test_scenario_ft_random.py::TestAssertHealing::test_trainer_soak_rejects_missing_reconfigure_witness PASSED [ 43%]
stage-a-cpu (1) / run-cpu	UNKNOWN STEP	2026-09-26T01:44:52.9373460Z tests/fast/e2e/ft/test_scenario_ft_random.py::TestAssertHealing::test_rollout_soak_rejects_unfinished_engine_recovery PASSED [ 43%]
stage-a-cpu (1) / run-cpu	UNKNOWN STEP	2026-09-26T01:44:52.9402723Z tests/fast/examples/experimental/harbor/test_launch_common.py::test_env_type_is_required PASSED [ 43%]
stage-a-cpu (1) / run-cpu	UNKNOWN STEP	2026-09-26T01:44:52.9429003Z tests/fast/examples/experimental/harbor/test_launch_common.py::test_docker_is_refused_with_a_pointer_to_the_agent_server PASSED [ 43%]
stage-a-cpu (1) / run-cpu	UNKNOWN STEP	2026-09-26T01:44:52.9454369Z tests/fast/examples/experimental/harbor/test_launch_common.py::test_missing_harbor_names_the_install PASSED [ 43%]
stage-a-cpu (1) / run-cpu	UNKNOWN STEP	2026-09-26T01:44:52.9495248Z tests/fast/examples/experimental/harbor/test_launch_common.py::test_known_provider_is_provisioned_by_key_path PASSED [ 43%]
stage-a-cpu (1) / run-cpu	UNKNOWN STEP	2026-09-26T01:44:52.9522562Z tests/fast/examples/experimental/harbor/test_launch_common.py::test_unknown_provider_passes_through_with_a_notice PASSED [ 43%]
stage-a-cpu (1) / run-cpu	UNKNOWN STEP	2026-09-26T01:44:52.9552367Z tests/fast/examples/experimental/harbor/test_launch_common.py::test_env_kwargs_and_server_knobs_are_forwarded_when_set PASSED [ 43%]
stage-a-cpu (1) / run-cpu	UNKNOWN STEP	2026-09-26T01:44:52.9583017Z tests/fast/examples/experimental/harbor/test_launch_common.py::test_agentic_wiring_is_the_shipped_wiring PASSED [ 43%]
stage-a-cpu (1) / run-cpu	UNKNOWN STEP	2026-09-26T01:44:52.9608892Z tests/fast/examples/experimental/openenv/test_openenv_e2b_agent_function.py::test_start_hook_creates_per_task_and_closes_by_killing PASSED [ 43%]
stage-a-cpu (1) / run-cpu	UNKNOWN STEP	2026-09-26T01:44:52.9645132Z tests/fast/examples/experimental/openenv/test_openenv_e2b_agent_function.py::test_is_throttle_error_classification PASSED [ 43%]
stage-a-cpu (1) / run-cpu	UNKNOWN STEP	2026-09-26T01:44:52.9681274Z tests/fast/examples/experimental/openenv/test_openenv_e2b_agent_function.py::test_is_throttle_error_extra_patterns_env PASSED [ 43%]
stage-a-cpu (1) / run-cpu	UNKNOWN STEP	2026-09-26T01:44:52.9710010Z tests/fast/examples/experimental/openenv/test_openenv_e2b_agent_function.py::test_is_throttle_error_typed_e2b_class SKIPPED [ 43%]
stage-a-cpu (1) / run-cpu	UNKNOWN STEP	2026-09-26T01:44:52.9734287Z tests/fast/examples/experimental/openenv/test_openenv_e2b_agent_function.py::test_is_throttle_error_without_the_sdk_installed PASSED [ 43%]
stage-a-cpu (1) / run-cpu	UNKNOWN STEP	2026-09-26T01:44:52.9757822Z tests/fast/examples/experimental/openenv/test_tb2_sandbox_daytona.py::test_sandbox_labels_default_to_unix_user PASSED [ 43%]
stage-a-cpu (1) / run-cpu	UNKNOWN STEP	2026-09-26T01:44:52.9781769Z tests/fast/examples/experimental/openenv/test_tb2_sandbox_daytona.py::test_sandbox_labels_explicit_launcher_and_run_id PASSED [ 43%]
stage-a-cpu (1) / run-cpu	UNKNOWN STEP	2026-09-26T01:44:52.9805667Z tests/fast/examples/experimental/openenv/test_tb2_sandbox_daytona.py::test_make_daytona_reuses_one_client PASSED [ 43%]
stage-a-cpu (1) / run-cpu	UNKNOWN STEP	2026-09-26T01:44:52.9839277Z tests/fast/examples/experimental/openenv/test_tb2_sandbox_daytona.py::test_resolve_api_key_env_value_wins PASSED [ 43%]
stage-a-cpu (1) / run-cpu	UNKNOWN STEP	2026-09-26T01:44:52.9873780Z tests/fast/examples/experimental/openenv/test_tb2_sandbox_daytona.py::test_resolve_api_key_falls_back_to_file PASSED [ 43%]
stage-a-cpu (1) / run-cpu	UNKNOWN STEP	2026-09-26T01:44:52.9909215Z tests/fast/examples/experimental/openenv/test_tb2_sandbox_daytona.py::test_resolve_api_key_default_path_under_home PASSED [ 43%]
stage-a-cpu (1) / run-cpu	UNKNOWN STEP	2026-09-26T01:44:52.9943040Z tests/fast/examples/experimental/openenv/test_tb2_sandbox_daytona.py::test_resolve_api_key_errors_when_absent PASSED [ 43%]
stage-a-cpu (1) / run-cpu	UNKNOWN STEP	2026-09-26T01:44:52.9966620Z tests/fast/examples/experimental/openenv/test_tb2_sandbox_daytona.py::test_create_arms_ttl_by_default PASSED [ 43%]
stage-a-cpu (1) / run-cpu	UNKNOWN STEP	2026-09-26T01:44:53.1204929Z tests/fast/examples/experimental/openenv/test_tb2_sandbox_daytona.py::test_keepalive_beats_then_exits_on_persistent_failure PASSED [ 43%]
stage-a-cpu (1) / run-cpu	UNKNOWN STEP	2026-09-26T01:44:53.1241595Z tests/fast/examples/experimental/terminus_compaction/test_run.py::test_recipe_enables_compaction_aware_session_training PASSED [ 43%]
stage-a-cpu (1) / run-cpu	UNKNOWN STEP	2026-09-26T01:44:53.1279586Z tests/fast/examples/experimental/terminus_compaction/test_run.py::test_recipe_records_dashboard_traces_and_honors_gpu_count PASSED [ 43%]
stage-a-cpu (1) / run-cpu	UNKNOWN STEP	2026-09-26T01:44:53.1315640Z tests/fast/examples/experimental/terminus_compaction/test_run.py::test_session_bind_override_is_optional PASSED [ 43%]
stage-a-cpu (1) / run-cpu	UNKNOWN STEP	2026-09-26T01:44:53.1340908Z tests/fast/examples/experimental/terminus_compaction/test_run.py::test_agent_runtime_environment_reuses_harbor_adapters PASSED [ 43%]
stage-a-cpu (1) / run-cpu	UNKNOWN STEP	2026-09-26T01:44:53.1365731Z tests/fast/examples/experimental/terminus_compaction/test_run.py::test_agent_runtime_environment_omits_optional_hosts PASSED [ 43%]
stage-a-cpu (1) / run-cpu	UNKNOWN STEP	2026-09-26T01:44:53.1473338Z tests/fast/examples/infra_features/p2p_weight_transfer/test_run.py::test_model_args_env_is_empty_when_the_profile_pins_no_rotary_base PASSED [ 43%]
stage-a-cpu (1) / run-cpu	UNKNOWN STEP	2026-09-26T01:44:53.1497161Z tests/fast/examples/infra_features/p2p_weight_transfer/test_run.py::test_model_args_env_carries_the_rotary_base_a_profile_pins PASSED [ 43%]
stage-a-cpu (1) / run-cpu	UNKNOWN STEP	2026-09-26T01:44:53.1833050Z tests/fast/examples/infra_features/p2p_weight_transfer/test_run.py::test_a_pinned_rotary_base_reaches_the_expanded_model_args[Qwen3-235B-A22B-Instruct-2507] PASSED [ 43%]
stage-a-cpu (1) / run-cpu	UNKNOWN STEP	2026-09-26T01:44:53.2155193Z tests/fast/examples/infra_features/p2p_weight_transfer/test_run.py::test_a_pinned_rotary_base_reaches_the_expanded_model_args[Qwen3-30B-A3B] PASSED [ 43%]
stage-a-cpu (1) / run-cpu	UNKNOWN STEP	2026-09-26T01:44:53.2472506Z tests/fast/examples/infra_features/p2p_weight_transfer/test_run.py::test_a_pinned_rotary_base_reaches_the_expanded_model_args[GLM-4.5-Air] PASSED [ 44%]
stage-a-cpu (1) / run-cpu	UNKNOWN STEP	2026-09-26T01:44:53.2777694Z tests/fast/examples/infra_features/p2p_weight_transfer/test_run.py::test_every_profile_expands_to_a_usable_argv[GLM-4.5-Air] PASSED [ 44%]
stage-a-cpu (1) / run-cpu	UNKNOWN STEP	2026-09-26T01:44:53.3101207Z tests/fast/examples/infra_features/p2p_weight_transfer/test_run.py::test_every_profile_expands_to_a_usable_argv[GLM-4.7-Flash] PASSED [ 44%]
stage-a-cpu (1) / run-cpu	UNKNOWN STEP	2026-09-26T01:44:53.3409715Z tests/fast/examples/infra_features/p2p_weight_transfer/test_run.py::test_every_profile_expands_to_a_usable_argv[Qwen3-235B-A22B-Instruct-2507] PASSED [ 44%]
stage-a-cpu (1) / run-cpu	UNKNOWN STEP	2026-09-26T01:44:53.3715095Z tests/fast/examples/infra_features/p2p_weight_transfer/test_run.py::test_every_profile_expands_to_a_usable_argv[Qwen3-30B-A3B] PASSED [ 44%]
stage-a-cpu (1) / run-cpu	UNKNOWN STEP	2026-09-26T01:44:53.4031501Z tests/fast/examples/infra_features/p2p_weight_transfer/test_run.py::test_every_profile_expands_to_a_usable_argv[Qwen3-4B] PASSED [ 44%]
stage-a-cpu (1) / run-cpu	UNKNOWN STEP	2026-09-26T01:44:53.4588822Z tests/fast/launch_scripts/test_sh_harness.py::TestRunLaunchScriptOnARealScript::test_script_runs_to_completion_without_touching_the_real_system PASSED [ 44%]
stage-a-cpu (1) / run-cpu	UNKNOWN STEP	2026-09-26T01:44:53.5136070Z tests/fast/launch_scripts/test_sh_harness.py::TestRunLaunchScriptOnARealScript::test_destructive_commands_are_intercepted_instead_of_executed PASSED [ 44%]
stage-a-cpu (1) / run-cpu	UNKNOWN STEP	2026-09-26T01:44:53.5699710Z tests/fast/launch_scripts/test_sh_harness.py::TestRunLaunchScriptOnARealScript::test_ray_start_is_recorded_with_the_frozen_master_addr PASSED [ 44%]
stage-a-cpu (1) / run-cpu	UNKNOWN STEP	2026-09-26T01:44:53.6251325Z tests/fast/launch_scripts/test_sh_harness.py::TestRunLaunchScriptOnARealScript::test_ray_job_submit_argv_contains_the_expanded_model_args PASSED [ 44%]
stage-a-cpu (1) / run-cpu	UNKNOWN STEP	2026-09-26T01:44:53.6803918Z tests/fast/launch_scripts/test_sh_harness.py::TestRunLaunchScriptOnARealScript::test_nvlink_detection_is_frozen_to_absent PASSED [ 44%]
stage-a-cpu (1) / run-cpu	UNKNOWN STEP	2026-09-26T01:44:53.7875639Z tests/fast/launch_scripts/test_sh_harness.py::TestRunLaunchScriptOnARealScript::test_reruns_produce_identical_recordings PASSED [ 44%]
stage-a-cpu (1) / run-cpu	UNKNOWN STEP	2026-09-26T01:44:53.8016905Z tests/fast/launch_scripts/test_sh_harness.py::TestRunLaunchScriptOnABackgroundingScript::test_a_backgrounded_command_is_still_recorded PASSED [ 44%]
stage-a-cpu (1) / run-cpu	UNKNOWN STEP	2026-09-26T01:44:53.8156918Z tests/fast/launch_scripts/test_sh_harness.py::TestRunLaunchScriptOnABackgroundingScript::test_backgrounding_does_not_perturb_the_recorded_order[0] PASSED [ 44%]
stage-a-cpu (1) / run-cpu	UNKNOWN STEP	2026-09-26T01:44:53.8302282Z tests/fast/launch_scripts/test_sh_harness.py::TestRunLaunchScriptOnABackgroundingScript::test_backgrounding_does_not_perturb_the_recorded_order[1] PASSED [ 44%]
stage-a-cpu (1) / run-cpu	UNKNOWN STEP	2026-09-26T01:44:53.8442345Z tests/fast/launch_scripts/test_sh_harness.py::TestRunLaunchScriptOnABackgroundingScript::test_backgrounding_does_not_perturb_the_recorded_order[2] PASSED [ 44%]
stage-a-cpu (1) / run-cpu	UNKNOWN STEP	2026-09-26T01:44:53.8583696Z tests/fast/launch_scripts/test_sh_harness.py::TestRunLaunchScriptOnABackgroundingScript::test_backgrounding_does_not_perturb_the_recorded_order[3] PASSED [ 44%]
stage-a-cpu (1) / run-cpu	UNKNOWN STEP	2026-09-26T01:44:53.8722017Z tests/fast/launch_scripts/test_sh_harness.py::TestRunLaunchScriptOnABackgroundingScript::test_backgrounding_does_not_perturb_the_recorded_order[4] PASSED [ 44%]
stage-a-cpu (1) / run-cpu	UNKNOWN STEP	2026-09-26T01:44:53.8860891Z tests/fast/launch_scripts/test_sh_harness.py::TestRunLaunchScriptOnABackgroundingScript::test_backgrounding_does_not_perturb_the_recorded_order[5] PASSED [ 44%]
stage-a-cpu (1) / run-cpu	UNKNOWN STEP	2026-09-26T01:44:53.9001170Z tests/fast/launch_scripts/test_sh_harness.py::TestRunLaunchScriptOnABackgroundingScript::test_backgrounding_does_not_perturb_the_recorded_order[6] PASSED [ 44%]
stage-a-cpu (1) / run-cpu	UNKNOWN STEP	2026-09-26T01:44:53.9141327Z tests/fast/launch_scripts/test_sh_harness.py::TestRunLaunchScriptOnABackgroundingScript::test_backgrounding_does_not_perturb_the_recorded_order[7] PASSED [ 44%]
stage-a-cpu (1) / run-cpu	UNKNOWN STEP	2026-09-26T01:44:53.9281807Z tests/fast/launch_scripts/test_sh_harness.py::TestRunLaunchScriptOnABackgroundingScript::test_backgrounding_does_not_perturb_the_recorded_order[8] PASSED [ 44%]
stage-a-cpu (1) / run-cpu	UNKNOWN STEP	2026-09-26T01:44:53.9420875Z tests/fast/launch_scripts/test_sh_harness.py::TestRunLaunchScriptOnABackgroundingScript::test_backgrounding_does_not_perturb_the_recorded_order[9] PASSED [ 44%]
stage-a-cpu (1) / run-cpu	UNKNOWN STEP	2026-09-26T01:44:53.9560053Z tests/fast/launch_scripts/test_sh_harness.py::TestRunLaunchScriptOnABackgroundingScript::test_backgrounding_does_not_perturb_the_recorded_order[10] PASSED [ 44%]
stage-a-cpu (1) / run-cpu	UNKNOWN STEP	2026-09-26T01:44:53.9699357Z tests/fast/launch_scripts/test_sh_harness.py::TestRunLaunchScriptOnABackgroundingScript::test_backgrounding_does_not_perturb_the_recorded_order[11] PASSED [ 44%]
stage-a-cpu (1) / run-cpu	UNKNOWN STEP	2026-09-26T01:44:53.9839274Z tests/fast/launch_scripts/test_sh_harness.py::TestRunLaunchScriptOnABackgroundingScript::test_backgrounding_does_not_perturb_the_recorded_order[12] PASSED [ 44%]
stage-a-cpu (1) / run-cpu	UNKNOWN STEP	2026-09-26T01:44:53.9977911Z tests/fast/launch_scripts/test_sh_harness.py::TestRunLaunchScriptOnABackgroundingScript::test_backgrounding_does_not_perturb_the_recorded_order[13] PASSED [ 44%]
stage-a-cpu (1) / run-cpu	UNKNOWN STEP	2026-09-26T01:44:54.0119838Z tests/fast/launch_scripts/test_sh_harness.py::TestRunLaunchScriptOnABackgroundingScript::test_backgrounding_does_not_perturb_the_recorded_order[14] PASSED [ 44%]
stage-a-cpu (1) / run-cpu	UNKNOWN STEP	2026-09-26T01:44:54.0258004Z tests/fast/launch_scripts/test_sh_harness.py::TestRunLaunchScriptOnABackgroundingScript::test_backgrounding_does_not_perturb_the_recorded_order[15] PASSED [ 44%]
stage-a-cpu (1) / run-cpu	UNKNOWN STEP	2026-09-26T01:44:54.0399164Z tests/fast/launch_scripts/test_sh_harness.py::TestRunLaunchScriptOnABackgroundingScript::test_backgrounding_does_not_perturb_the_recorded_order[16] PASSED [ 44%]
stage-a-cpu (1) / run-cpu	UNKNOWN STEP	2026-09-26T01:44:54.0539412Z tests/fast/launch_scripts/test_sh_harness.py::TestRunLaunchScriptOnABackgroundingScript::test_backgrounding_does_not_perturb_the_recorded_order[17] PASSED [ 44%]
stage-a-cpu (1) / run-cpu	UNKNOWN STEP	2026-09-26T01:44:54.0678365Z tests/fast/launch_scripts/test_sh_harness.py::TestRunLaunchScriptOnABackgroundingScript::test_backgrounding_does_not_perturb_the_recorded_order[18] PASSED [ 44%]
stage-a-cpu (1) / run-cpu	UNKNOWN STEP	2026-09-26T01:44:54.0817940Z tests/fast/launch_scripts/test_sh_harness.py::TestRunLaunchScriptOnABackgroundingScript::test_backgrounding_does_not_perturb_the_recorded_order[19] PASSED [ 45%]
stage-a-cpu (1) / run-cpu	UNKNOWN STEP	2026-09-26T01:44:54.0852245Z tests/fast/launch_scripts/test_sh_harness.py::TestRunLaunchScriptOnABackgroundingScript::test_records_are_ordered_by_the_fork_that_made_them_not_by_arrival PASSED [ 45%]
stage-a-cpu (1) / run-cpu	UNKNOWN STEP	2026-09-26T01:44:54.0996481Z tests/fast/launch_scripts/test_sh_harness.py::TestRunLaunchScriptOnABackgroundingScript::test_a_command_backgrounded_inside_a_substitution_does_not_hang_the_run PASSED [ 45%]
stage-a-cpu (1) / run-cpu	UNKNOWN STEP	2026-09-26T01:44:54.1048960Z tests/fast/launch_scripts/test_sh_harness.py::TestRunLaunchScriptEnvironmentFreeze::test_extra_env_may_not_shadow_a_frozen_variable PASSED [ 45%]
stage-a-cpu (1) / run-cpu	UNKNOWN STEP	2026-09-26T01:44:54.1100997Z tests/fast/launch_scripts/test_sh_harness.py::TestRunLaunchScriptEnvironmentFreeze::test_extra_env_may_not_shadow_the_capture_channel PASSED [ 45%]
stage-a-cpu (1) / run-cpu	UNKNOWN STEP	2026-09-26T01:44:54.1652344Z tests/fast/launch_scripts/test_sh_harness.py::TestRunLaunchScriptEnvironmentFreeze::test_extra_env_may_still_supply_a_variable_the_harness_does_not_own PASSED [ 45%]
stage-a-cpu (1) / run-cpu	UNKNOWN STEP	2026-09-26T01:44:54.1819479Z tests/fast/launch_scripts/test_sh_harness.py::TestRunLaunchScriptOnTheShimEdgeCases::test_a_gpu_wait_loop_leaves_on_its_first_poll PASSED [ 45%]
stage-a-cpu (1) / run-cpu	UNKNOWN STEP	2026-09-26T01:44:54.1984084Z tests/fast/launch_scripts/test_sh_harness.py::TestRunLaunchScriptOnTheShimEdgeCases::test_downloads_and_torchrun_are_intercepted PASSED [ 45%]
stage-a-cpu (1) / run-cpu	UNKNOWN STEP	2026-09-26T01:44:54.2152171Z tests/fast/launch_scripts/test_sh_harness.py::TestRunLaunchScriptOnTheShimEdgeCases::test_a_repo_path_inside_argv_becomes_a_placeholder PASSED [ 45%]
stage-a-cpu (1) / run-cpu	UNKNOWN STEP	2026-09-26T01:44:54.2212061Z tests/fast/models/test_kimi_k3_lora.py::test_native_export_is_chunked_by_adapter[True] PASSED [ 45%]
stage-a-cpu (1) / run-cpu	UNKNOWN STEP	2026-09-26T01:44:54.2251230Z tests/fast/models/test_kimi_k3_lora.py::test_native_export_is_chunked_by_adapter[False] PASSED [ 45%]
stage-a-cpu (1) / run-cpu	UNKNOWN STEP	2026-09-26T01:44:54.2277619Z tests/fast/models/test_kimi_k3_lora.py::test_native_target_resolution_rejects_unsupported_layout[missing] PASSED [ 45%]
stage-a-cpu (1) / run-cpu	UNKNOWN STEP	2026-09-26T01:44:54.2304440Z tests/fast/models/test_kimi_k3_lora.py::test_native_target_resolution_rejects_unsupported_layout[extra] PASSED [ 45%]
stage-a-cpu (1) / run-cpu	UNKNOWN STEP	2026-09-26T01:44:54.2330653Z tests/fast/models/test_kimi_k3_lora.py::test_native_target_resolution_rejects_unsupported_layout[canonical] PASSED [ 45%]
stage-a-cpu (1) / run-cpu	UNKNOWN STEP	2026-09-26T01:44:54.2357263Z tests/fast/models/test_kimi_k3_lora.py::test_native_target_resolution_rejects_unsupported_layout[per-expert] PASSED [ 45%]
stage-a-cpu (1) / run-cpu	UNKNOWN STEP	2026-09-26T01:44:54.2391036Z tests/fast/models/test_kimi_k3_lora.py::test_native_export_rejects_missing_shared_expert_adapter PASSED [ 45%]
stage-a-cpu (1) / run-cpu	UNKNOWN STEP	2026-09-26T01:44:54.2418673Z tests/fast/models/test_kimi_k3_lora.py::test_grouped_linear_uses_expert_token_boundaries PASSED [ 45%]
stage-a-cpu (1) / run-cpu	UNKNOWN STEP	2026-09-26T01:44:54.2454721Z tests/fast/models/test_kimi_k3_lora.py::test_full_recompute_keeps_native_lora_in_autograd_graph PASSED [ 45%]
stage-a-cpu (1) / run-cpu	UNKNOWN STEP	2026-09-26T01:44:54.2494255Z tests/fast/optimizers/test_nvme_stream.py::test_disk_buffer_matches_shape_and_dtype_and_is_not_pinned PASSED [ 45%]
stage-a-cpu (1) / run-cpu	UNKNOWN STEP	2026-09-26T01:44:54.2531609Z tests/fast/optimizers/test_nvme_stream.py::test_disk_buffer_round_trip_is_bit_exact PASSED [ 45%]
stage-a-cpu (1) / run-cpu	UNKNOWN STEP	2026-09-26T01:44:54.2567957Z tests/fast/optimizers/test_nvme_stream.py::test_disk_buffer_leaves_no_file_behind PASSED [ 45%]
stage-a-cpu (1) / run-cpu	UNKNOWN STEP	2026-09-26T01:44:54.2604628Z tests/fast/optimizers/test_nvme_stream.py::test_disk_buffer_is_recognized_as_already_managed PASSED [ 45%]
stage-a-cpu (1) / run-cpu	UNKNOWN STEP	2026-09-26T01:44:54.2720057Z tests/fast/optimizers/test_nvme_stream.py::test_flush_mapping_covers_the_buffer_and_repeats_cheaply PASSED [ 45%]
stage-a-cpu (1) / run-cpu	UNKNOWN STEP	2026-09-26T01:44:54.2756115Z tests/fast/optimizers/test_nvme_stream.py::test_reserve_sizes_the_file PASSED [ 45%]
stage-a-cpu (1) / run-cpu	UNKNOWN STEP	2026-09-26T01:44:54.2793834Z tests/fast/optimizers/test_nvme_stream.py::test_disk_buffer_preserves_dtype[dtype0] PASSED [ 45%]
stage-a-cpu (1) / run-cpu	UNKNOWN STEP	2026-09-26T01:44:54.2831912Z tests/fast/optimizers/test_nvme_stream.py::test_disk_buffer_preserves_dtype[dtype1] PASSED [ 45%]
stage-a-cpu (1) / run-cpu	UNKNOWN STEP	2026-09-26T01:44:54.2910059Z tests/fast/ray/rollout/test_debug_data.py::TestRoundTrip::test_train_path_round_trip PASSED [ 45%]
stage-a-cpu (1) / run-cpu	UNKNOWN STEP	2026-09-26T01:44:54.2995894Z tests/fast/ray/rollout/test_debug_data.py::TestRoundTrip::test_metadata_round_trip PASSED [ 45%]
stage-a-cpu (1) / run-cpu	UNKNOWN STEP	2026-09-26T01:44:54.3044978Z tests/fast/ray/rollout/test_debug_data.py::TestRoundTrip::test_load_file_without_metadata_key_returns_empty_metadata PASSED [ 45%]
stage-a-cpu (1) / run-cpu	UNKNOWN STEP	2026-09-26T01:44:54.3115063Z tests/fast/ray/rollout/test_debug_data.py::TestRoundTrip::test_evaluation_path_round_trip_flattens_dataset_dict PASSED [ 45%]
stage-a-cpu (1) / run-cpu	UNKNOWN STEP	2026-09-26T01:44:54.3169293Z tests/fast/ray/rollout/test_debug_data.py::TestRoundTrip::test_save_creates_parent_dirs PASSED [ 45%]
stage-a-cpu (1) / run-cpu	UNKNOWN STEP	2026-09-26T01:44:54.3206212Z tests/fast/ray/rollout/test_debug_data.py::TestRoundTrip::test_save_does_nothing_when_template_is_none PASSED [ 45%]
stage-a-cpu (1) / run-cpu	UNKNOWN STEP	2026-09-26T01:44:54.3281166Z tests/fast/ray/rollout/test_debug_data.py::TestSubsample::test_ratio_one_returns_full_data PASSED [ 46%]
stage-a-cpu (1) / run-cpu	UNKNOWN STEP	2026-09-26T01:44:54.3363132Z tests/fast/ray/rollout/test_debug_data.py::TestSubsample::test_ratio_half_takes_first_and_last_chunks PASSED [ 46%]
stage-a-cpu (1) / run-cpu	UNKNOWN STEP	2026-09-26T01:44:54.3397143Z tests/fast/ray/rollout/test_debug_data.py::TestShouldInjectRolloutData::test_false_when_injection_not_configured PASSED [ 46%]
stage-a-cpu (1) / run-cpu	UNKNOWN STEP	2026-09-26T01:44:54.3434156Z tests/fast/ray/rollout/test_debug_data.py::TestShouldInjectRolloutData::test_injects_only_at_or_after_start_rollout_id[2-False] PASSED [ 46%]
stage-a-cpu (1) / run-cpu	UNKNOWN STEP	2026-09-26T01:44:54.3472117Z tests/fast/ray/rollout/test_debug_data.py::TestShouldInjectRolloutData::test_injects_only_at_or_after_start_rollout_id[3-True] PASSED [ 46%]
stage-a-cpu (1) / run-cpu	UNKNOWN STEP	2026-09-26T01:44:54.3507746Z tests/fast/ray/rollout/test_debug_data.py::TestShouldInjectRolloutData::test_injects_only_at_or_after_start_rollout_id[4-True] PASSED [ 46%]
stage-a-cpu (1) / run-cpu	UNKNOWN STEP	2026-09-26T01:44:54.3576443Z tests/fast/ray/rollout/test_debug_data.py::TestLoadInjectedRolloutData::test_round_trip_returns_samples_and_metadata PASSED [ 46%]
stage-a-cpu (1) / run-cpu	UNKNOWN STEP	2026-09-26T01:44:54.3621667Z tests/fast/ray/rollout/test_debug_data.py::TestLoadInjectedRolloutData::test_missing_recording_fails_loudly PASSED [ 46%]
stage-a-cpu (1) / run-cpu	UNKNOWN STEP	2026-09-26T01:44:54.3658813Z tests/fast/ray/rollout/test_debug_data.py::TestAssertInjectedRolloutDataMatchesGenerated::test_identical_data_passes PASSED [ 46%]
stage-a-cpu (1) / run-cpu	UNKNOWN STEP	2026-09-26T01:44:54.3693311Z tests/fast/ray/rollout/test_debug_data.py::TestAssertInjectedRolloutDataMatchesGenerated::test_few_flipped_tokens_pass PASSED [ 46%]
stage-a-cpu (1) / run-cpu	UNKNOWN STEP	2026-09-26T01:44:54.3728922Z tests/fast/ray/rollout/test_debug_data.py::TestAssertInjectedRolloutDataMatchesGenerated::test_threshold_comes_from_args PASSED [ 46%]
stage-a-cpu (1) / run-cpu	UNKNOWN STEP	2026-09-26T01:44:54.3765159Z tests/fast/ray/rollout/test_debug_data.py::TestAssertInjectedRolloutDataMatchesGenerated::test_mostly_diverged_responses_fail PASSED [ 46%]
stage-a-cpu (1) / run-cpu	UNKNOWN STEP	2026-09-26T01:44:54.3800164Z tests/fast/ray/rollout/test_debug_data.py::TestAssertInjectedRolloutDataMatchesGenerated::test_length_divergence_counts_as_mismatch PASSED [ 46%]
stage-a-cpu (1) / run-cpu	UNKNOWN STEP	2026-09-26T01:44:54.3837188Z tests/fast/ray/rollout/test_debug_data.py::TestAssertInjectedRolloutDataMatchesGenerated::test_prompt_mismatch_fails_as_wiring_error PASSED [ 46%]
stage-a-cpu (1) / run-cpu	UNKNOWN STEP	2026-09-26T01:44:54.3872996Z tests/fast/ray/rollout/test_debug_data.py::TestAssertInjectedRolloutDataMatchesGenerated::test_sample_count_mismatch_fails PASSED [ 46%]
stage-a-cpu (1) / run-cpu	UNKNOWN STEP	2026-09-26T01:44:54.3906531Z tests/fast/ray/rollout/test_inference_controller_tick.py::TestTickCells::test_it_drives_every_cell_of_every_server PASSED [ 46%]
stage-a-cpu (1) / run-cpu	UNKNOWN STEP	2026-09-26T01:44:54.4200969Z tests/fast/ray/rollout/test_inference_controller_tick.py::TestTickCells::test_one_failing_cell_does_not_let_its_siblings_escape_the_sweep PASSED [ 46%]
stage-a-cpu (1) / run-cpu	UNKNOWN STEP	2026-09-26T01:44:54.4341373Z tests/fast/ray/rollout/test_inference_controller_tick.py::TestTickCells::test_a_wedged_cell_cannot_stall_the_sweep_forever PASSED [ 46%]
stage-a-cpu (1) / run-cpu	UNKNOWN STEP	2026-09-26T01:44:54.4673888Z tests/fast/ray/rollout/test_inference_controller_tick.py::TestTickCells::test_a_cell_added_after_the_loop_started_is_picked_up PASSED [ 46%]
stage-a-cpu (1) / run-cpu	UNKNOWN STEP	2026-09-26T01:44:54.4823067Z tests/fast/ray/rollout/test_inference_controller_tick.py::TestTickCells::test_tick_cells_logs_each_failure_with_cell_id_and_traceback PASSED [ 46%]
stage-a-cpu (1) / run-cpu	UNKNOWN STEP	2026-09-26T01:44:54.5081666Z tests/fast/ray/rollout/test_inference_controller_tick.py::TestTickCells::test_the_sweep_keeps_running_after_one_cell_raises PASSED [ 46%]
stage-a-cpu (1) / run-cpu	UNKNOWN STEP	2026-09-26T01:44:54.5517585Z tests/fast/ray/rollout/test_inference_controller_tick.py::TestControllerDisposal::test_dispose_stops_the_ticker PASSED [ 46%]
stage-a-cpu (1) / run-cpu	UNKNOWN STEP	2026-09-26T01:44:54.5548759Z tests/fast/ray/rollout/test_inference_controller_tick.py::TestControllerDisposal::test_dispose_tears_down_every_server_so_no_cell_keeps_probing PASSED [ 46%]
stage-a-cpu (1) / run-cpu	UNKNOWN STEP	2026-09-26T01:44:54.5580096Z tests/fast/ray/rollout/test_inference_controller_tick.py::TestControllerDisposal::test_dispose_without_a_running_ticker_is_harmless PASSED [ 46%]
stage-a-cpu (1) / run-cpu	UNKNOWN STEP	2026-09-26T01:44:54.5633830Z tests/fast/ray/rollout/test_rollout_server.py::TestRolloutServerPureFunctions::test_resolve_sglang_config_yaml_gpu_mismatch_asserts PASSED [ 46%]
stage-a-cpu (1) / run-cpu	UNKNOWN STEP	2026-09-26T01:44:54.5679583Z tests/fast/ray/rollout/test_rollout_server.py::TestRolloutServerPureFunctions::test_eval_fleet_inherits_rollout_engine_settings PASSED [ 46%]
stage-a-cpu (1) / run-cpu	UNKNOWN STEP	2026-09-26T01:44:54.5715911Z tests/fast/ray/rollout/test_rollout_server.py::TestRolloutServerPureFunctions::test_tp_coupled_sizes_are_not_inherited_across_a_different_eval_tp PASSED [ 46%]
stage-a-cpu (1) / run-cpu	UNKNOWN STEP	2026-09-26T01:44:54.5751286Z tests/fast/ray/rollout/test_rollout_server.py::TestRolloutServerPureFunctions::test_tp_coupled_sizes_are_inherited_when_the_tp_matches PASSED [ 46%]
stage-a-cpu (1) / run-cpu	UNKNOWN STEP	2026-09-26T01:44:54.5788403Z tests/fast/ray/rollout/test_rollout_server.py::TestRolloutServerPureFunctions::test_eval_sglang_overrides_win_over_the_tp_coupled_defaults PASSED [ 46%]
stage-a-cpu (1) / run-cpu	UNKNOWN STEP	2026-09-26T01:44:54.5823120Z tests/fast/ray/rollout/test_rollout_server.py::TestRolloutServerPureFunctions::test_eval_sglang_overrides_reach_the_eval_group_only PASSED [ 46%]
stage-a-cpu (1) / run-cpu	UNKNOWN STEP	2026-09-26T01:44:54.5860013Z tests/fast/ray/rollout/test_rollout_server.py::TestRolloutServerPureFunctions::test_debug_train_only_builds_only_the_eval_model PASSED [ 46%]
stage-a-cpu (1) / run-cpu	UNKNOWN STEP	2026-09-26T01:44:54.5893929Z tests/fast/ray/rollout/test_rollout_server.py::TestRolloutServerPureFunctions::test_debug_train_only_without_eval_fleet_builds_no_model PASSED [ 46%]
stage-a-cpu (1) / run-cpu	UNKNOWN STEP	2026-09-26T01:44:54.5950042Z tests/fast/ray/rollout/test_rollout_server.py::TestRolloutServerPureFunctions::test_yaml_eval_model_is_filled_from_cli_without_clobbering PASSED [ 47%]
stage-a-cpu (1) / run-cpu	UNKNOWN STEP	2026-09-26T01:44:54.6005772Z tests/fast/ray/rollout/test_rollout_server.py::TestRolloutServerPureFunctions::test_yaml_group_overrides_win_over_eval_cli PASSED [ 47%]
stage-a-cpu (1) / run-cpu	UNKNOWN STEP	2026-09-26T01:44:54.6040278Z tests/fast/ray/rollout/test_rollout_server.py::TestRolloutServerPureFunctions::test_compute_rollout_offset_colocate_returns_zero PASSED [ 47%]
stage-a-cpu (1) / run-cpu	UNKNOWN STEP	2026-09-26T01:44:54.6075980Z tests/fast/ray/rollout/test_rollout_server.py::TestRolloutServerPureFunctions::test_compute_rollout_offset_critic_train_only PASSED [ 47%]
stage-a-cpu (1) / run-cpu	UNKNOWN STEP	2026-09-26T01:44:54.6109378Z tests/fast/ray/rollout/test_rollout_server.py::TestRolloutServerPureFunctions::test_compute_rollout_offset_shared_actor_critic PASSED [ 47%]
stage-a-cpu (1) / run-cpu	UNKNOWN STEP	2026-09-26T01:44:54.6144758Z tests/fast/ray/rollout/test_rollout_server.py::TestRolloutServerPureFunctions::test_compute_megatron_num_gpus_for_actor_only PASSED [ 47%]
stage-a-cpu (1) / run-cpu	UNKNOWN STEP	2026-09-26T01:44:54.6178813Z tests/fast/ray/rollout/test_rollout_server.py::TestRolloutServerPureFunctions::test_compute_megatron_num_gpus_with_shared_critic PASSED [ 47%]
stage-a-cpu (1) / run-cpu	UNKNOWN STEP	2026-09-26T01:44:54.6212785Z tests/fast/ray/rollout/test_rollout_server.py::TestRolloutServerPureFunctions::test_compute_megatron_num_gpus_zero_when_debug_rollout_only PASSED [ 47%]
stage-a-cpu (1) / run-cpu	UNKNOWN STEP	2026-09-26T01:44:54.6276245Z tests/fast/ray/rollout/test_rollout_server.py::TestCreateRolloutServersWiring::test_create_rollout_servers_wires_each_model_and_router_completely PASSED [ 47%]
stage-a-cpu (1) / run-cpu	UNKNOWN STEP	2026-09-26T01:44:54.6306940Z tests/fast/ray/rollout/test_rollout_server.py::TestEngineListOrdering::test_engine_lists_are_ordered_by_gpu_offset_not_insertion PASSED [ 47%]
stage-a-cpu (1) / run-cpu	UNKNOWN STEP	2026-09-26T01:44:54.6342828Z tests/fast/ray/rollout/test_rollout_server.py::TestAddCellRollback::test_a_failed_add_drops_the_cell_after_disposing_it PASSED [ 47%]
stage-a-cpu (1) / run-cpu	UNKNOWN STEP	2026-09-26T01:44:54.6386812Z tests/fast/ray/rollout/test_rollout_server.py::TestAddCellRollback::test_a_failed_add_really_disposes_the_dropped_cell PASSED [ 47%]
stage-a-cpu (1) / run-cpu	UNKNOWN STEP	2026-09-26T01:44:54.6418797Z tests/fast/ray/rollout/test_rollout_server.py::TestAddCellRollback::test_a_failed_add_leaves_the_cells_already_tracked_alone PASSED [ 47%]
stage-a-cpu (1) / run-cpu	UNKNOWN STEP	2026-09-26T01:44:54.6450403Z tests/fast/ray/rollout/test_rollout_server.py::TestAddCellRollback::test_a_cell_whose_dispose_also_fails_is_still_dropped PASSED [ 47%]
stage-a-cpu (1) / run-cpu	UNKNOWN STEP	2026-09-26T01:44:54.6484689Z tests/fast/ray/rollout/test_rollout_server.py::TestAddCellRollback::test_a_dropped_cell_id_can_be_added_again PASSED [ 47%]
stage-a-cpu (1) / run-cpu	UNKNOWN STEP	2026-09-26T01:44:54.6515408Z tests/fast/ray/rollout/test_rollout_server.py::TestAddCellRollback::test_disposing_the_server_removes_every_cell_it_tracks PASSED [ 47%]
stage-a-cpu (1) / run-cpu	UNKNOWN STEP	2026-09-26T01:44:54.6545843Z tests/fast/ray/rollout/test_rollout_server.py::TestAddCellRollback::test_a_successful_add_commits_the_cell PASSED [ 47%]
stage-a-cpu (1) / run-cpu	UNKNOWN STEP	2026-09-26T01:44:54.6576859Z tests/fast/ray/rollout/test_rollout_server.py::TestDuplicateCellId::test_adding_a_duplicate_cell_id_preserves_the_original_cell PASSED [ 47%]
stage-a-cpu (1) / run-cpu	UNKNOWN STEP	2026-09-26T01:44:54.6609170Z tests/fast/ray/rollout/test_rollout_server.py::TestRemoveCellDisposal::test_remove_cell_disposes_it_before_forgetting_it PASSED [ 47%]
stage-a-cpu (1) / run-cpu	UNKNOWN STEP	2026-09-26T01:44:54.6639707Z tests/fast/ray/rollout/test_rollout_server.py::TestAddCellInitTiming::test_a_disaggregated_cell_is_initialized_as_soon_as_it_appears PASSED [ 47%]
stage-a-cpu (1) / run-cpu	UNKNOWN STEP	2026-09-26T01:44:54.6670109Z tests/fast/ray/rollout/test_rollout_server.py::TestAddCellInitTiming::test_a_colocated_cell_is_only_tracked_until_the_weight_update_window PASSED [ 47%]
stage-a-cpu (1) / run-cpu	UNKNOWN STEP	2026-09-26T01:44:54.6701282Z tests/fast/ray/rollout/test_rollout_server.py::TestAddCellInitTiming::test_a_non_offloaded_cell_is_initialized_immediately_even_under_colocate PASSED [ 47%]
stage-a-cpu (1) / run-cpu	UNKNOWN STEP	2026-09-26T01:44:54.6735900Z tests/fast/ray/rollout/test_rollout_server.py::TestDeferredInitMatchesTheStartupBarrier::test_only_a_cell_sharing_the_trainer_gpus_is_deferred_and_counted_before_it_is_up[disaggregated_plain] PASSED [ 47%]
stage-a-cpu (1) / run-cpu	UNKNOWN STEP	2026-09-26T01:44:54.6769561Z tests/fast/ray/rollout/test_rollout_server.py::TestDeferredInitMatchesTheStartupBarrier::test_only_a_cell_sharing_the_trainer_gpus_is_deferred_and_counted_before_it_is_up[disaggregated_offloaded] PASSED [ 47%]
stage-a-cpu (1) / run-cpu	UNKNOWN STEP	2026-09-26T01:44:54.6803473Z tests/fast/ray/rollout/test_rollout_server.py::TestDeferredInitMatchesTheStartupBarrier::test_only_a_cell_sharing_the_trainer_gpus_is_deferred_and_counted_before_it_is_up[colocated_eval] PASSED [ 47%]
stage-a-cpu (1) / run-cpu	UNKNOWN STEP	2026-09-26T01:44:54.6837748Z tests/fast/ray/rollout/test_rollout_server.py::TestDeferredInitMatchesTheStartupBarrier::test_only_a_cell_sharing_the_trainer_gpus_is_deferred_and_counted_before_it_is_up[colocated_shared] PASSED [ 47%]
stage-a-cpu (1) / run-cpu	UNKNOWN STEP	2026-09-26T01:44:54.6868628Z tests/fast/ray/rollout/test_rollout_server_locking.py::TestRolloutServerLockDiscipline::test_methods_reject_callers_that_do_not_hold_the_lock PASSED [ 47%]
stage-a-cpu (1) / run-cpu	UNKNOWN STEP	2026-09-26T01:44:54.6894404Z tests/fast/ray/rollout/test_rollout_server_locking.py::TestRolloutServerLockDiscipline::test_properties_reject_callers_that_do_not_hold_the_lock PASSED [ 47%]
stage-a-cpu (1) / run-cpu	UNKNOWN STEP	2026-09-26T01:44:54.6924933Z tests/fast/ray/rollout/test_rollout_server_locking.py::TestRolloutServerLockDiscipline::test_methods_accept_callers_inside_the_lock PASSED [ 47%]
stage-a-cpu (1) / run-cpu	UNKNOWN STEP	2026-09-26T01:44:54.6955397Z tests/fast/ray/rollout/test_rollout_server_locking.py::TestRolloutServerLockDiscipline::test_holding_a_different_lock_object_does_not_authorize_the_server PASSED [ 47%]
stage-a-cpu (1) / run-cpu	UNKNOWN STEP	2026-09-26T01:44:54.6985306Z tests/fast/ray/rollout/test_rollout_server_locking.py::TestRolloutServerLockDiscipline::test_all_servers_of_one_controller_share_a_single_lock PASSED [ 47%]
stage-a-cpu (1) / run-cpu	UNKNOWN STEP	2026-09-26T01:44:54.7015351Z tests/fast/ray/rollout/test_rollout_server_locking.py::TestWaitExpectedNumCellsIsLockFree::test_it_can_be_awaited_without_the_lock PASSED [ 47%]
stage-a-cpu (1) / run-cpu	UNKNOWN STEP	2026-09-26T01:44:55.7087904Z tests/fast/ray/rollout/test_rollout_server_locking.py::TestWaitExpectedNumCellsIsLockFree::test_cells_can_still_be_added_while_it_polls PASSED [ 48%]
stage-a-cpu (1) / run-cpu	UNKNOWN STEP	2026-09-26T01:44:55.7167001Z tests/fast/ray/rollout/test_server_cell_dispose.py::TestServerCellDispose::test_disposing_a_registered_cell_unregisters_it_from_the_router PASSED [ 48%]
stage-a-cpu (1) / run-cpu	UNKNOWN STEP	2026-09-26T01:44:55.7224991Z tests/fast/ray/rollout/test_server_cell_dispose.py::TestServerCellDispose::test_disposing_a_cell_that_never_registered_never_touches_the_router PASSED [ 48%]
stage-a-cpu (1) / run-cpu	UNKNOWN STEP	2026-09-26T01:44:55.7289575Z tests/fast/ray/rollout/test_server_cell_dispose.py::TestServerCellDispose::test_a_failing_unregister_still_tears_the_cell_down PASSED [ 48%]
stage-a-cpu (1) / run-cpu	UNKNOWN STEP	2026-09-26T01:44:55.7368806Z tests/fast/ray/rollout/test_server_cell_dispose.py::TestServerCellDispose::test_use_miles_router_pins_the_legacy_api_when_disposing PASSED [ 48%]
stage-a-cpu (1) / run-cpu	UNKNOWN STEP	2026-09-26T01:44:55.7438885Z tests/fast/ray/rollout/test_server_cell_dispose.py::TestServerCellDispose::test_disposing_a_registered_cell_twice_unregisters_it_once PASSED [ 48%]
stage-a-cpu (1) / run-cpu	UNKNOWN STEP	2026-09-26T01:44:55.7511484Z tests/fast/ray/rollout/test_server_cell_dispose.py::TestServerCellRegisterRobustness::test_use_miles_router_pins_the_legacy_api_when_registering_too PASSED [ 48%]
stage-a-cpu (1) / run-cpu	UNKNOWN STEP	2026-09-26T01:44:55.8080621Z tests/fast/ray/rollout/test_server_cell_dispose.py::TestServerCellRegisterRobustness::test_a_router_that_never_answers_the_unregister_does_not_wedge_teardown PASSED [ 48%]
stage-a-cpu (1) / run-cpu	UNKNOWN STEP	2026-09-26T01:44:55.8161287Z tests/fast/ray/specs/test_entrypoint.py::TestComputeSpecs::test_launches_routers_then_the_session_server_then_every_real_engine_group PASSED [ 48%]
stage-a-cpu (1) / run-cpu	UNKNOWN STEP	2026-09-26T01:44:55.8227980Z tests/fast/ray/specs/test_entrypoint.py::TestComputeSpecs::test_a_disabled_session_server_is_listed_with_no_cells PASSED [ 48%]
stage-a-cpu (1) / run-cpu	UNKNOWN STEP	2026-09-26T01:44:55.8274647Z tests/fast/ray/specs/test_entrypoint.py::TestComputeSpecs::test_debug_train_only_lists_no_inference_engine PASSED [ 48%]
stage-a-cpu (1) / run-cpu	UNKNOWN STEP	2026-09-26T01:44:55.8320063Z tests/fast/ray/specs/test_entrypoint.py::TestComputeSpecs::test_debug_train_only_lists_no_router PASSED [ 48%]
stage-a-cpu (1) / run-cpu	UNKNOWN STEP	2026-09-26T01:44:55.8368187Z tests/fast/ray/specs/test_entrypoint.py::TestComputeSpecs::test_debug_train_only_still_lists_the_trainer_and_an_empty_session_server PASSED [ 48%]
stage-a-cpu (1) / run-cpu	UNKNOWN STEP	2026-09-26T01:44:55.8438597Z tests/fast/ray/test_placement_group.py::TestCreateRolloutComponents::test_executor_is_built_after_the_router_address_is_known PASSED [ 48%]
stage-a-cpu (1) / run-cpu	UNKNOWN STEP	2026-09-26T01:44:55.8511820Z tests/fast/ray/test_placement_group.py::TestCreateRolloutComponents::test_returns_a_plain_controller_and_an_actor_handle PASSED [ 48%]
stage-a-cpu (1) / run-cpu	UNKNOWN STEP	2026-09-26T01:44:55.8589209Z tests/fast/ray/test_placement_group.py::TestCreateRolloutComponents::test_num_rollout_derived_from_executor_epoch_length PASSED [ 48%]
stage-a-cpu (1) / run-cpu	UNKNOWN STEP	2026-09-26T01:44:55.8674203Z tests/fast/ray/test_placement_group.py::TestCreateRolloutComponents::test_num_rollout_left_alone_when_explicitly_set PASSED [ 48%]
stage-a-cpu (1) / run-cpu	UNKNOWN STEP	2026-09-26T01:44:55.8747119Z tests/fast/ray/test_placement_group.py::TestCreateRolloutComponents::test_engine_startup_steps_are_left_to_the_cells PASSED [ 48%]
stage-a-cpu (1) / run-cpu	UNKNOWN STEP	2026-09-26T01:44:55.8816914Z tests/fast/ray/test_placement_group.py::TestCreateRolloutComponents::test_the_baseline_snapshot_is_not_taken_after_the_engines_are_up PASSED [ 48%]
stage-a-cpu (1) / run-cpu	UNKNOWN STEP	2026-09-26T01:44:55.8885703Z tests/fast/ray/test_placement_group.py::TestCreateRolloutComponents::test_the_executor_is_handed_the_fleet_the_controller_just_built PASSED [ 48%]
stage-a-cpu (1) / run-cpu	UNKNOWN STEP	2026-09-26T01:44:55.8915424Z tests/fast/ray/test_placement_group.py::TestCreateTrainingModels::test_only_the_actor_is_wired_to_the_rollout_path PASSED [ 48%]
stage-a-cpu (1) / run-cpu	UNKNOWN STEP	2026-09-26T01:44:55.8948191Z tests/fast/ray/test_placement_group.py::TestCreateTrainingModels::test_the_actor_hosts_the_teacher_only_for_megatron_opd[True-megatron-True] PASSED [ 48%]
stage-a-cpu (1) / run-cpu	UNKNOWN STEP	2026-09-26T01:44:55.8980250Z tests/fast/ray/test_placement_group.py::TestCreateTrainingModels::test_the_actor_hosts_the_teacher_only_for_megatron_opd[True-sglang-False] PASSED [ 48%]
stage-a-cpu (1) / run-cpu	UNKNOWN STEP	2026-09-26T01:44:55.9012761Z tests/fast/ray/test_placement_group.py::TestCreateTrainingModels::test_the_actor_hosts_the_teacher_only_for_megatron_opd[False-megatron-False] PASSED [ 48%]
stage-a-cpu (1) / run-cpu	UNKNOWN STEP	2026-09-26T01:44:55.9041679Z tests/fast/ray/test_placement_group.py::TestCreateTrainingModels::test_the_executor_is_connected_and_rewound_once_the_trainers_are_up PASSED [ 48%]
stage-a-cpu (1) / run-cpu	UNKNOWN STEP	2026-09-26T01:44:55.9076989Z tests/fast/ray/test_placement_group.py::TestCreatePlacementGroups::test_each_role_views_the_shared_pg_from_its_own_offset PASSED [ 48%]
stage-a-cpu (1) / run-cpu	UNKNOWN STEP	2026-09-26T01:44:55.9093048Z tests/fast/ray/test_placement_group.py::TestCreatePlacementGroups::test_a_disabled_critic_gets_no_entry_at_all PASSED [ 48%]
stage-a-cpu (1) / run-cpu	UNKNOWN STEP	2026-09-26T01:44:55.9150663Z tests/fast/ray/test_placement_group.py::TestUpdateWeights::test_the_executor_is_told_which_version_the_engines_now_serve PASSED [ 48%]
stage-a-cpu (1) / run-cpu	UNKNOWN STEP	2026-09-26T01:44:55.9193194Z tests/fast/ray/test_placement_group.py::TestUpdateWeights::test_a_trainer_that_skipped_the_broadcast_publishes_nothing PASSED [ 48%]
stage-a-cpu (1) / run-cpu	UNKNOWN STEP	2026-09-26T01:44:55.9217692Z tests/fast/ray/test_wiring.py::TestLaunchWorkerManager::test_launch_worker_manager_returns_the_manager_started_with_computed_specs_and_placements PASSED [ 48%]
stage-a-cpu (1) / run-cpu	UNKNOWN STEP	2026-09-26T01:45:00.9035324Z tests/fast/ray/train/test_cell_restart.py::TestCellKillAndRestart::test_killing_a_failed_cell_reaches_the_workers_directly PASSED [ 48%]
stage-a-cpu (1) / run-cpu	UNKNOWN STEP	2026-09-26T01:45:02.1410085Z tests/fast/ray/train/test_cell_restart.py::TestCellKillAndRestart::test_a_replacement_cell_picks_up_the_fresh_actor_handles PASSED [ 48%]
stage-a-cpu (1) / run-cpu	UNKNOWN STEP	2026-09-26T01:45:03.9606435Z tests/fast/ray/train/test_cell_restart.py::TestCellKillAndRestart::test_killing_twice_is_harmless PASSED [ 49%]
stage-a-cpu (1) / run-cpu	UNKNOWN STEP	2026-09-26T01:45:04.0149429Z tests/fast/ray/train/test_cell_restart.py::TestKillRpcTimeout::test_a_kill_rpc_that_never_returns_gives_up_at_the_timeout PASSED [ 49%]
stage-a-cpu (1) / run-cpu	UNKNOWN STEP	2026-09-26T01:45:04.0754001Z tests/fast/ray/train/test_cell_restart.py::TestKillRpcTimeout::test_a_hanging_kill_rpc_still_reaches_the_death_confirmation PASSED [ 49%]
stage-a-cpu (1) / run-cpu	UNKNOWN STEP	2026-09-26T01:45:04.0994765Z tests/fast/ray/train/test_cell_restart.py::TestKillOrdering::test_every_kill_request_is_sent_before_any_death_is_confirmed PASSED [ 49%]
stage-a-cpu (1) / run-cpu	UNKNOWN STEP	2026-09-26T01:45:04.1163477Z tests/fast/ray/train/test_group_reconcile.py::TestReconcile::test_an_observed_cell_is_added PASSED [ 49%]
stage-a-cpu (1) / run-cpu	UNKNOWN STEP	2026-09-26T01:45:04.1350149Z tests/fast/ray/train/test_group_reconcile.py::TestReconcile::test_a_disappeared_cell_is_dropped PASSED [ 49%]
stage-a-cpu (1) / run-cpu	UNKNOWN STEP	2026-09-26T01:45:04.1531664Z tests/fast/ray/train/test_group_reconcile.py::TestReconcile::test_reobserving_a_known_cell_keeps_the_same_object PASSED [ 49%]
stage-a-cpu (1) / run-cpu	UNKNOWN STEP	2026-09-26T01:45:04.1770092Z tests/fast/ray/train/test_group_reconcile.py::TestReconcile::test_a_relaunched_cell_is_replaced PASSED [ 49%]
stage-a-cpu (1) / run-cpu	UNKNOWN STEP	2026-09-26T01:45:04.1920217Z tests/fast/ray/train/test_group_reconcile.py::TestReconcile::test_a_dropped_cell_has_its_health_checker_stopped PASSED [ 49%]
stage-a-cpu (1) / run-cpu	UNKNOWN STEP	2026-09-26T01:45:04.2103356Z tests/fast/ray/train/test_group_reconcile.py::TestReconcile::test_a_replaced_cell_has_its_old_health_checker_stopped PASSED [ 49%]
stage-a-cpu (1) / run-cpu	UNKNOWN STEP	2026-09-26T01:45:04.2350150Z tests/fast/ray/train/test_group_reconcile.py::TestReconcile::test_cells_are_ordered_by_index_whatever_the_arrival_order PASSED [ 49%]
stage-a-cpu (1) / run-cpu	UNKNOWN STEP	2026-09-26T01:45:04.2597221Z tests/fast/ray/train/test_group_reconcile.py::TestPublicCellInventory::test_the_inventory_and_statuses_follow_the_reconciled_cells PASSED [ 49%]
stage-a-cpu (1) / run-cpu	UNKNOWN STEP	2026-09-26T01:45:04.2791493Z tests/fast/ray/train/test_group_reconcile.py::TestPublicCellInventory::test_each_status_carries_the_generation_it_describes PASSED [ 49%]
stage-a-cpu (1) / run-cpu	UNKNOWN STEP	2026-09-26T01:45:04.2990403Z tests/fast/ray/train/test_group_reconcile.py::TestPublicCellInventory::test_each_cell_is_stamped_with_its_own_generation PASSED [ 49%]
stage-a-cpu (1) / run-cpu	UNKNOWN STEP	2026-09-26T01:45:04.3170575Z tests/fast/ray/train/test_group_reconcile.py::TestPublicCellInventory::test_a_relaunched_cell_reports_the_new_generation PASSED [ 49%]
stage-a-cpu (1) / run-cpu	UNKNOWN STEP	2026-09-26T01:45:04.3481699Z tests/fast/ray/train/test_group_reconcile.py::TestWaitExpectedNumCells::test_waiting_keeps_polling_until_the_late_cells_are_observed PASSED [ 49%]
stage-a-cpu (1) / run-cpu	UNKNOWN STEP	2026-09-26T01:45:04.3874990Z tests/fast/ray/train/test_group_reconcile.py::TestWaitExpectedNumCells::test_waiting_returns_immediately_when_every_cell_is_already_observed PASSED [ 49%]
stage-a-cpu (1) / run-cpu	UNKNOWN STEP	2026-09-26T01:45:04.4011189Z tests/fast/ray/train/test_group_reconcile.py::TestWaitExpectedNumCells::test_waiting_gives_up_when_cells_never_appear PASSED [ 49%]
stage-a-cpu (1) / run-cpu	UNKNOWN STEP	2026-09-26T01:45:04.5879957Z tests/fast/rollout/agentic/test_session.py::test_shared_package_is_torch_free PASSED [ 49%]
stage-a-cpu (1) / run-cpu	UNKNOWN STEP	2026-09-26T01:45:04.5991763Z tests/fast/rollout/generate_utils/test_openai_endpoint_utils.py::test_create_reads_session_server_instance_id_from_args[create_kwargs0-expected_payload0] PASSED [ 49%]
stage-a-cpu (1) / run-cpu	UNKNOWN STEP	2026-09-26T01:45:04.6090212Z tests/fast/rollout/generate_utils/test_openai_endpoint_utils.py::test_create_reads_session_server_instance_id_from_args[create_kwargs1-expected_payload1] PASSED [ 49%]
stage-a-cpu (1) / run-cpu	UNKNOWN STEP	2026-09-26T01:45:04.6217254Z tests/fast/rollout/generate_utils/test_openai_endpoint_utils.py::test_create_reads_session_server_instance_id_from_args[create_kwargs2-expected_payload2] PASSED [ 49%]
stage-a-cpu (1) / run-cpu	UNKNOWN STEP	2026-09-26T01:45:04.6303586Z tests/fast/rollout/generate_utils/test_openai_endpoint_utils.py::test_create_reads_session_server_instance_id_from_args[create_kwargs3-expected_payload3] PASSED [ 49%]
stage-a-cpu (1) / run-cpu	UNKNOWN STEP	2026-09-26T01:45:04.6429980Z tests/fast/rollout/generate_utils/test_openai_endpoint_utils.py::test_create_reads_session_server_instance_id_from_args[create_kwargs4-expected_payload4] PASSED [ 49%]
stage-a-cpu (1) / run-cpu	UNKNOWN STEP	2026-09-26T01:45:04.6519706Z tests/fast/rollout/generate_utils/test_openai_endpoint_utils.py::test_create_without_instance_id_on_args PASSED [ 49%]
stage-a-cpu (1) / run-cpu	UNKNOWN STEP	2026-09-26T01:45:04.6909893Z tests/fast/rollout/generate_utils/test_openai_endpoint_utils.py::test_create_distributes_sessions_across_port_range PASSED [ 49%]
stage-a-cpu (1) / run-cpu	UNKNOWN STEP	2026-09-26T01:45:04.7024786Z tests/fast/rollout/generate_utils/test_openai_endpoint_utils.py::TestOpenAIEndpointTracerCreate::test_create_routes_to_selected_address_across_multiple_hosts PASSED [ 49%]
stage-a-cpu (1) / run-cpu	UNKNOWN STEP	2026-09-26T01:45:04.7040147Z tests/fast/rollout/generate_utils/test_openai_endpoint_utils.py::TestOpenAIEndpointTracerCreate::test_agent_url_names_the_same_instance_from_outside_the_cluster PASSED [ 49%]
stage-a-cpu (1) / run-cpu	UNKNOWN STEP	2026-09-26T01:45:04.7090021Z tests/fast/rollout/generate_utils/test_openai_endpoint_utils.py::TestOpenAIEndpointTracerCreate::test_agent_url_falls_back_to_the_cluster_address PASSED [ 49%]
stage-a-cpu (1) / run-cpu	UNKNOWN STEP	2026-09-26T01:45:04.7150170Z tests/fast/rollout/generate_utils/test_openai_endpoint_utils.py::TestOpenAIEndpointTracerCreate::test_create_without_session_server_instances_raises_before_post[instances_kwargs0] PASSED [ 49%]
stage-a-cpu (1) / run-cpu	UNKNOWN STEP	2026-09-26T01:45:04.7190297Z tests/fast/rollout/generate_utils/test_openai_endpoint_utils.py::TestOpenAIEndpointTracerCreate::test_create_without_session_server_instances_raises_before_post[instances_kwargs1] PASSED [ 49%]
stage-a-cpu (1) / run-cpu	UNKNOWN STEP	2026-09-26T01:45:04.7250054Z tests/fast/rollout/generate_utils/test_openai_endpoint_utils.py::TestOpenAIEndpointTracerCreate::test_create_without_session_server_instances_raises_before_post[instances_kwargs2] PASSED [ 50%]
stage-a-cpu (1) / run-cpu	UNKNOWN STEP	2026-09-26T01:45:04.7302896Z tests/fast/rollout/generate_utils/test_openai_endpoint_utils.py::TestOpenAIEndpointTracerCreate::test_create_validates_sampling_replay_before_allocating_session PASSED [ 50%]
stage-a-cpu (1) / run-cpu	UNKNOWN STEP	2026-09-26T01:45:04.7377979Z tests/fast/rollout/generate_utils/test_openai_endpoint_utils.py::test_collect_samples_single_post_then_delete PASSED [ 50%]
stage-a-cpu (1) / run-cpu	UNKNOWN STEP	2026-09-26T01:45:04.7523100Z tests/fast/rollout/generate_utils/test_openai_endpoint_utils.py::test_collect_samples_decoding_does_not_block_event_loop PASSED [ 50%]
stage-a-cpu (1) / run-cpu	UNKNOWN STEP	2026-09-26T01:45:04.7599968Z tests/fast/rollout/generate_utils/test_openai_endpoint_utils.py::test_collect_samples_non_2xx_raises_with_body_and_still_deletes PASSED [ 50%]
stage-a-cpu (1) / run-cpu	UNKNOWN STEP	2026-09-26T01:45:04.7722329Z tests/fast/rollout/generate_utils/test_openai_endpoint_utils.py::test_collect_samples_timeout_raises_and_still_deletes PASSED [ 50%]
stage-a-cpu (1) / run-cpu	UNKNOWN STEP	2026-09-26T01:45:04.7811023Z tests/fast/rollout/generate_utils/test_openai_endpoint_utils.py::test_collect_samples_delete_failure_is_tolerated PASSED [ 50%]
stage-a-cpu (1) / run-cpu	UNKNOWN STEP	2026-09-26T01:45:04.7908071Z tests/fast/rollout/generate_utils/test_openai_endpoint_utils.py::test_post_bytes_no_retry_returns_raw_bytes PASSED [ 50%]
stage-a-cpu (1) / run-cpu	UNKNOWN STEP	2026-09-26T01:45:04.7978665Z tests/fast/rollout/generate_utils/test_openai_endpoint_utils.py::test_post_bytes_no_retry_does_not_retry_and_carries_body PASSED [ 50%]
stage-a-cpu (1) / run-cpu	UNKNOWN STEP	2026-09-26T01:45:04.8016465Z tests/fast/rollout/generate_utils/test_openai_endpoint_utils.py::test_post_bytes_no_retry_transport_error_propagates_once PASSED [ 50%]
stage-a-cpu (1) / run-cpu	UNKNOWN STEP	2026-09-26T01:45:04.8061900Z tests/fast/rollout/generate_utils/test_openai_endpoint_utils.py::test_collect_samples_v2_payload_carries_metadata_and_decodes_extras PASSED [ 50%]
stage-a-cpu (1) / run-cpu	UNKNOWN STEP	2026-09-26T01:45:04.8095631Z tests/fast/rollout/generate_utils/test_openai_endpoint_utils.py::test_create_selects_wire_fields_by_session_server_version PASSED [ 50%]
stage-a-cpu (1) / run-cpu	UNKNOWN STEP	2026-09-26T01:45:10.4691623Z tests/fast/rollout/inference_rollout/integration/test_agent_metadata.py::test_agent_metadata_reaches_reward_model[agentic_tool_call] PASSED [ 50%]
stage-a-cpu (1) / run-cpu	UNKNOWN STEP	2026-09-26T01:45:14.5899709Z tests/fast/rollout/inference_rollout/integration/test_group_rm.py::test_group_rm_rewards_set[group_rm_enabled] PASSED [ 50%]
stage-a-cpu (1) / run-cpu	UNKNOWN STEP	2026-09-26T01:45:18.2601127Z tests/fast/rollout/inference_rollout/integration/test_sample_filter.py::test_sample_filter_and_all_samples_process[sample_filter_vs_all_samples] PASSED [ 50%]
stage-a-cpu (1) / run-cpu	UNKNOWN STEP	2026-09-26T01:45:18.2635610Z tests/fast/rollout/rm_hub/test_deepscaler.py::TestGetDeepscalerRuleBasedReward::test_get_deepscaler_rule_based_reward[Let me analyze...</think>The answer is \\boxed{42}-42-1] PASSED [ 50%]
stage-a-cpu (1) / run-cpu	UNKNOWN STEP	2026-09-26T01:45:18.2665276Z tests/fast/rollout/rm_hub/test_deepscaler.py::TestGetDeepscalerRuleBasedReward::test_get_deepscaler_rule_based_reward[Thinking...</think>The answer is \\boxed{wrong}-42-0] PASSED [ 50%]
stage-a-cpu (1) / run-cpu	UNKNOWN STEP	2026-09-26T01:45:18.2692855Z tests/fast/rollout/rm_hub/test_deepscaler.py::TestGetDeepscalerRuleBasedReward::test_get_deepscaler_rule_based_reward[###Response\\boxed{42}-42-1] PASSED [ 50%]
stage-a-cpu (1) / run-cpu	UNKNOWN STEP	2026-09-26T01:45:18.2721575Z tests/fast/rollout/rm_hub/test_deepscaler.py::TestGetDeepscalerRuleBasedReward::test_get_deepscaler_rule_based_reward[###Response\\boxed{wrong}-42-0] PASSED [ 50%]
stage-a-cpu (1) / run-cpu	UNKNOWN STEP	2026-09-26T01:45:18.2750575Z tests/fast/rollout/rm_hub/test_deepscaler.py::TestGetDeepscalerRuleBasedReward::test_get_deepscaler_rule_based_reward[The answer is \\boxed{42}-42-0] PASSED [ 50%]
stage-a-cpu (1) / run-cpu	UNKNOWN STEP	2026-09-26T01:45:18.2778010Z tests/fast/rollout/rm_hub/test_deepscaler.py::TestGetDeepscalerRuleBasedReward::test_get_deepscaler_rule_based_reward[</think>The answer is 42-42-0] PASSED [ 50%]
stage-a-cpu (1) / run-cpu	UNKNOWN STEP	2026-09-26T01:45:18.2805513Z tests/fast/rollout/rm_hub/test_deepscaler.py::TestGetDeepscalerRuleBasedReward::test_get_deepscaler_rule_based_reward[</think>\\boxed{42}--0] PASSED [ 50%]
stage-a-cpu (1) / run-cpu	UNKNOWN STEP	2026-09-26T01:45:18.2833225Z tests/fast/rollout/rm_hub/test_deepscaler.py::TestGetDeepscalerRuleBasedReward::test_get_deepscaler_rule_based_reward[</think>\\boxed{42}-\\boxed{42}-1] PASSED [ 50%]
stage-a-cpu (1) / run-cpu	UNKNOWN STEP	2026-09-26T01:45:18.2861246Z tests/fast/rollout/rm_hub/test_deepscaler.py::TestGetDeepscalerRuleBasedReward::test_get_deepscaler_rule_based_reward[</think>\\boxed{123}-123-1] PASSED [ 50%]
stage-a-cpu (1) / run-cpu	UNKNOWN STEP	2026-09-26T01:45:18.2888004Z tests/fast/rollout/rm_hub/test_deepscaler.py::TestGetDeepscalerRuleBasedReward::test_get_deepscaler_rule_based_reward[</think>\\boxed{3.14}-3.14-1] PASSED [ 50%]
stage-a-cpu (1) / run-cpu	UNKNOWN STEP	2026-09-26T01:45:18.2915614Z tests/fast/rollout/rm_hub/test_deepscaler.py::TestGetDeepscalerRuleBasedReward::test_get_deepscaler_rule_based_reward[</think>\\boxed{1/2}-0.5-1] PASSED [ 50%]
stage-a-cpu (1) / run-cpu	UNKNOWN STEP	2026-09-26T01:45:18.2942677Z tests/fast/rollout/rm_hub/test_deepscaler.py::TestGetDeepscalerRuleBasedReward::test_get_deepscaler_rule_based_reward[</think>\\boxed{\\frac{1}{2}}-0.5-1] PASSED [ 50%]
stage-a-cpu (1) / run-cpu	UNKNOWN STEP	2026-09-26T01:45:18.2971215Z tests/fast/rollout/rm_hub/test_deepscaler.py::TestGetDeepscalerRuleBasedReward::test_get_deepscaler_rule_based_reward[First thought</think>Second thought</think>\\boxed{42}-42-1] PASSED [ 50%]
stage-a-cpu (1) / run-cpu	UNKNOWN STEP	2026-09-26T01:45:18.2996501Z tests/fast/rollout/rm_hub/test_math_utils.py::TestLastBoxedOnlyString::test_last_boxed_only_string[The answer is \\boxed{42}-\\boxed{42}] PASSED [ 50%]
stage-a-cpu (1) / run-cpu	UNKNOWN STEP	2026-09-26T01:45:18.3022598Z tests/fast/rollout/rm_hub/test_math_utils.py::TestLastBoxedOnlyString::test_last_boxed_only_string[\\boxed{x^2 + 1}-\\boxed{x^2 + 1}] PASSED [ 50%]
stage-a-cpu (1) / run-cpu	UNKNOWN STEP	2026-09-26T01:45:18.3049611Z tests/fast/rollout/rm_hub/test_math_utils.py::TestLastBoxedOnlyString::test_last_boxed_only_string[So \\boxed{\\frac{1}{2}}-\\boxed{\\frac{1}{2}}] PASSED [ 50%]
stage-a-cpu (1) / run-cpu	UNKNOWN STEP	2026-09-26T01:45:18.3076125Z tests/fast/rollout/rm_hub/test_math_utils.py::TestLastBoxedOnlyString::test_last_boxed_only_string[No boxed here-None] PASSED [ 50%]
stage-a-cpu (1) / run-cpu	UNKNOWN STEP	2026-09-26T01:45:18.3102454Z tests/fast/rollout/rm_hub/test_math_utils.py::TestLastBoxedOnlyString::test_last_boxed_only_string[Multiple \\boxed{1} and \\boxed{2}-\\boxed{2}] PASSED [ 51%]
stage-a-cpu (1) / run-cpu	UNKNOWN STEP	2026-09-26T01:45:18.3128199Z tests/fast/rollout/rm_hub/test_math_utils.py::TestLastBoxedOnlyString::test_last_boxed_only_string[\\boxed{nested {braces}}-\\boxed{nested {braces}}] PASSED [ 51%]
stage-a-cpu (1) / run-cpu	UNKNOWN STEP	2026-09-26T01:45:18.3155090Z tests/fast/rollout/rm_hub/test_math_utils.py::TestLastBoxedOnlyString::test_last_boxed_only_string[\\fbox{fbox content}-\\fbox{fbox content}] PASSED [ 51%]
stage-a-cpu (1) / run-cpu	UNKNOWN STEP	2026-09-26T01:45:18.3181078Z tests/fast/rollout/rm_hub/test_math_utils.py::TestLastBoxedOnlyString::test_last_boxed_only_string[-None] PASSED [ 51%]
stage-a-cpu (1) / run-cpu	UNKNOWN STEP	2026-09-26T01:45:18.3207164Z tests/fast/rollout/rm_hub/test_math_utils.py::TestRemoveBoxed::test_remove_boxed[\\boxed{42}-42] PASSED [ 51%]
stage-a-cpu (1) / run-cpu	UNKNOWN STEP	2026-09-26T01:45:18.3233376Z tests/fast/rollout/rm_hub/test_math_utils.py::TestRemoveBoxed::test_remove_boxed[\\boxed{x^2 + 1}-x^2 + 1] PASSED [ 51%]
stage-a-cpu (1) / run-cpu	UNKNOWN STEP	2026-09-26T01:45:18.3259665Z tests/fast/rollout/rm_hub/test_math_utils.py::TestRemoveBoxed::test_remove_boxed[\\boxed{\\frac{1}{2}}-\\frac{1}{2}] PASSED [ 51%]
stage-a-cpu (1) / run-cpu	UNKNOWN STEP	2026-09-26T01:45:18.3286209Z tests/fast/rollout/rm_hub/test_math_utils.py::TestRemoveBoxed::test_remove_boxed[not boxed-None] PASSED [ 51%]
stage-a-cpu (1) / run-cpu	UNKNOWN STEP	2026-09-26T01:45:18.3312482Z tests/fast/rollout/rm_hub/test_math_utils.py::TestExtractAnswer::test_extract_answer[The answer is \\boxed{42}-42] PASSED [ 51%]
stage-a-cpu (1) / run-cpu	UNKNOWN STEP	2026-09-26T01:45:18.3337908Z tests/fast/rollout/rm_hub/test_math_utils.py::TestExtractAnswer::test_extract_answer[So \\boxed{\\frac{1}{2}}-\\frac{1}{2}] PASSED [ 51%]
stage-a-cpu (1) / run-cpu	UNKNOWN STEP	2026-09-26T01:45:18.3366133Z tests/fast/rollout/rm_hub/test_math_utils.py::TestExtractAnswer::test_extract_answer[Multiple \\boxed{1} then \\boxed{final}-final] PASSED [ 51%]
stage-a-cpu (1) / run-cpu	UNKNOWN STEP	2026-09-26T01:45:18.3393155Z tests/fast/rollout/rm_hub/test_math_utils.py::TestExtractAnswer::test_extract_answer[No boxed here-None] PASSED [ 51%]
stage-a-cpu (1) / run-cpu	UNKNOWN STEP	2026-09-26T01:45:18.3418502Z tests/fast/rollout/rm_hub/test_math_utils.py::TestExtractAnswer::test_extract_answer[-None] PASSED [ 51%]
stage-a-cpu (1) / run-cpu	UNKNOWN STEP	2026-09-26T01:45:18.3445430Z tests/fast/rollout/rm_hub/test_math_utils.py::TestNormalize::test_normalize[1,000-1000] PASSED [ 51%]
stage-a-cpu (1) / run-cpu	UNKNOWN STEP	2026-09-26T01:45:18.3472084Z tests/fast/rollout/rm_hub/test_math_utils.py::TestNormalize::test_normalize[\\text{hello}-hello] PASSED [ 51%]
stage-a-cpu (1) / run-cpu	UNKNOWN STEP	2026-09-26T01:45:18.3498524Z tests/fast/rollout/rm_hub/test_math_utils.py::TestNormalize::test_normalize[  42  -42] PASSED [ 51%]
stage-a-cpu (1) / run-cpu	UNKNOWN STEP	2026-09-26T01:45:18.3525369Z tests/fast/rollout/rm_hub/test_math_utils.py::TestNormalize::test_normalize[100%-100] PASSED [ 51%]
stage-a-cpu (1) / run-cpu	UNKNOWN STEP	2026-09-26T01:45:18.3552377Z tests/fast/rollout/rm_hub/test_math_utils.py::TestNormalize::test_normalize[\\$50-50] PASSED [ 51%]
stage-a-cpu (1) / run-cpu	UNKNOWN STEP	2026-09-26T01:45:18.3578905Z tests/fast/rollout/rm_hub/test_math_utils.py::TestNormalize::test_normalize[HELLO-hello] PASSED [ 51%]
stage-a-cpu (1) / run-cpu	UNKNOWN STEP	2026-09-26T01:45:18.3605515Z tests/fast/rollout/rm_hub/test_math_utils.py::TestNormalize::test_normalize[1,234,567-1234567] PASSED [ 51%]
stage-a-cpu (1) / run-cpu	UNKNOWN STEP	2026-09-26T01:45:18.3630990Z tests/fast/rollout/rm_hub/test_math_utils.py::TestNormalize::test_normalize[None-None] PASSED [ 51%]
stage-a-cpu (1) / run-cpu	UNKNOWN STEP	2026-09-26T01:45:18.3658493Z tests/fast/rollout/rm_hub/test_math_utils.py::TestGradeAnswerMathd::test_grade_answer_mathd[42-42-True] PASSED [ 51%]
stage-a-cpu (1) / run-cpu	UNKNOWN STEP	2026-09-26T01:45:18.3685878Z tests/fast/rollout/rm_hub/test_math_utils.py::TestGradeAnswerMathd::test_grade_answer_mathd[  42  -42-True] PASSED [ 51%]
stage-a-cpu (1) / run-cpu	UNKNOWN STEP	2026-09-26T01:45:18.3712620Z tests/fast/rollout/rm_hub/test_math_utils.py::TestGradeAnswerMathd::test_grade_answer_mathd[\\frac{1}{2}-\\frac{1}{2}-True] PASSED [ 51%]
stage-a-cpu (1) / run-cpu	UNKNOWN STEP	2026-09-26T01:45:18.3739588Z tests/fast/rollout/rm_hub/test_math_utils.py::TestGradeAnswerMathd::test_grade_answer_mathd[wrong-42-False] PASSED [ 51%]
stage-a-cpu (1) / run-cpu	UNKNOWN STEP	2026-09-26T01:45:18.3768082Z tests/fast/rollout/rm_hub/test_math_utils.py::TestGradeAnswerMathd::test_grade_answer_mathd[-42-False] PASSED [ 51%]
stage-a-cpu (1) / run-cpu	UNKNOWN STEP	2026-09-26T01:45:18.3796738Z tests/fast/rollout/rm_hub/test_math_utils.py::TestGradeAnswerSympy::test_grade_answer_sympy[42-42-True] PASSED [ 51%]
stage-a-cpu (1) / run-cpu	UNKNOWN STEP	2026-09-26T01:45:18.3827160Z tests/fast/rollout/rm_hub/test_math_utils.py::TestGradeAnswerSympy::test_grade_answer_sympy[x^2-x^2-True] PASSED [ 51%]
stage-a-cpu (1) / run-cpu	UNKNOWN STEP	2026-09-26T01:45:18.3868712Z tests/fast/rollout/rm_hub/test_math_utils.py::TestGradeAnswerSympy::test_grade_answer_sympy[1/2-0.5-True] PASSED [ 51%]
stage-a-cpu (1) / run-cpu	UNKNOWN STEP	2026-09-26T01:45:18.4062672Z tests/fast/rollout/rm_hub/test_math_utils.py::TestGradeAnswerSympy::test_grade_answer_sympy[\\frac{1}{2}-0.5-True] PASSED [ 51%]
stage-a-cpu (1) / run-cpu	UNKNOWN STEP	2026-09-26T01:45:18.4090441Z tests/fast/rollout/rm_hub/test_math_utils.py::TestGradeAnswerSympy::test_grade_answer_sympy[wrong-42-False] PASSED [ 51%]
stage-a-cpu (1) / run-cpu	UNKNOWN STEP	2026-09-26T01:45:18.4117777Z tests/fast/rollout/rm_hub/test_math_utils.py::TestGradeAnswerSympy::test_grade_answer_sympy[-42-False] PASSED [ 51%]
stage-a-cpu (1) / run-cpu	UNKNOWN STEP	2026-09-26T01:45:18.4145415Z tests/fast/rollout/rm_hub/test_math_utils.py::TestGradeAnswerSympy::test_grade_answer_sympy[(1,2)-(1,2)-True] PASSED [ 52%]
stage-a-cpu (1) / run-cpu	UNKNOWN STEP	2026-09-26T01:45:18.4173280Z tests/fast/rollout/rm_hub/test_math_utils.py::TestGradeAnswerSympy::test_grade_answer_sympy[(1,2,3)-(1,2)-False] PASSED [ 52%]
stage-a-cpu (1) / run-cpu	UNKNOWN STEP	2026-09-26T01:45:18.4200966Z tests/fast/rollout/rm_hub/test_math_utils.py::TestGradeAnswerSympy::test_grade_answer_sympy[42-None-False] PASSED [ 52%]
stage-a-cpu (1) / run-cpu	UNKNOWN STEP	2026-09-26T01:45:18.4228756Z tests/fast/rollout/rm_hub/test_math_utils.py::TestGradeAnswerVerl::test_grade_answer_verl[\\boxed{42}-42-True] PASSED [ 52%]
stage-a-cpu (1) / run-cpu	UNKNOWN STEP	2026-09-26T01:45:18.4256068Z tests/fast/rollout/rm_hub/test_math_utils.py::TestGradeAnswerVerl::test_grade_answer_verl[The answer is \\boxed{42}-42-True] PASSED [ 52%]
stage-a-cpu (1) / run-cpu	UNKNOWN STEP	2026-09-26T01:45:18.4283204Z tests/fast/rollout/rm_hub/test_math_utils.py::TestGradeAnswerVerl::test_grade_answer_verl[\\boxed{1/2}-\\frac{1}{2}-True] PASSED [ 52%]
stage-a-cpu (1) / run-cpu	UNKNOWN STEP	2026-09-26T01:45:18.4311255Z tests/fast/rollout/rm_hub/test_math_utils.py::TestGradeAnswerVerl::test_grade_answer_verl[\\boxed{wrong}-42-False] PASSED [ 52%]
stage-a-cpu (1) / run-cpu	UNKNOWN STEP	2026-09-26T01:45:18.4338837Z tests/fast/rollout/rm_hub/test_math_utils.py::TestGradeAnswerVerl::test_grade_answer_verl[no boxed-42-False] PASSED [ 52%]
stage-a-cpu (1) / run-cpu	UNKNOWN STEP	2026-09-26T01:45:18.4366399Z tests/fast/rollout/rm_hub/test_math_utils.py::TestGradeAnswerVerl::test_grade_answer_verl[\\boxed{42}-\\boxed{42}-True] PASSED [ 52%]
stage-a-cpu (1) / run-cpu	UNKNOWN STEP	2026-09-26T01:45:18.4394241Z tests/fast/rollout/rm_hub/test_math_utils.py::TestGradeAnswerVerl::test_grade_answer_verl[-42-False] PASSED [ 52%]
stage-a-cpu (1) / run-cpu	UNKNOWN STEP	2026-09-26T01:45:18.4421437Z tests/fast/rollout/rm_hub/test_math_utils.py::TestGradeAnswerVerl::test_grade_answer_verl[\\boxed{42}--False] PASSED [ 52%]
stage-a-cpu (1) / run-cpu	UNKNOWN STEP	2026-09-26T01:45:18.4448907Z tests/fast/rollout/rm_hub/test_math_utils.py::TestGradeAnswerVerl::test_grade_answer_verl[\\boxed{42}-None-False] PASSED [ 52%]
stage-a-cpu (1) / run-cpu	UNKNOWN STEP	2026-09-26T01:45:18.4475592Z tests/fast/rollout/session/test_request_args.py::TestResolveRequestArgsByConfig::test_default_config_body_and_key_order PASSED [ 52%]
stage-a-cpu (1) / run-cpu	UNKNOWN STEP	2026-09-26T01:45:18.4500512Z tests/fast/rollout/session/test_request_args.py::TestResolveRequestArgsByConfig::test_replay_flags_follow_the_launch_flags PASSED [ 52%]
stage-a-cpu (1) / run-cpu	UNKNOWN STEP	2026-09-26T01:45:18.4527190Z tests/fast/rollout/session/test_request_args.py::TestResolveRequestArgsByConfig::test_client_tito_control_fields_are_rejected[input_ids] PASSED [ 52%]
stage-a-cpu (1) / run-cpu	UNKNOWN STEP	2026-09-26T01:45:18.4553111Z tests/fast/rollout/session/test_request_args.py::TestResolveRequestArgsByConfig::test_client_tito_control_fields_are_rejected[routed_experts_start_len] PASSED [ 52%]
stage-a-cpu (1) / run-cpu	UNKNOWN STEP	2026-09-26T01:45:18.4578798Z tests/fast/rollout/session/test_request_args.py::TestResolveRequestArgsByConfig::test_client_tito_control_fields_are_rejected[logprob_start_len] PASSED [ 52%]
stage-a-cpu (1) / run-cpu	UNKNOWN STEP	2026-09-26T01:45:18.4604961Z tests/fast/rollout/session/test_request_args.py::TestResolveRequestArgsByConfig::test_client_tito_control_fields_are_rejected[lora_path] PASSED [ 52%]
stage-a-cpu (1) / run-cpu	UNKNOWN STEP	2026-09-26T01:45:18.4628985Z tests/fast/rollout/session/test_request_args.py::TestResolveRequestArgsByConfig::test_lora_path_follows_lora_rollout_enabled PASSED [ 52%]
stage-a-cpu (1) / run-cpu	UNKNOWN STEP	2026-09-26T01:45:18.4653864Z tests/fast/rollout/session/test_request_args.py::TestResolveRequestArgsByConfig::test_model_adapter_suffix_is_rejected_only_with_lora_rollout PASSED [ 52%]
stage-a-cpu (1) / run-cpu	UNKNOWN STEP	2026-09-26T01:45:18.4679513Z tests/fast/rollout/session/test_request_args.py::TestResolveRequestArgsByConfig::test_malformed_kwargs_are_refused[oops] PASSED [ 52%]
stage-a-cpu (1) / run-cpu	UNKNOWN STEP	2026-09-26T01:45:18.4705452Z tests/fast/rollout/session/test_request_args.py::TestResolveRequestArgsByConfig::test_malformed_kwargs_are_refused[kwargs1] PASSED [ 52%]
stage-a-cpu (1) / run-cpu	UNKNOWN STEP	2026-09-26T01:45:18.4730686Z tests/fast/rollout/session/test_request_args.py::TestResolveRequestArgsByConfig::test_malformed_kwargs_are_refused[False] PASSED [ 52%]
stage-a-cpu (1) / run-cpu	UNKNOWN STEP	2026-09-26T01:45:18.4755709Z tests/fast/rollout/session/test_request_args.py::TestResolveRequestArgsByConfig::test_malformed_kwargs_are_refused[1] PASSED [ 52%]
stage-a-cpu (1) / run-cpu	UNKNOWN STEP	2026-09-26T01:45:18.4779984Z tests/fast/rollout/session/test_request_args.py::TestResolveRequestArgsByConfig::test_tools_must_be_top_level PASSED [ 52%]
stage-a-cpu (1) / run-cpu	UNKNOWN STEP	2026-09-26T01:45:18.4805063Z tests/fast/rollout/session/test_request_args.py::TestResolveRequestArgsByConfig::test_control_field_errors_precede_template_shape_errors PASSED [ 52%]
stage-a-cpu (1) / run-cpu	UNKNOWN STEP	2026-09-26T01:45:18.4829685Z tests/fast/rollout/session/test_request_args.py::TestResolveRequestArgsByConfig::test_null_control_fields_are_removed[input_ids] PASSED [ 52%]
stage-a-cpu (1) / run-cpu	UNKNOWN STEP	2026-09-26T01:45:18.4855329Z tests/fast/rollout/session/test_request_args.py::TestResolveRequestArgsByConfig::test_null_control_fields_are_removed[routed_experts_start_len] PASSED [ 52%]
stage-a-cpu (1) / run-cpu	UNKNOWN STEP	2026-09-26T01:45:18.4879885Z tests/fast/rollout/session/test_request_args.py::TestResolveRequestArgsByConfig::test_null_control_fields_are_removed[logprob_start_len] PASSED [ 52%]
stage-a-cpu (1) / run-cpu	UNKNOWN STEP	2026-09-26T01:45:18.4905310Z tests/fast/rollout/session/test_request_args.py::TestResolveRequestArgsByConfig::test_null_control_fields_are_removed[lora_path] PASSED [ 52%]
stage-a-cpu (1) / run-cpu	UNKNOWN STEP	2026-09-26T01:45:18.4928848Z tests/fast/rollout/session/test_request_args.py::TestResolveRequestArgsByConfig::test_selected_lora_path_is_accepted PASSED [ 52%]
stage-a-cpu (1) / run-cpu	UNKNOWN STEP	2026-09-26T01:45:18.4957805Z tests/fast/rollout/session/test_request_args.py::TestPrepareChatRequest::test_wire_carries_the_template_args_the_prompt_is_rendered_with PASSED [ 52%]
stage-a-cpu (1) / run-cpu	UNKNOWN STEP	2026-09-26T01:45:18.4984616Z tests/fast/rollout/session/test_request_args.py::TestPrepareChatRequest::test_sampling_replay_uses_session_defaults_and_keeps_request_filters PASSED [ 53%]
stage-a-cpu (1) / run-cpu	UNKNOWN STEP	2026-09-26T01:45:18.5010718Z tests/fast/rollout/session/test_request_args.py::TestPrepareChatRequest::test_sampling_replay_cannot_be_disabled_by_a_request PASSED [ 53%]
stage-a-cpu (1) / run-cpu	UNKNOWN STEP	2026-09-26T01:45:18.5037340Z tests/fast/rollout/session/test_request_args.py::TestPrepareChatRequest::test_bounded_request_requires_session_sampling_replay PASSED [ 53%]
stage-a-cpu (1) / run-cpu	UNKNOWN STEP	2026-09-26T01:45:18.5066004Z tests/fast/rollout/session/test_request_args.py::TestPrepareChatRequest::test_launch_tools_stay_top_level_and_client_tools_override_them[None] PASSED [ 53%]
stage-a-cpu (1) / run-cpu	UNKNOWN STEP	2026-09-26T01:45:18.5094659Z tests/fast/rollout/session/test_request_args.py::TestPrepareChatRequest::test_launch_tools_stay_top_level_and_client_tools_override_them[client_tools1] PASSED [ 53%]
stage-a-cpu (1) / run-cpu	UNKNOWN STEP	2026-09-26T01:45:18.5122351Z tests/fast/rollout/session/test_request_args.py::TestPrepareChatRequest::test_launch_tools_stay_top_level_and_client_tools_override_them[client_tools2] PASSED [ 53%]
stage-a-cpu (1) / run-cpu	UNKNOWN STEP	2026-09-26T01:45:18.5152220Z tests/fast/rollout/session/test_request_args.py::TestPrepareChatRequest::test_inherited_tools_reach_the_wire_and_empty_args_are_retained PASSED [ 53%]
stage-a-cpu (1) / run-cpu	UNKNOWN STEP	2026-09-26T01:45:18.5182198Z tests/fast/rollout/session/test_request_args.py::TestPrepareChatRequest::test_a_refused_request_is_a_400 PASSED [ 53%]
stage-a-cpu (1) / run-cpu	UNKNOWN STEP	2026-09-26T01:45:18.5209433Z tests/fast/rollout/session/test_request_args.py::TestPrepareChatRequest::test_model_receives_and_updates_full_args_without_mutating_client_input PASSED [ 53%]
stage-a-cpu (1) / run-cpu	UNKNOWN STEP	2026-09-26T01:45:18.5233430Z tests/fast/rollout/session/test_request_args.py::test_template_projection_only_selects_render_fields PASSED [ 53%]
stage-a-cpu (1) / run-cpu	UNKNOWN STEP	2026-09-26T01:45:18.5261761Z tests/fast/rollout/session/test_request_args.py::test_filter_turn_args_drops_payload_before_copying_and_isolates_metadata[input_ids] PASSED [ 53%]
stage-a-cpu (1) / run-cpu	UNKNOWN STEP	2026-09-26T01:45:18.5291538Z tests/fast/rollout/session/test_request_args.py::test_filter_turn_args_drops_payload_before_copying_and_isolates_metadata[messages] PASSED [ 53%]
stage-a-cpu (1) / run-cpu	UNKNOWN STEP	2026-09-26T01:45:18.5315289Z tests/fast/rollout/session/test_request_args.py::test_filter_turn_args_accepts_an_explicit_drop_list PASSED [ 53%]
stage-a-cpu (1) / run-cpu	UNKNOWN STEP	2026-09-26T01:45:18.5342755Z tests/fast/rollout/session/test_request_args.py::test_eval_keeps_sampling_resolution_and_overrides_model_replay[sampling0] PASSED [ 53%]
stage-a-cpu (1) / run-cpu	UNKNOWN STEP	2026-09-26T01:45:18.5370954Z tests/fast/rollout/session/test_request_args.py::test_eval_keeps_sampling_resolution_and_overrides_model_replay[sampling1] PASSED [ 53%]
stage-a-cpu (1) / run-cpu	UNKNOWN STEP	2026-09-26T01:45:18.5398657Z tests/fast/rollout/session/test_request_args.py::test_eval_keeps_sampling_resolution_and_overrides_model_replay[sampling2] PASSED [ 53%]
stage-a-cpu (1) / run-cpu	UNKNOWN STEP	2026-09-26T01:45:18.5425840Z tests/fast/rollout/session/test_request_args.py::test_session_sampling_defaults_fill_only_omitted_fields[False] PASSED [ 53%]
stage-a-cpu (1) / run-cpu	UNKNOWN STEP	2026-09-26T01:45:18.5453714Z tests/fast/rollout/session/test_request_args.py::test_session_sampling_defaults_fill_only_omitted_fields[True] PASSED [ 53%]
stage-a-cpu (1) / run-cpu	UNKNOWN STEP	2026-09-26T01:45:18.5479398Z tests/fast/rollout/session/test_request_args.py::test_without_session_sampling_defaults_omitted_fields_stay_unset PASSED [ 53%]
stage-a-cpu (1) / run-cpu	UNKNOWN STEP	2026-09-26T01:45:18.5503085Z tests/fast/rollout/session/test_request_args.py::test_apply_session_sampling_defaults_treats_none_as_unset PASSED [ 53%]
stage-a-cpu (1) / run-cpu	UNKNOWN STEP	2026-09-26T01:45:18.5540463Z tests/fast/rollout/session/test_request_args.py::test_template_compatibility_applies_to_train_and_eval[False] PASSED [ 53%]
stage-a-cpu (1) / run-cpu	UNKNOWN STEP	2026-09-26T01:45:18.5570897Z tests/fast/rollout/session/test_request_args.py::test_template_compatibility_applies_to_train_and_eval[True] PASSED [ 53%]
stage-a-cpu (1) / run-cpu	UNKNOWN STEP	2026-09-26T01:45:18.5598259Z tests/fast/rollout/session/test_sessions.py::TestSetupSessionRoutes::test_without_hf_checkpoint_registers_no_session_routes PASSED [ 53%]
stage-a-cpu (1) / run-cpu	UNKNOWN STEP	2026-09-26T01:45:18.5626845Z tests/fast/router/test_linear_trajectory.py::TestSessionCRUD::test_create_session PASSED [ 53%]
stage-a-cpu (1) / run-cpu	UNKNOWN STEP	2026-09-26T01:45:18.5651961Z tests/fast/router/test_linear_trajectory.py::TestSessionCRUD::test_get_session PASSED [ 53%]
stage-a-cpu (1) / run-cpu	UNKNOWN STEP	2026-09-26T01:45:18.5677481Z tests/fast/router/test_linear_trajectory.py::TestSessionCRUD::test_get_session_not_found PASSED [ 53%]
stage-a-cpu (1) / run-cpu	UNKNOWN STEP	2026-09-26T01:45:18.5703848Z tests/fast/router/test_linear_trajectory.py::TestSessionCRUD::test_remove_session PASSED [ 53%]
stage-a-cpu (1) / run-cpu	UNKNOWN STEP	2026-09-26T01:45:18.5728877Z tests/fast/router/test_linear_trajectory.py::TestSessionCRUD::test_append_record PASSED [ 53%]
stage-a-cpu (1) / run-cpu	UNKNOWN STEP	2026-09-26T01:45:18.5755195Z tests/fast/router/test_linear_trajectory.py::TestSessionCRUD::test_append_record_missing_session PASSED [ 53%]
stage-a-cpu (1) / run-cpu	UNKNOWN STEP	2026-09-26T01:45:18.5780879Z tests/fast/router/test_linear_trajectory.py::TestSingleUserTurnPretokenized::test_first_turn_renders_from_scratch PASSED [ 53%]
stage-a-cpu (1) / run-cpu	UNKNOWN STEP	2026-09-26T01:45:18.5807662Z tests/fast/router/test_linear_trajectory.py::TestSingleUserTurnPretokenized::test_two_turn_trajectory PASSED [ 53%]
stage-a-cpu (1) / run-cpu	UNKNOWN STEP	2026-09-26T01:45:18.5835509Z tests/fast/router/test_linear_trajectory.py::TestSingleUserTurnPretokenized::test_three_turn_trajectory PASSED [ 53%]
stage-a-cpu (1) / run-cpu	UNKNOWN STEP	2026-09-26T01:45:18.5862583Z tests/fast/router/test_linear_trajectory.py::TestSingleUserTurnPretokenized::test_prefix_mismatch_raises PASSED [ 54%]
stage-a-cpu (1) / run-cpu	UNKNOWN STEP	2026-09-26T01:45:18.5888282Z tests/fast/router/test_linear_trajectory.py::TestSingleUserTurnPretokenized::test_session_not_found_raises PASSED [ 54%]
stage-a-cpu (1) / run-cpu	UNKNOWN STEP	2026-09-26T01:45:18.5915259Z tests/fast/router/test_linear_trajectory.py::TestSingleUserTurnPretokenized::test_no_system_message PASSED [ 54%]
stage-a-cpu (1) / run-cpu	UNKNOWN STEP	2026-09-26T01:45:18.5942058Z tests/fast/router/test_linear_trajectory.py::TestSingleUserTurnPretokenized::test_multiple_system_messages_at_start PASSED [ 54%]
stage-a-cpu (1) / run-cpu	UNKNOWN STEP	2026-09-26T01:45:18.5967828Z tests/fast/router/test_linear_trajectory.py::TestAppendRoleDefault::test_default_template_allows_user_append PASSED [ 54%]
stage-a-cpu (1) / run-cpu	UNKNOWN STEP	2026-09-26T01:45:18.5994342Z tests/fast/router/test_linear_trajectory.py::TestAppendRoleDefault::test_default_template_allows_assistant_append PASSED [ 54%]
stage-a-cpu (1) / run-cpu	UNKNOWN STEP	2026-09-26T01:45:18.6021549Z tests/fast/router/test_linear_trajectory.py::TestAppendRoleToolOnly::test_tool_append_allowed PASSED [ 54%]
stage-a-cpu (1) / run-cpu	UNKNOWN STEP	2026-09-26T01:45:18.6049710Z tests/fast/router/test_linear_trajectory.py::TestAppendRoleToolOnly::test_system_append_rejected PASSED [ 54%]
stage-a-cpu (1) / run-cpu	UNKNOWN STEP	2026-09-26T01:45:18.6077511Z tests/fast/router/test_linear_trajectory.py::TestAppendRoleToolOnly::test_user_append_rejected PASSED [ 54%]
stage-a-cpu (1) / run-cpu	UNKNOWN STEP	2026-09-26T01:45:18.6105400Z tests/fast/router/test_linear_trajectory.py::TestAppendRoleAssistant::test_assistant_append_allowed PASSED [ 54%]
stage-a-cpu (1) / run-cpu	UNKNOWN STEP	2026-09-26T01:45:18.6131190Z tests/fast/router/test_linear_trajectory.py::TestAppendRoleToolSystem::test_tool_append_allowed PASSED [ 54%]
stage-a-cpu (1) / run-cpu	UNKNOWN STEP	2026-09-26T01:45:18.6157082Z tests/fast/router/test_linear_trajectory.py::TestAppendRoleToolSystem::test_system_append_allowed PASSED [ 54%]
stage-a-cpu (1) / run-cpu	UNKNOWN STEP	2026-09-26T01:45:18.6184778Z tests/fast/router/test_linear_trajectory.py::TestAppendRoleToolSystem::test_system_then_assistant_trajectory PASSED [ 54%]
stage-a-cpu (1) / run-cpu	UNKNOWN STEP	2026-09-26T01:45:18.6210895Z tests/fast/router/test_linear_trajectory.py::TestAppendRoleToolSystem::test_user_append_rejected PASSED [ 54%]
stage-a-cpu (1) / run-cpu	UNKNOWN STEP	2026-09-26T01:45:18.6237489Z tests/fast/router/test_linear_trajectory.py::TestAppendRoleToolUser::test_tool_append_allowed PASSED [ 54%]
stage-a-cpu (1) / run-cpu	UNKNOWN STEP	2026-09-26T01:45:18.6264259Z tests/fast/router/test_linear_trajectory.py::TestAppendRoleToolUser::test_user_append_allowed PASSED [ 54%]
stage-a-cpu (1) / run-cpu	UNKNOWN STEP	2026-09-26T01:45:18.6292158Z tests/fast/router/test_linear_trajectory.py::TestAppendRoleToolUser::test_user_then_assistant_trajectory PASSED [ 54%]
stage-a-cpu (1) / run-cpu	UNKNOWN STEP	2026-09-26T01:45:18.6317827Z tests/fast/router/test_linear_trajectory.py::TestAppendRoleToolUser::test_system_append_rejected PASSED [ 54%]
stage-a-cpu (1) / run-cpu	UNKNOWN STEP	2026-09-26T01:45:18.6345995Z tests/fast/router/test_linear_trajectory.py::TestRollback::test_rollback_to_first_assistant PASSED [ 54%]
stage-a-cpu (1) / run-cpu	UNKNOWN STEP	2026-09-26T01:45:18.6374138Z tests/fast/router/test_linear_trajectory.py::TestRollback::test_multi_step_rollback_raises PASSED [ 54%]
stage-a-cpu (1) / run-cpu	UNKNOWN STEP	2026-09-26T01:45:18.6401861Z tests/fast/router/test_linear_trajectory.py::TestRollback::test_rollback_then_continue_full_trajectory PASSED [ 54%]
stage-a-cpu (1) / run-cpu	UNKNOWN STEP	2026-09-26T01:45:18.6428800Z tests/fast/router/test_linear_trajectory.py::TestRollback::test_rollback_fewer_messages_than_stored PASSED [ 54%]
stage-a-cpu (1) / run-cpu	UNKNOWN STEP	2026-09-26T01:45:18.6456999Z tests/fast/router/test_linear_trajectory.py::TestRollback::test_rollback_to_second_assistant PASSED [ 54%]
stage-a-cpu (1) / run-cpu	UNKNOWN STEP	2026-09-26T01:45:18.6482593Z tests/fast/router/test_linear_trajectory.py::TestRollback::test_no_rollback_when_append_only PASSED [ 54%]
stage-a-cpu (1) / run-cpu	UNKNOWN STEP	2026-09-26T01:45:18.6508490Z tests/fast/router/test_linear_trajectory.py::TestRollback::test_rollback_no_assistant_in_prefix_resets_session PASSED [ 54%]
stage-a-cpu (1) / run-cpu	UNKNOWN STEP	2026-09-26T01:45:18.6535287Z tests/fast/router/test_linear_trajectory.py::TestRollback::test_rollback_regenerates_verbatim_first_turn PASSED [ 54%]
stage-a-cpu (1) / run-cpu	UNKNOWN STEP	2026-09-26T01:45:18.6561641Z tests/fast/router/test_linear_trajectory.py::TestRollback::test_rollback_to_empty_beyond_one_assistant_raises PASSED [ 54%]
stage-a-cpu (1) / run-cpu	UNKNOWN STEP	2026-09-26T01:45:18.6588490Z tests/fast/router/test_linear_trajectory.py::TestRollback::test_rollback_records_truncated PASSED [ 54%]
stage-a-cpu (1) / run-cpu	UNKNOWN STEP	2026-09-26T01:45:18.6616446Z tests/fast/router/test_linear_trajectory.py::TestRollback::test_injected_assistants_are_not_generated_checkpoints PASSED [ 54%]
stage-a-cpu (1) / run-cpu	UNKNOWN STEP	2026-09-26T01:45:18.6641002Z tests/fast/router/test_linear_trajectory.py::TestUpdatePretokenizedStateMissingSession::test_raises_on_missing_session PASSED [ 54%]
stage-a-cpu (1) / run-cpu	UNKNOWN STEP	2026-09-26T01:45:18.6665090Z tests/fast/router/test_linear_trajectory.py::TestComputeSessionMismatch::test_raises_for_missing_session PASSED [ 54%]
stage-a-cpu (1) / run-cpu	UNKNOWN STEP	2026-09-26T01:45:18.6689214Z tests/fast/router/test_linear_trajectory.py::TestComputeSessionMismatch::test_returns_none_for_empty_token_ids PASSED [ 54%]
stage-a-cpu (1) / run-cpu	UNKNOWN STEP	2026-09-26T01:45:18.6720903Z tests/fast/router/test_linear_trajectory.py::TestComputeSessionMismatch::test_returns_empty_list_when_no_mismatch PASSED [ 55%]
stage-a-cpu (1) / run-cpu	UNKNOWN STEP	2026-09-26T01:45:18.6754790Z tests/fast/router/test_linear_trajectory.py::TestComputeSessionMismatch::test_returns_mismatch_dicts PASSED [ 55%]
stage-a-cpu (1) / run-cpu	UNKNOWN STEP	2026-09-26T01:45:18.6783586Z tests/fast/router/test_linear_trajectory.py::TestComputeSessionMismatch::test_raises_tokenization_error_on_exception PASSED [ 55%]
stage-a-cpu (1) / run-cpu	UNKNOWN STEP	2026-09-26T01:45:18.6816305Z tests/fast/router/test_linear_trajectory.py::TestComputeSessionMismatch::test_renders_with_the_tools_the_tip_recorded PASSED [ 55%]
stage-a-cpu (1) / run-cpu	UNKNOWN STEP	2026-09-26T01:45:18.6845997Z tests/fast/router/test_linear_trajectory.py::TestComputeSessionMismatch::test_renders_with_the_kwargs_the_tip_recorded PASSED [ 55%]
stage-a-cpu (1) / run-cpu	UNKNOWN STEP	2026-09-26T01:45:18.6871142Z tests/fast/router/test_linear_trajectory.py::test_committed_full_turn_args_are_isolated_from_later_request_mutation PASSED [ 55%]
stage-a-cpu (1) / run-cpu	UNKNOWN STEP	2026-09-26T01:45:18.6902797Z tests/fast/router/test_linear_trajectory.py::test_mismatch_does_not_resolve_defaults_for_an_empty_committed_record PASSED [ 55%]
stage-a-cpu (1) / run-cpu	UNKNOWN STEP	2026-09-26T01:45:24.8096305Z tests/fast/router/test_session_anthropic.py::test_sessions_module_imports_without_optional_sglang_anthropic_helpers[sglang.srt.entrypoints.anthropic] PASSED [ 55%]
stage-a-cpu (1) / run-cpu	UNKNOWN STEP	2026-09-26T01:45:30.6200869Z tests/fast/router/test_session_anthropic.py::test_sessions_module_imports_without_optional_sglang_anthropic_helpers[sglang.srt.entrypoints.anthropic.utils] PASSED [ 55%]
stage-a-cpu (1) / run-cpu	UNKNOWN STEP	2026-09-26T01:45:36.6549963Z tests/fast/router/test_session_anthropic.py::test_sessions_module_imports_without_optional_sglang_anthropic_helpers[sglang.srt.entrypoints.anthropic.serving] PASSED [ 55%]
stage-a-cpu (1) / run-cpu	UNKNOWN STEP	2026-09-26T01:45:42.5419566Z tests/fast/router/test_session_anthropic.py::test_sessions_module_imports_without_optional_sglang_anthropic_helpers[sglang.srt.entrypoints.anthropic.protocol] PASSED [ 55%]
stage-a-cpu (1) / run-cpu	UNKNOWN STEP	2026-09-26T01:45:42.8060151Z tests/fast/router/test_session_anthropic.py::TestAnthropicRoute::test_unavailable_sglang_adapter_returns_501_without_record[v1] PASSED [ 55%]
stage-a-cpu (1) / run-cpu	UNKNOWN STEP	2026-09-26T01:45:42.8111358Z tests/fast/router/test_session_anthropic.py::TestAnthropicRoute::test_health_reports_live_intermediate_system_capability[v1] PASSED [ 55%]
stage-a-cpu (1) / run-cpu	UNKNOWN STEP	2026-09-26T01:45:42.8262877Z tests/fast/router/test_session_anthropic.py::TestAnthropicRoute::test_non_stream_text_creates_canonical_openai_record[v1] PASSED [ 55%]
stage-a-cpu (1) / run-cpu	UNKNOWN STEP	2026-09-26T01:45:42.8388897Z tests/fast/router/test_session_anthropic.py::TestAnthropicRoute::test_assistant_thinking_history_becomes_canonical_reasoning_content[v1] PASSED [ 55%]
stage-a-cpu (1) / run-cpu	UNKNOWN STEP	2026-09-26T01:45:42.8569682Z tests/fast/router/test_session_anthropic.py::TestAnthropicRoute::test_assistant_thinking_response_replays_as_the_same_canonical_history[v1] PASSED [ 55%]
stage-a-cpu (1) / run-cpu	UNKNOWN STEP	2026-09-26T01:45:42.8763793Z tests/fast/router/test_session_anthropic.py::TestAnthropicRoute::test_intermediate_system_stays_in_place[v1] PASSED [ 55%]
stage-a-cpu (1) / run-cpu	UNKNOWN STEP	2026-09-26T01:45:42.8896258Z tests/fast/router/test_session_anthropic.py::TestAnthropicRoute::test_stream_returns_eager_fake_sse[v1] PASSED [ 55%]
stage-a-cpu (1) / run-cpu	UNKNOWN STEP	2026-09-26T01:45:42.9127915Z tests/fast/router/test_session_anthropic.py::TestAnthropicRoute::test_parity_with_equivalent_openai_request[v1] PASSED [ 55%]
stage-a-cpu (1) / run-cpu	UNKNOWN STEP	2026-09-26T01:45:42.9369119Z tests/fast/router/test_session_anthropic.py::TestAnthropicRoute::test_parity_with_equivalent_openai_request_with_tools[v1] PASSED [ 55%]
stage-a-cpu (1) / run-cpu	UNKNOWN STEP	2026-09-26T01:45:42.9501728Z tests/fast/router/test_session_anthropic.py::TestAnthropicRoute::test_unexpected_core_exception_wears_anthropic_envelope[v1] PASSED [ 55%]
stage-a-cpu (1) / run-cpu	UNKNOWN STEP	2026-09-26T01:45:42.9596232Z tests/fast/router/test_session_anthropic.py::TestAnthropicRoute::test_nan_sampling_param_maps_to_invalid_request_error[v1] PASSED [ 55%]
stage-a-cpu (1) / run-cpu	UNKNOWN STEP	2026-09-26T01:45:42.9803316Z tests/fast/router/test_session_anthropic.py::TestAnthropicRoute::test_error_envelopes_and_no_record_on_validation_failure[v1] PASSED [ 55%]
stage-a-cpu (1) / run-cpu	UNKNOWN STEP	2026-09-26T01:45:43.0316922Z tests/fast/router/test_session_anthropic.py::TestAnthropicRoute::test_fixed_feature_policy_rejects_before_core[v1] PASSED [ 55%]
stage-a-cpu (1) / run-cpu	UNKNOWN STEP	2026-09-26T01:45:43.0486429Z tests/fast/router/test_session_anthropic.py::TestAnthropicRoute::test_converter_exception_is_400_before_core[v1] PASSED [ 55%]
stage-a-cpu (1) / run-cpu	UNKNOWN STEP	2026-09-26T01:45:43.0605312Z tests/fast/router/test_session_anthropic.py::TestAnthropicRoute::test_backend_failure_maps_to_anthropic_error_without_record[v1] PASSED [ 55%]
stage-a-cpu (1) / run-cpu	UNKNOWN STEP	2026-09-26T01:45:43.0742677Z tests/fast/router/test_session_anthropic.py::TestAnthropicRoute::test_post_commit_conversion_failure_returns_500_and_keeps_record[v1] PASSED [ 55%]
stage-a-cpu (1) / run-cpu	UNKNOWN STEP	2026-09-26T01:45:43.0876535Z tests/fast/router/test_session_anthropic.py::TestAnthropicRoute::test_sse_build_failure_returns_json_500_not_partial_stream[v1] PASSED [ 55%]
stage-a-cpu (1) / run-cpu	UNKNOWN STEP	2026-09-26T01:45:43.1123507Z tests/fast/router/test_session_anthropic.py::TestAnthropicToolFlow::test_strict_matcher_rejects_respelled_tool_arguments[v1] PASSED [ 55%]
stage-a-cpu (1) / run-cpu	UNKNOWN STEP	2026-09-26T01:45:43.6130128Z tests/fast/router/test_session_anthropic.py::TestAnthropicRoute::test_unavailable_sglang_adapter_returns_501_without_record[v2] PASSED [ 55%]
stage-a-cpu (1) / run-cpu	UNKNOWN STEP	2026-09-26T01:45:43.6181409Z tests/fast/router/test_session_anthropic.py::TestAnthropicRoute::test_health_reports_live_intermediate_system_capability[v2] PASSED [ 55%]
stage-a-cpu (1) / run-cpu	UNKNOWN STEP	2026-09-26T01:45:43.6347774Z tests/fast/router/test_session_anthropic.py::TestAnthropicRoute::test_non_stream_text_creates_canonical_openai_record[v2] PASSED [ 55%]
stage-a-cpu (1) / run-cpu	UNKNOWN STEP	2026-09-26T01:45:43.6477802Z tests/fast/router/test_session_anthropic.py::TestAnthropicRoute::test_assistant_thinking_history_becomes_canonical_reasoning_content[v2] PASSED [ 56%]
stage-a-cpu (1) / run-cpu	UNKNOWN STEP	2026-09-26T01:45:43.6657118Z tests/fast/router/test_session_anthropic.py::TestAnthropicRoute::test_assistant_thinking_response_replays_as_the_same_canonical_history[v2] PASSED [ 56%]
stage-a-cpu (1) / run-cpu	UNKNOWN STEP	2026-09-26T01:45:43.6845388Z tests/fast/router/test_session_anthropic.py::TestAnthropicRoute::test_intermediate_system_stays_in_place[v2] PASSED [ 56%]
stage-a-cpu (1) / run-cpu	UNKNOWN STEP	2026-09-26T01:45:43.6972589Z tests/fast/router/test_session_anthropic.py::TestAnthropicRoute::test_stream_returns_eager_fake_sse[v2] PASSED [ 56%]
stage-a-cpu (1) / run-cpu	UNKNOWN STEP	2026-09-26T01:45:43.7204109Z tests/fast/router/test_session_anthropic.py::TestAnthropicRoute::test_parity_with_equivalent_openai_request[v2] PASSED [ 56%]
stage-a-cpu (1) / run-cpu	UNKNOWN STEP	2026-09-26T01:45:43.7456451Z tests/fast/router/test_session_anthropic.py::TestAnthropicRoute::test_parity_with_equivalent_openai_request_with_tools[v2] PASSED [ 56%]
stage-a-cpu (1) / run-cpu	UNKNOWN STEP	2026-09-26T01:45:43.7584867Z tests/fast/router/test_session_anthropic.py::TestAnthropicRoute::test_unexpected_core_exception_wears_anthropic_envelope[v2] PASSED [ 56%]
stage-a-cpu (1) / run-cpu	UNKNOWN STEP	2026-09-26T01:45:43.7682387Z tests/fast/router/test_session_anthropic.py::TestAnthropicRoute::test_nan_sampling_param_maps_to_invalid_request_error[v2] PASSED [ 56%]
stage-a-cpu (1) / run-cpu	UNKNOWN STEP	2026-09-26T01:45:43.7893030Z tests/fast/router/test_session_anthropic.py::TestAnthropicRoute::test_error_envelopes_and_no_record_on_validation_failure[v2] PASSED [ 56%]
stage-a-cpu (1) / run-cpu	UNKNOWN STEP	2026-09-26T01:45:43.8393317Z tests/fast/router/test_session_anthropic.py::TestAnthropicRoute::test_fixed_feature_policy_rejects_before_core[v2] PASSED [ 56%]
stage-a-cpu (1) / run-cpu	UNKNOWN STEP	2026-09-26T01:45:43.8552974Z tests/fast/router/test_session_anthropic.py::TestAnthropicRoute::test_converter_exception_is_400_before_core[v2] PASSED [ 56%]
stage-a-cpu (1) / run-cpu	UNKNOWN STEP	2026-09-26T01:45:43.8673776Z tests/fast/router/test_session_anthropic.py::TestAnthropicRoute::test_backend_failure_maps_to_anthropic_error_without_record[v2] PASSED [ 56%]
stage-a-cpu (1) / run-cpu	UNKNOWN STEP	2026-09-26T01:45:43.8811647Z tests/fast/router/test_session_anthropic.py::TestAnthropicRoute::test_post_commit_conversion_failure_returns_500_and_keeps_record[v2] PASSED [ 56%]
stage-a-cpu (1) / run-cpu	UNKNOWN STEP	2026-09-26T01:45:43.8944093Z tests/fast/router/test_session_anthropic.py::TestAnthropicRoute::test_sse_build_failure_returns_json_500_not_partial_stream[v2] PASSED [ 56%]
stage-a-cpu (1) / run-cpu	UNKNOWN STEP	2026-09-26T01:45:43.8962480Z tests/fast/router/test_session_anthropic.py::TestAnthropicToolFlow::test_strict_matcher_rejects_respelled_tool_arguments[v2] SKIPPEDe
stage-a-cpu (1) / run-cpu	UNKNOWN STEP	2026-09-26T01:45:43.8971859Z covers v2)                                                               [ 56%]
stage-a-cpu (1) / run-cpu	UNKNOWN STEP	2026-09-26T01:45:43.9003095Z tests/fast/router/test_session_anthropic.py::TestAnthropicRoute::test_assistant_thinking_strip_preserves_the_rest_of_the_message[None-] PASSED [ 56%]
stage-a-cpu (1) / run-cpu	UNKNOWN STEP	2026-09-26T01:45:43.9045356Z tests/fast/router/test_session_anthropic.py::TestAnthropicRoute::test_assistant_thinking_strip_preserves_the_rest_of_the_message[remaining_block1-None] PASSED [ 56%]
stage-a-cpu (1) / run-cpu	UNKNOWN STEP	2026-09-26T01:45:43.9083817Z tests/fast/router/test_session_anthropic.py::TestAnthropicRoute::test_feature_priority_is_stable PASSED [ 56%]
stage-a-cpu (1) / run-cpu	UNKNOWN STEP	2026-09-26T01:45:43.9122677Z tests/fast/router/test_session_anthropic.py::TestAnthropicRoute::test_policy_traversal_boundaries_match_converter PASSED [ 56%]
stage-a-cpu (1) / run-cpu	UNKNOWN STEP	2026-09-26T01:45:44.1914972Z tests/fast/router/test_session_anthropic.py::TestAnthropicToolFlow::test_multi_turn_tool_flow_reuses_stored_prefix[v1] PASSED [ 56%]
stage-a-cpu (1) / run-cpu	UNKNOWN STEP	2026-09-26T01:45:44.6966611Z tests/fast/router/test_session_anthropic.py::TestAnthropicToolFlow::test_multi_turn_tool_flow_reuses_stored_prefix[v2] PASSED [ 56%]
stage-a-cpu (1) / run-cpu	UNKNOWN STEP	2026-09-26T01:45:45.6079285Z tests/fast/router/test_session_anthropic.py::TestAnthropicCloseRace::test_delete_during_inflight_chat_skips_update_gracefully PASSED [ 56%]
stage-a-cpu (1) / run-cpu	UNKNOWN STEP	2026-09-26T01:45:45.6107071Z tests/fast/router/test_session_anthropic.py::TestMatcherGate::test_strict_rejects_and_loose_accepts_respelled_arguments PASSED [ 56%]
stage-a-cpu (1) / run-cpu	UNKNOWN STEP	2026-09-26T01:45:46.2719285Z tests/fast/router/test_session_anthropic.py::TestMatcherGate::test_strict_accepts_identical_spelling PASSED [ 56%]
stage-a-cpu (1) / run-cpu	UNKNOWN STEP	2026-09-26T01:45:47.2868574Z tests/fast/router/test_session_race_conditions.py::TestSessionConcurrencyContracts::test_same_session_concurrent_requests_reach_backend PASSED [ 56%]
stage-a-cpu (1) / run-cpu	UNKNOWN STEP	2026-09-26T01:45:48.0991110Z tests/fast/router/test_session_race_conditions.py::TestSessionConcurrencyContracts::test_different_sessions_can_run_in_parallel PASSED [ 56%]
stage-a-cpu (1) / run-cpu	UNKNOWN STEP	2026-09-26T01:45:49.0133450Z tests/fast/router/test_session_race_conditions.py::TestSessionConcurrencyContracts::test_e2e_pressure_serial_per_session_parallel_globally PASSED [ 56%]
stage-a-cpu (1) / run-cpu	UNKNOWN STEP	2026-09-26T01:45:49.9263884Z tests/fast/router/test_session_race_conditions.py::TestSessionConcurrencyContracts::test_delete_can_proceed_while_chat_is_mid_proxy PASSED [ 56%]
stage-a-cpu (1) / run-cpu	UNKNOWN STEP	2026-09-26T01:45:51.0378634Z tests/fast/router/test_session_race_conditions.py::TestClosingRaceConditions::test_chat_during_delete_returns_404 PASSED [ 56%]
stage-a-cpu (1) / run-cpu	UNKNOWN STEP	2026-09-26T01:45:51.9497059Z tests/fast/router/test_session_race_conditions.py::TestClosingRaceConditions::test_double_delete_second_returns_404 PASSED [ 56%]
stage-a-cpu (1) / run-cpu	UNKNOWN STEP	2026-09-26T01:45:52.5591474Z tests/fast/router/test_session_race_conditions.py::TestClosingRaceConditions::test_chat_after_delete_returns_404 PASSED [ 56%]
stage-a-cpu (1) / run-cpu	UNKNOWN STEP	2026-09-26T01:45:53.4700815Z tests/fast/router/test_session_race_conditions.py::TestClosingRaceConditions::test_multiple_chats_queued_then_delete PASSED [ 56%]
stage-a-cpu (1) / run-cpu	UNKNOWN STEP	2026-09-26T01:45:54.2844879Z tests/fast/router/test_session_race_conditions.py::TestClosingRaceConditions::test_rapid_create_chat_delete_cycles PASSED [ 57%]
stage-a-cpu (1) / run-cpu	UNKNOWN STEP	2026-09-26T01:45:54.2871047Z tests/fast/router/test_session_state.py::TestSessionCRUD::test_create_session PASSED [ 57%]
stage-a-cpu (1) / run-cpu	UNKNOWN STEP	2026-09-26T01:45:54.2896278Z tests/fast/router/test_session_state.py::TestSessionCRUD::test_get_session PASSED [ 57%]
stage-a-cpu (1) / run-cpu	UNKNOWN STEP	2026-09-26T01:45:54.2921350Z tests/fast/router/test_session_state.py::TestSessionCRUD::test_get_session_not_found PASSED [ 57%]
stage-a-cpu (1) / run-cpu	UNKNOWN STEP	2026-09-26T01:45:54.2946821Z tests/fast/router/test_session_state.py::TestSessionCRUD::test_remove_session PASSED [ 57%]
stage-a-cpu (1) / run-cpu	UNKNOWN STEP	2026-09-26T01:45:54.2972626Z tests/fast/router/test_session_state.py::TestSessionCRUD::test_committed_generation_carries_its_record PASSED [ 57%]
stage-a-cpu (1) / run-cpu	UNKNOWN STEP	2026-09-26T01:45:54.2997569Z tests/fast/router/test_session_state.py::TestSessionCRUD::test_append_record_missing_session PASSED [ 57%]
stage-a-cpu (1) / run-cpu	UNKNOWN STEP	2026-09-26T01:45:54.3023366Z tests/fast/router/test_session_state.py::TestSingleUserTurnPretokenized::test_first_turn_renders_from_scratch PASSED [ 57%]
stage-a-cpu (1) / run-cpu	UNKNOWN STEP	2026-09-26T01:45:54.3050378Z tests/fast/router/test_session_state.py::TestSingleUserTurnPretokenized::test_two_turn_trajectory PASSED [ 57%]
stage-a-cpu (1) / run-cpu	UNKNOWN STEP	2026-09-26T01:45:54.3077772Z tests/fast/router/test_session_state.py::TestSingleUserTurnPretokenized::test_three_turn_trajectory PASSED [ 57%]
stage-a-cpu (1) / run-cpu	UNKNOWN STEP	2026-09-26T01:45:54.3102999Z tests/fast/router/test_session_state.py::TestSingleUserTurnPretokenized::test_prefix_mismatch_raises PASSED [ 57%]
stage-a-cpu (1) / run-cpu	UNKNOWN STEP	2026-09-26T01:45:54.3129845Z tests/fast/router/test_session_state.py::TestSingleUserTurnPretokenized::test_disallowed_env_role_in_suffix_raises PASSED [ 57%]
stage-a-cpu (1) / run-cpu	UNKNOWN STEP	2026-09-26T01:45:54.3154370Z tests/fast/router/test_session_state.py::TestSingleUserTurnPretokenized::test_session_not_found_raises PASSED [ 57%]
stage-a-cpu (1) / run-cpu	UNKNOWN STEP	2026-09-26T01:45:54.3179890Z tests/fast/router/test_session_state.py::TestSingleUserTurnPretokenized::test_no_system_message PASSED [ 57%]
stage-a-cpu (1) / run-cpu	UNKNOWN STEP	2026-09-26T01:45:54.3205854Z tests/fast/router/test_session_state.py::TestSingleUserTurnPretokenized::test_multiple_system_messages_at_start PASSED [ 57%]
stage-a-cpu (1) / run-cpu	UNKNOWN STEP	2026-09-26T01:45:54.3231323Z tests/fast/router/test_session_state.py::TestAppendRoleToolOnly::test_tool_append_allowed PASSED [ 57%]
stage-a-cpu (1) / run-cpu	UNKNOWN STEP	2026-09-26T01:45:54.3257469Z tests/fast/router/test_session_state.py::TestAppendRoleToolOnly::test_system_append_rejected PASSED [ 57%]
stage-a-cpu (1) / run-cpu	UNKNOWN STEP	2026-09-26T01:45:54.3283328Z tests/fast/router/test_session_state.py::TestAppendRoleToolOnly::test_user_append_rejected PASSED [ 57%]
stage-a-cpu (1) / run-cpu	UNKNOWN STEP	2026-09-26T01:45:54.3308466Z tests/fast/router/test_session_state.py::TestAppendRoleToolSystem::test_tool_append_allowed PASSED [ 57%]
stage-a-cpu (1) / run-cpu	UNKNOWN STEP	2026-09-26T01:45:54.3334045Z tests/fast/router/test_session_state.py::TestAppendRoleToolSystem::test_system_append_allowed PASSED [ 57%]
stage-a-cpu (1) / run-cpu	UNKNOWN STEP	2026-09-26T01:45:54.3361241Z tests/fast/router/test_session_state.py::TestAppendRoleToolSystem::test_system_then_assistant_trajectory PASSED [ 57%]
stage-a-cpu (1) / run-cpu	UNKNOWN STEP	2026-09-26T01:45:54.3386745Z tests/fast/router/test_session_state.py::TestAppendRoleToolSystem::test_user_append_rejected PASSED [ 57%]
stage-a-cpu (1) / run-cpu	UNKNOWN STEP	2026-09-26T01:45:54.3412342Z tests/fast/router/test_session_state.py::TestAppendRoleToolUser::test_tool_append_allowed PASSED [ 57%]
stage-a-cpu (1) / run-cpu	UNKNOWN STEP	2026-09-26T01:45:54.3437340Z tests/fast/router/test_session_state.py::TestAppendRoleToolUser::test_user_append_allowed PASSED [ 57%]
stage-a-cpu (1) / run-cpu	UNKNOWN STEP	2026-09-26T01:45:54.3463914Z tests/fast/router/test_session_state.py::TestAppendRoleToolUser::test_user_then_assistant_trajectory PASSED [ 57%]
stage-a-cpu (1) / run-cpu	UNKNOWN STEP	2026-09-26T01:45:54.3494735Z tests/fast/router/test_session_state.py::TestAppendRoleToolUser::test_system_append_rejected PASSED [ 57%]
stage-a-cpu (1) / run-cpu	UNKNOWN STEP	2026-09-26T01:45:54.3519964Z tests/fast/router/test_session_state.py::TestCarriedAssistant::test_carried_assistant_before_user_allowed PASSED [ 57%]
stage-a-cpu (1) / run-cpu	UNKNOWN STEP	2026-09-26T01:45:54.3546940Z tests/fast/router/test_session_state.py::TestCarriedAssistant::test_carried_assistant_rejected_without_template_support PASSED [ 57%]
stage-a-cpu (1) / run-cpu	UNKNOWN STEP	2026-09-26T01:45:54.3574290Z tests/fast/router/test_session_state.py::TestRollback::test_rollback_to_first_assistant PASSED [ 57%]
stage-a-cpu (1) / run-cpu	UNKNOWN STEP	2026-09-26T01:45:54.3601864Z tests/fast/router/test_session_state.py::TestRollback::test_multi_step_rollback_raises PASSED [ 57%]
stage-a-cpu (1) / run-cpu	UNKNOWN STEP	2026-09-26T01:45:54.3628648Z tests/fast/router/test_session_state.py::TestRollback::test_rollback_then_continue_full_trajectory PASSED [ 57%]
stage-a-cpu (1) / run-cpu	UNKNOWN STEP	2026-09-26T01:45:54.3656348Z tests/fast/router/test_session_state.py::TestRollback::test_rollback_fewer_messages_than_stored PASSED [ 57%]
stage-a-cpu (1) / run-cpu	UNKNOWN STEP	2026-09-26T01:45:54.3684057Z tests/fast/router/test_session_state.py::TestRollback::test_rollback_to_second_assistant PASSED [ 58%]
stage-a-cpu (1) / run-cpu	UNKNOWN STEP	2026-09-26T01:45:54.3710607Z tests/fast/router/test_session_state.py::TestRollback::test_no_rollback_when_append_only PASSED [ 58%]
stage-a-cpu (1) / run-cpu	UNKNOWN STEP	2026-09-26T01:45:54.3735900Z tests/fast/router/test_session_state.py::TestRollback::test_rollback_no_assistant_in_prefix_raises PASSED [ 58%]
stage-a-cpu (1) / run-cpu	UNKNOWN STEP	2026-09-26T01:45:54.3762813Z tests/fast/router/test_session_state.py::TestRollback::test_served_records_follow_the_latest_commit PASSED [ 58%]
stage-a-cpu (1) / run-cpu	UNKNOWN STEP	2026-09-26T01:45:54.3787556Z tests/fast/router/test_session_state.py::TestJudgmentCountingMatrix::test_empty_view_extends_anything PASSED [ 58%]
stage-a-cpu (1) / run-cpu	UNKNOWN STEP	2026-09-26T01:45:54.3813531Z tests/fast/router/test_session_state.py::TestJudgmentCountingMatrix::test_strict_extension_leaves_view_alone PASSED [ 58%]
stage-a-cpu (1) / run-cpu	UNKNOWN STEP	2026-09-26T01:45:54.3839674Z tests/fast/router/test_session_state.py::TestJudgmentCountingMatrix::test_degenerate_equal_history_is_extend PASSED [ 58%]
stage-a-cpu (1) / run-cpu	UNKNOWN STEP	2026-09-26T01:45:54.3865561Z tests/fast/router/test_session_state.py::TestJudgmentCountingMatrix::test_pure_drop_one_generation PASSED [ 58%]
stage-a-cpu (1) / run-cpu	UNKNOWN STEP	2026-09-26T01:45:54.3891532Z tests/fast/router/test_session_state.py::TestJudgmentCountingMatrix::test_divergent_one_generation PASSED [ 58%]
stage-a-cpu (1) / run-cpu	UNKNOWN STEP	2026-09-26T01:45:54.3919329Z tests/fast/router/test_session_state.py::TestJudgmentCountingMatrix::test_deep_divergence_two_generations_rejected PASSED [ 58%]
stage-a-cpu (1) / run-cpu	UNKNOWN STEP	2026-09-26T01:45:54.3944996Z tests/fast/router/test_session_state.py::TestJudgmentCountingMatrix::test_no_anchor PASSED [ 58%]
stage-a-cpu (1) / run-cpu	UNKNOWN STEP	2026-09-26T01:45:54.3971645Z tests/fast/router/test_session_state.py::TestJudgmentCountingMatrix::test_prompt_assistant_is_not_an_anchor PASSED [ 58%]
stage-a-cpu (1) / run-cpu	UNKNOWN STEP	2026-09-26T01:45:54.3996814Z tests/fast/router/test_session_state.py::TestJudgmentCountingMatrix::test_prefix_with_only_prompt_assistants_has_no_anchor PASSED [ 58%]
stage-a-cpu (1) / run-cpu	UNKNOWN STEP	2026-09-26T01:45:54.4021565Z tests/fast/router/test_session_state.py::TestUpdatePretokenizedStateMissingSession::test_raises_on_missing_session PASSED [ 58%]
stage-a-cpu (1) / run-cpu	UNKNOWN STEP	2026-09-26T01:45:54.4046011Z tests/fast/router/test_session_state.py::TestComputeSessionMismatch::test_raises_for_missing_session PASSED [ 58%]
stage-a-cpu (1) / run-cpu	UNKNOWN STEP	2026-09-26T01:45:54.4070621Z tests/fast/router/test_session_state.py::TestComputeSessionMismatch::test_returns_none_for_empty_token_ids PASSED [ 58%]
stage-a-cpu (1) / run-cpu	UNKNOWN STEP	2026-09-26T01:45:54.4101978Z tests/fast/router/test_session_state.py::TestComputeSessionMismatch::test_returns_empty_list_when_no_mismatch PASSED [ 58%]
stage-a-cpu (1) / run-cpu	UNKNOWN STEP	2026-09-26T01:45:54.4138805Z tests/fast/router/test_session_state.py::TestComputeSessionMismatch::test_returns_mismatch_dicts PASSED [ 58%]
stage-a-cpu (1) / run-cpu	UNKNOWN STEP	2026-09-26T01:45:54.4167135Z tests/fast/router/test_session_state.py::TestComputeSessionMismatch::test_raises_tokenization_error_on_exception PASSED [ 58%]
stage-a-cpu (1) / run-cpu	UNKNOWN STEP	2026-09-26T01:45:54.4197485Z tests/fast/router/test_session_state.py::TestComputeSessionMismatch::test_renders_with_the_tools_the_latest_node_recorded PASSED [ 58%]
stage-a-cpu (1) / run-cpu	UNKNOWN STEP	2026-09-26T01:45:54.4229719Z tests/fast/router/test_session_state.py::TestComputeSessionMismatch::test_renders_with_the_kwargs_the_latest_node_recorded PASSED [ 58%]
stage-a-cpu (1) / run-cpu	UNKNOWN STEP	2026-09-26T01:45:54.4255058Z tests/fast/router/test_session_state.py::test_committed_full_turn_args_are_isolated_between_siblings PASSED [ 58%]
stage-a-cpu (1) / run-cpu	UNKNOWN STEP	2026-09-26T01:45:54.4285017Z tests/fast/router/test_session_state.py::test_mismatch_does_not_resolve_defaults_for_an_empty_committed_record PASSED [ 58%]
stage-a-cpu (1) / run-cpu	UNKNOWN STEP	2026-09-26T01:45:55.0371752Z tests/fast/router/test_sessions_v2.py::TestRequestChatTemplateKwargs::test_override_reaches_render_and_backend PASSED [ 58%]
stage-a-cpu (1) / run-cpu	UNKNOWN STEP	2026-09-26T01:45:55.6474588Z tests/fast/router/test_sessions_v2.py::test_lora_adapter_reaches_backend PASSED [ 58%]
stage-a-cpu (1) / run-cpu	UNKNOWN STEP	2026-09-26T01:45:56.2557155Z tests/fast/router/test_sessions_v2.py::test_proxy_chat_postprocesses_completion_before_commit PASSED [ 58%]
stage-a-cpu (1) / run-cpu	UNKNOWN STEP	2026-09-26T01:45:56.8651728Z tests/fast/router/test_sessions_v2.py::TestHealth::test_health_reports_configured_instance_id PASSED [ 58%]
stage-a-cpu (1) / run-cpu	UNKNOWN STEP	2026-09-26T01:45:57.4755196Z tests/fast/router/test_sessions_v2.py::TestIndexerReplayWiring::test_indexer_replay_config_requests_indexer_topk_from_backend PASSED [ 58%]
stage-a-cpu (1) / run-cpu	UNKNOWN STEP	2026-09-26T01:45:58.0839472Z tests/fast/router/test_sessions_v2.py::TestIndexerReplayWiring::test_without_indexer_replay_the_backend_request_sends_false_indexer_topk PASSED [ 58%]
stage-a-cpu (1) / run-cpu	UNKNOWN STEP	2026-09-26T01:45:58.6954310Z tests/fast/router/test_sessions_v2.py::test_concurrent_requests_from_same_parent_commit_siblings PASSED [ 58%]
stage-a-cpu (1) / run-cpu	UNKNOWN STEP	2026-09-26T01:45:58.9764813Z tests/fast/router/test_sessions_v2.py::TestRollbackPins::test_pure_drop_retry_rolls_back_and_regenerates PASSED [ 58%]
stage-a-cpu (1) / run-cpu	UNKNOWN STEP	2026-09-26T01:45:59.0045350Z tests/fast/router/test_sessions_v2.py::TestRollbackPins::test_divergent_retry_rolls_back_and_continues PASSED [ 58%]
stage-a-cpu (1) / run-cpu	UNKNOWN STEP	2026-09-26T01:45:59.0497306Z tests/fast/router/test_sessions_v2.py::TestRollbackPins::test_deep_divergence_branches_and_keeps_both_lines PASSED [ 59%]
stage-a-cpu (1) / run-cpu	UNKNOWN STEP	2026-09-26T01:45:59.0709706Z tests/fast/router/test_sessions_v2.py::TestRollbackPins::test_root_divergence_opens_new_root PASSED [ 59%]
stage-a-cpu (1) / run-cpu	UNKNOWN STEP	2026-09-26T01:45:59.0903661Z tests/fast/router/test_sessions_v2.py::TestRollbackPins::test_failed_first_turn_then_different_first_request_accepted PASSED [ 59%]
stage-a-cpu (1) / run-cpu	UNKNOWN STEP	2026-09-26T01:45:59.1084558Z tests/fast/router/test_sessions_v2.py::TestRollbackPins::test_degenerate_extension_resend_exact_history PASSED [ 59%]
stage-a-cpu (1) / run-cpu	UNKNOWN STEP	2026-09-26T01:45:59.1318150Z tests/fast/router/test_sessions_v2.py::TestRollbackPins::test_disallowed_append_role_400_has_no_side_effect PASSED [ 59%]
stage-a-cpu (1) / run-cpu	UNKNOWN STEP	2026-09-26T01:45:59.1619645Z tests/fast/router/test_sessions_v2.py::TestRollbackPins::test_collect_samples_after_rollback_single_sample PASSED [ 59%]
stage-a-cpu (1) / run-cpu	UNKNOWN STEP	2026-09-26T01:45:59.5061420Z tests/fast/router/test_sessions_v2.py::TestRollbackPins::test_few_shot_first_request_divergent_retry_rolls_back_cleanly PASSED [ 59%]
stage-a-cpu (1) / run-cpu	UNKNOWN STEP	2026-09-26T01:45:59.7741376Z tests/fast/router/test_sessions_v2.py::TestTruncationAndCompaction::test_extending_truncated_generation_is_409 PASSED [ 59%]
stage-a-cpu (1) / run-cpu	UNKNOWN STEP	2026-09-26T01:46:00.1154027Z tests/fast/router/test_sessions_v2.py::TestTruncationAndCompaction::test_compaction_branch_with_carried_assistant PASSED [ 59%]
stage-a-cpu (1) / run-cpu	UNKNOWN STEP	2026-09-26T01:46:00.6258051Z tests/fast/router/test_sessions_v2.py::TestAdditionR3RequestOffsetV2::test_incremental_offsets_across_turns_and_branches[abort] PASSED [ 59%]
stage-a-cpu (1) / run-cpu	UNKNOWN STEP	2026-09-26T01:46:01.1360414Z tests/fast/router/test_sessions_v2.py::TestAdditionR3RequestOffsetV2::test_incremental_offsets_across_turns_and_branches[in_place] PASSED [ 59%]
stage-a-cpu (1) / run-cpu	UNKNOWN STEP	2026-09-26T01:46:01.7456961Z tests/fast/router/test_sessions_v2.py::TestAdditionR3RequestOffsetV2::test_retract_request_has_no_start_len PASSED [ 59%]
stage-a-cpu (1) / run-cpu	UNKNOWN STEP	2026-09-26T01:46:01.7483131Z tests/fast/test_docker_image_inputs.py::test_dockerfile_and_requirements_are_inputs PASSED [ 59%]
stage-a-cpu (1) / run-cpu	UNKNOWN STEP	2026-09-26T01:46:01.7507442Z tests/fast/test_docker_image_inputs.py::test_rocm_dockerfile_is_not_a_cu13_input PASSED [ 59%]
stage-a-cpu (1) / run-cpu	UNKNOWN STEP	2026-09-26T01:46:01.7532031Z tests/fast/test_docker_image_inputs.py::test_source_changes_are_not_image_inputs PASSED [ 59%]
stage-a-cpu (1) / run-cpu	UNKNOWN STEP	2026-09-26T01:46:01.7767479Z tests/fast/test_docker_image_inputs.py::test_compute_is_deterministic PASSED [ 59%]
stage-a-cpu (1) / run-cpu	UNKNOWN STEP	2026-09-26T01:46:01.7906586Z tests/fast/test_docker_image_inputs.py::test_compute_tracks_every_declared_input PASSED [ 59%]
stage-a-cpu (1) / run-cpu	UNKNOWN STEP	2026-09-26T01:46:01.7932869Z tests/fast/test_docker_image_inputs.py::test_read_label[multi-arch] PASSED [ 59%]
stage-a-cpu (1) / run-cpu	UNKNOWN STEP	2026-09-26T01:46:01.7959390Z tests/fast/test_docker_image_inputs.py::test_read_label[single-arch] PASSED [ 59%]
stage-a-cpu (1) / run-cpu	UNKNOWN STEP	2026-09-26T01:46:01.7985739Z tests/fast/test_docker_image_inputs.py::test_read_label[unlabelled] PASSED [ 59%]
stage-a-cpu (1) / run-cpu	UNKNOWN STEP	2026-09-26T01:46:01.8012582Z tests/fast/test_docker_image_inputs.py::test_read_label[unpublished] PASSED [ 59%]
stage-a-cpu (1) / run-cpu	UNKNOWN STEP	2026-09-26T01:46:01.8039238Z tests/fast/test_docker_image_inputs.py::test_read_label[malformed] PASSED [ 59%]
stage-a-cpu (1) / run-cpu	UNKNOWN STEP	2026-09-26T01:46:01.8066805Z tests/fast/test_nvfp4_scope.py::test_selector_is_bounded_to_language_decoder[model.layers] PASSED [ 59%]
stage-a-cpu (1) / run-cpu	UNKNOWN STEP	2026-09-26T01:46:01.8092657Z tests/fast/test_nvfp4_scope.py::test_selector_is_bounded_to_language_decoder[language_model.model.layers] PASSED [ 59%]
stage-a-cpu (1) / run-cpu	UNKNOWN STEP	2026-09-26T01:46:01.8118721Z tests/fast/test_nvfp4_scope.py::test_selector_is_bounded_to_language_decoder[model.language_model.layers] PASSED [ 59%]
stage-a-cpu (1) / run-cpu	UNKNOWN STEP	2026-09-26T01:46:01.8144943Z tests/fast/test_nvfp4_scope.py::test_selector_is_bounded_to_language_decoder[language_model.layers] PASSED [ 59%]
stage-a-cpu (1) / run-cpu	UNKNOWN STEP	2026-09-26T01:46:01.8170485Z tests/fast/test_nvfp4_scope.py::test_non_language_experts_are_not_candidates[model.mtp.layers] PASSED [ 59%]
stage-a-cpu (1) / run-cpu	UNKNOWN STEP	2026-09-26T01:46:01.8195877Z tests/fast/test_nvfp4_scope.py::test_non_language_experts_are_not_candidates[model.mtp_layers] PASSED [ 59%]
stage-a-cpu (1) / run-cpu	UNKNOWN STEP	2026-09-26T01:46:01.8220972Z tests/fast/test_nvfp4_scope.py::test_non_language_experts_are_not_candidates[mtp.layers] PASSED [ 59%]
stage-a-cpu (1) / run-cpu	UNKNOWN STEP	2026-09-26T01:46:01.8246237Z tests/fast/test_nvfp4_scope.py::test_non_language_experts_are_not_candidates[visual.layers] PASSED [ 59%]
stage-a-cpu (1) / run-cpu	UNKNOWN STEP	2026-09-26T01:46:01.8272423Z tests/fast/test_nvfp4_scope.py::test_non_language_experts_are_not_candidates[audio_encoder.layers] PASSED [ 59%]
stage-a-cpu (1) / run-cpu	UNKNOWN STEP	2026-09-26T01:46:01.8297215Z tests/fast/test_nvfp4_scope.py::test_non_language_experts_are_not_candidates[speech_embeddings.layers] PASSED [ 59%]
stage-a-cpu (1) / run-cpu	UNKNOWN STEP	2026-09-26T01:46:01.8321543Z tests/fast/test_nvfp4_scope.py::test_non_language_experts_are_not_candidates[vision.model.layers] PASSED [ 60%]
stage-a-cpu (1) / run-cpu	UNKNOWN STEP	2026-09-26T01:46:01.8345984Z tests/fast/test_nvfp4_scope.py::test_non_language_experts_are_not_candidates[model.visual.layers] PASSED [ 60%]
stage-a-cpu (1) / run-cpu	UNKNOWN STEP	2026-09-26T01:46:03.1801234Z tests/fast/test_nvfp4_scope.py::test_mimo_multimodal_checkpoint_scope_and_cross_shard_pair PASSED [ 60%]
stage-a-cpu (1) / run-cpu	UNKNOWN STEP	2026-09-26T01:46:04.0804925Z tests/fast/test_nvfp4_scope.py::test_nested_text_config_controls_layer_bounds_and_bf16_edges[language_model.model.layers] PASSED [ 60%]
stage-a-cpu (1) / run-cpu	UNKNOWN STEP	2026-09-26T01:46:04.9799539Z tests/fast/test_nvfp4_scope.py::test_nested_text_config_controls_layer_bounds_and_bf16_edges[model.language_model.layers] PASSED [ 60%]
stage-a-cpu (1) / run-cpu	UNKNOWN STEP	2026-09-26T01:46:05.8822604Z tests/fast/test_nvfp4_scope.py::test_nested_text_config_controls_layer_bounds_and_bf16_edges[language_model.layers] PASSED [ 60%]
stage-a-cpu (1) / run-cpu	UNKNOWN STEP	2026-09-26T01:46:05.8857545Z tests/fast/test_nvfp4_scope.py::test_runtime_quantizer_only_dispatches_main_language_decoder[decoder-True] PASSED [ 60%]
stage-a-cpu (1) / run-cpu	UNKNOWN STEP	2026-09-26T01:46:05.8887955Z tests/fast/test_nvfp4_scope.py::test_runtime_quantizer_only_dispatches_main_language_decoder[module.module.decoder-True] PASSED [ 60%]
stage-a-cpu (1) / run-cpu	UNKNOWN STEP	2026-09-26T01:46:05.8917220Z tests/fast/test_nvfp4_scope.py::test_runtime_quantizer_only_dispatches_main_language_decoder[language_model.decoder-True] PASSED [ 60%]
stage-a-cpu (1) / run-cpu	UNKNOWN STEP	2026-09-26T01:46:05.8947057Z tests/fast/test_nvfp4_scope.py::test_runtime_quantizer_only_dispatches_main_language_decoder[module.language_model.decoder-True] PASSED [ 60%]
stage-a-cpu (1) / run-cpu	UNKNOWN STEP	2026-09-26T01:46:05.8976176Z tests/fast/test_nvfp4_scope.py::test_runtime_quantizer_only_dispatches_main_language_decoder[mtp-False] PASSED [ 60%]
stage-a-cpu (1) / run-cpu	UNKNOWN STEP	2026-09-26T01:46:05.9005016Z tests/fast/test_nvfp4_scope.py::test_runtime_quantizer_only_dispatches_main_language_decoder[module.module.mtp-False] PASSED [ 60%]
stage-a-cpu (1) / run-cpu	UNKNOWN STEP	2026-09-26T01:46:05.9035091Z tests/fast/test_nvfp4_scope.py::test_runtime_quantizer_only_dispatches_main_language_decoder[mtp.decoder-False] PASSED [ 60%]
stage-a-cpu (1) / run-cpu	UNKNOWN STEP	2026-09-26T01:46:05.9064830Z tests/fast/test_nvfp4_scope.py::test_runtime_quantizer_only_dispatches_main_language_decoder[mtp.layers.0.transformer_layer.decoder-False] PASSED [ 60%]
stage-a-cpu (1) / run-cpu	UNKNOWN STEP	2026-09-26T01:46:05.9093560Z tests/fast/test_nvfp4_scope.py::test_runtime_quantizer_only_dispatches_main_language_decoder[vision_model.decoder-False] PASSED [ 60%]
stage-a-cpu (1) / run-cpu	UNKNOWN STEP	2026-09-26T01:46:05.9122467Z tests/fast/test_nvfp4_scope.py::test_runtime_quantizer_only_dispatches_main_language_decoder[audio_encoder.decoder-False] PASSED [ 60%]
stage-a-cpu (1) / run-cpu	UNKNOWN STEP	2026-09-26T01:46:05.9151894Z tests/fast/test_nvfp4_scope.py::test_runtime_quantizer_only_dispatches_main_language_decoder[module.vision_model.decoder-False] PASSED [ 60%]
stage-a-cpu (1) / run-cpu	UNKNOWN STEP	2026-09-26T01:46:05.9506380Z tests/fast/test_qsa_tile_index.py::test_every_attended_key_tile_is_listed[dense-61-128] PASSED [ 60%]
stage-a-cpu (1) / run-cpu	UNKNOWN STEP	2026-09-26T01:46:06.0313752Z tests/fast/test_qsa_tile_index.py::test_every_attended_key_tile_is_listed[dense-61-61-61-200] PASSED [ 60%]
stage-a-cpu (1) / run-cpu	UNKNOWN STEP	2026-09-26T01:46:06.0683111Z tests/fast/test_qsa_tile_index.py::test_every_attended_key_tile_is_listed[dense-64-128] PASSED [ 60%]
stage-a-cpu (1) / run-cpu	UNKNOWN STEP	2026-09-26T01:46:06.1266740Z tests/fast/test_qsa_tile_index.py::test_every_attended_key_tile_is_listed[dense-1-1-1-1-1-200] PASSED [ 60%]
stage-a-cpu (1) / run-cpu	UNKNOWN STEP	2026-09-26T01:46:06.4013263Z tests/fast/test_qsa_tile_index.py::test_every_attended_key_tile_is_listed[dense-216-21-133-262-249] PASSED [ 60%]
stage-a-cpu (1) / run-cpu	UNKNOWN STEP	2026-09-26T01:46:06.6932595Z tests/fast/test_qsa_tile_index.py::test_every_attended_key_tile_is_listed[dense-156-245-184-299-112] PASSED [ 60%]
stage-a-cpu (1) / run-cpu	UNKNOWN STEP	2026-09-26T01:46:06.8714514Z tests/fast/test_qsa_tile_index.py::test_every_attended_key_tile_is_listed[dense-72-145-72-49-129-273] PASSED [ 60%]
stage-a-cpu (1) / run-cpu	UNKNOWN STEP	2026-09-26T01:46:07.0461029Z tests/fast/test_qsa_tile_index.py::test_every_attended_key_tile_is_listed[dense-76-159-51-38-170-242] PASSED [ 60%]
stage-a-cpu (1) / run-cpu	UNKNOWN STEP	2026-09-26T01:46:07.0778884Z tests/fast/test_qsa_tile_index.py::test_every_attended_key_tile_is_listed[sparse-61-128] PASSED [ 60%]
stage-a-cpu (1) / run-cpu	UNKNOWN STEP	2026-09-26T01:46:07.1416909Z tests/fast/test_qsa_tile_index.py::test_every_attended_key_tile_is_listed[sparse-61-61-61-200] PASSED [ 60%]
stage-a-cpu (1) / run-cpu	UNKNOWN STEP	2026-09-26T01:46:07.1735475Z tests/fast/test_qsa_tile_index.py::test_every_attended_key_tile_is_listed[sparse-64-128] PASSED [ 60%]
stage-a-cpu (1) / run-cpu	UNKNOWN STEP	2026-09-26T01:46:07.2133084Z tests/fast/test_qsa_tile_index.py::test_every_attended_key_tile_is_listed[sparse-1-1-1-1-1-200] PASSED [ 60%]
stage-a-cpu (1) / run-cpu	UNKNOWN STEP	2026-09-26T01:46:07.3787939Z tests/fast/test_qsa_tile_index.py::test_every_attended_key_tile_is_listed[sparse-216-21-133-262-249] PASSED [ 60%]
stage-a-cpu (1) / run-cpu	UNKNOWN STEP	2026-09-26T01:46:07.5632821Z tests/fast/test_qsa_tile_index.py::test_every_attended_key_tile_is_listed[sparse-156-245-184-299-112] PASSED [ 60%]
stage-a-cpu (1) / run-cpu	UNKNOWN STEP	2026-09-26T01:46:07.6889736Z tests/fast/test_qsa_tile_index.py::test_every_attended_key_tile_is_listed[sparse-72-145-72-49-129-273] PASSED [ 60%]
stage-a-cpu (1) / run-cpu	UNKNOWN STEP	2026-09-26T01:46:07.8146995Z tests/fast/test_qsa_tile_index.py::test_every_attended_key_tile_is_listed[sparse-76-159-51-38-170-242] PASSED [ 61%]
stage-a-cpu (1) / run-cpu	UNKNOWN STEP	2026-09-26T01:46:07.8199475Z tests/fast/test_qsa_tile_index.py::test_block_spans_stay_inside_their_sequence PASSED [ 61%]
stage-a-cpu (1) / run-cpu	UNKNOWN STEP	2026-09-26T01:46:07.8437570Z tests/fast/test_ray_launcher_unbuffering.py::test_the_repo_has_ray_launchers_to_check PASSED [ 61%]
stage-a-cpu (1) / run-cpu	UNKNOWN STEP	2026-09-26T01:46:07.8463669Z tests/fast/test_ray_launcher_unbuffering.py::test_every_ray_launcher_unbuffers_python[examples/experimental/eval/scripts/run-qwen3-32B.sh] PASSED [ 61%]
stage-a-cpu (1) / run-cpu	UNKNOWN STEP	2026-09-26T01:46:07.8489852Z tests/fast/test_ray_launcher_unbuffering.py::test_every_ray_launcher_unbuffers_python[examples/experimental/eval/scripts/run-qwen3-4B.sh] PASSED [ 61%]
stage-a-cpu (1) / run-cpu	UNKNOWN STEP	2026-09-26T01:46:07.8515430Z tests/fast/test_ray_launcher_unbuffering.py::test_every_ray_launcher_unbuffers_python[examples/experimental/eval_multi_task/multi_task.sh] PASSED [ 61%]
stage-a-cpu (1) / run-cpu	UNKNOWN STEP	2026-09-26T01:46:07.8541263Z tests/fast/test_ray_launcher_unbuffering.py::test_every_ray_launcher_unbuffers_python[examples/experimental/formal_math/single_round/run_minimal.py] PASSED [ 61%]
stage-a-cpu (1) / run-cpu	UNKNOWN STEP	2026-09-26T01:46:07.8567302Z tests/fast/test_ray_launcher_unbuffering.py::test_every_ray_launcher_unbuffers_python[examples/experimental/multi_agent/run-qwen3-30B-A3B-multi-agent.sh] PASSED [ 61%]
stage-a-cpu (1) / run-cpu	UNKNOWN STEP	2026-09-26T01:46:07.8593532Z tests/fast/test_ray_launcher_unbuffering.py::test_every_ray_launcher_unbuffers_python[examples/experimental/reproducibility/run-qwen2.5-0.5B-gsm8k.sh] PASSED [ 61%]
stage-a-cpu (1) / run-cpu	UNKNOWN STEP	2026-09-26T01:46:07.8619468Z tests/fast/test_ray_launcher_unbuffering.py::test_every_ray_launcher_unbuffers_python[examples/experimental/search-r1/run_qwen2.5_3B.sh] PASSED [ 61%]
stage-a-cpu (1) / run-cpu	UNKNOWN STEP	2026-09-26T01:46:07.8645365Z tests/fast/test_ray_launcher_unbuffering.py::test_every_ray_launcher_unbuffers_python[examples/experimental/strands_sglang/strands_qwen3_8b.sh] PASSED [ 61%]
stage-a-cpu (1) / run-cpu	UNKNOWN STEP	2026-09-26T01:46:07.8671245Z tests/fast/test_ray_launcher_unbuffering.py::test_every_ray_launcher_unbuffers_python[examples/experimental/tau-bench/run_qwen3_4B.sh] PASSED [ 61%]
stage-a-cpu (1) / run-cpu	UNKNOWN STEP	2026-09-26T01:46:07.8696669Z tests/fast/test_ray_launcher_unbuffering.py::test_every_ray_launcher_unbuffers_python[examples/geo3k_vlm/run_geo3k_vlm.sh] PASSED [ 61%]
stage-a-cpu (1) / run-cpu	UNKNOWN STEP	2026-09-26T01:46:07.8722972Z tests/fast/test_ray_launcher_unbuffering.py::test_every_ray_launcher_unbuffers_python[examples/geo3k_vlm/run_geo3k_vlm_sft.sh] PASSED [ 61%]
stage-a-cpu (1) / run-cpu	UNKNOWN STEP	2026-09-26T01:46:07.8750194Z tests/fast/test_ray_launcher_unbuffering.py::test_every_ray_launcher_unbuffers_python[examples/infra_features/low_precision/run-kimi-k2-Thinking-int4.sh] PASSED [ 61%]
stage-a-cpu (1) / run-cpu	UNKNOWN STEP	2026-09-26T01:46:07.8776762Z tests/fast/test_ray_launcher_unbuffering.py::test_every_ray_launcher_unbuffers_python[examples/infra_features/low_precision/run-qwen3-235B-A22B-int4.sh] PASSED [ 61%]
stage-a-cpu (1) / run-cpu	UNKNOWN STEP	2026-09-26T01:46:07.8802619Z tests/fast/test_ray_launcher_unbuffering.py::test_every_ray_launcher_unbuffers_python[examples/infra_features/low_precision/run-qwen3-30B-A3B-int4.sh] PASSED [ 61%]
stage-a-cpu (1) / run-cpu	UNKNOWN STEP	2026-09-26T01:46:07.8828109Z tests/fast/test_ray_launcher_unbuffering.py::test_every_ray_launcher_unbuffers_python[examples/infra_features/low_precision/run-qwen3-30b-a3b-fp8-two-nodes.sh] PASSED [ 61%]
stage-a-cpu (1) / run-cpu	UNKNOWN STEP	2026-09-26T01:46:07.8854704Z tests/fast/test_ray_launcher_unbuffering.py::test_every_ray_launcher_unbuffers_python[examples/infra_features/low_precision/run-qwen3-4b-fp8.sh] PASSED [ 61%]
stage-a-cpu (1) / run-cpu	UNKNOWN STEP	2026-09-26T01:46:07.8879960Z tests/fast/test_ray_launcher_unbuffering.py::test_every_ray_launcher_unbuffers_python[examples/infra_features/p2p_weight_transfer/run-glm4.5-air-8node-profile.sh] PASSED [ 61%]
stage-a-cpu (1) / run-cpu	UNKNOWN STEP	2026-09-26T01:46:07.8906211Z tests/fast/test_ray_launcher_unbuffering.py::test_every_ray_launcher_unbuffers_python[examples/infra_features/p2p_weight_transfer/run-glm4.7-flash-2node-profile.sh] PASSED [ 61%]
stage-a-cpu (1) / run-cpu	UNKNOWN STEP	2026-09-26T01:46:07.8931978Z tests/fast/test_ray_launcher_unbuffering.py::test_every_ray_launcher_unbuffers_python[examples/infra_features/p2p_weight_transfer/run-glm5-disagg-profile.sh] PASSED [ 61%]
stage-a-cpu (1) / run-cpu	UNKNOWN STEP	2026-09-26T01:46:07.8957363Z tests/fast/test_ray_launcher_unbuffering.py::test_every_ray_launcher_unbuffers_python[examples/infra_features/p2p_weight_transfer/run-kimi-k2-64node-profile.sh] PASSED [ 61%]
stage-a-cpu (1) / run-cpu	UNKNOWN STEP	2026-09-26T01:46:07.8982886Z tests/fast/test_ray_launcher_unbuffering.py::test_every_ray_launcher_unbuffers_python[examples/infra_features/p2p_weight_transfer/run-qwen3-235B-A22B-16node-profile.sh] PASSED [ 61%]
stage-a-cpu (1) / run-cpu	UNKNOWN STEP	2026-09-26T01:46:07.9008270Z tests/fast/test_ray_launcher_unbuffering.py::test_every_ray_launcher_unbuffers_python[examples/infra_features/p2p_weight_transfer/run-qwen3-30B-A3B-4node-profile.sh] PASSED [ 61%]
stage-a-cpu (1) / run-cpu	UNKNOWN STEP	2026-09-26T01:46:07.9033586Z tests/fast/test_ray_launcher_unbuffering.py::test_every_ray_launcher_unbuffers_python[examples/infra_features/p2p_weight_transfer/run.py] PASSED [ 61%]
stage-a-cpu (1) / run-cpu	UNKNOWN STEP	2026-09-26T01:46:07.9059418Z tests/fast/test_ray_launcher_unbuffering.py::test_every_ray_launcher_unbuffers_python[examples/infra_features/train_infer_mismatch_helper/run-qwen3-4b-fsdp-mis.sh] PASSED [ 61%]
stage-a-cpu (1) / run-cpu	UNKNOWN STEP	2026-09-26T01:46:07.9086680Z tests/fast/test_ray_launcher_unbuffering.py::test_every_ray_launcher_unbuffers_python[examples/infra_features/train_infer_mismatch_helper/run-qwen3-4b-mis.sh] PASSED [ 61%]
stage-a-cpu (1) / run-cpu	UNKNOWN STEP	2026-09-26T01:46:07.9111676Z tests/fast/test_ray_launcher_unbuffering.py::test_every_ray_launcher_unbuffers_python[examples/lora/dev.sh] PASSED [ 61%]
stage-a-cpu (1) / run-cpu	UNKNOWN STEP	2026-09-26T01:46:07.9137775Z tests/fast/test_ray_launcher_unbuffering.py::test_every_ray_launcher_unbuffers_python[examples/lora/run-gpt-oss-20B-megatron-moe-lora.sh] PASSED [ 61%]
stage-a-cpu (1) / run-cpu	UNKNOWN STEP	2026-09-26T01:46:07.9163327Z tests/fast/test_ray_launcher_unbuffering.py::test_every_ray_launcher_unbuffers_python[examples/lora/run-kimi-k25-megatron-lora.sh] PASSED [ 61%]
stage-a-cpu (1) / run-cpu	UNKNOWN STEP	2026-09-26T01:46:07.9188089Z tests/fast/test_ray_launcher_unbuffering.py::test_every_ray_launcher_unbuffers_python[examples/lora/run-qwen2.5-0.5B-megatron-lora.sh] PASSED [ 61%]
stage-a-cpu (1) / run-cpu	UNKNOWN STEP	2026-09-26T01:46:07.9214406Z tests/fast/test_ray_launcher_unbuffering.py::test_every_ray_launcher_unbuffers_python[examples/lora/run-qwen2.5-3B-megatron-lora-disaggregated-multi-node.sh] PASSED [ 62%]
stage-a-cpu (1) / run-cpu	UNKNOWN STEP	2026-09-26T01:46:07.9240792Z tests/fast/test_ray_launcher_unbuffering.py::test_every_ray_launcher_unbuffers_python[examples/lora/run-qwen2.5-3B-megatron-lora-disaggregated.sh] PASSED [ 62%]
stage-a-cpu (1) / run-cpu	UNKNOWN STEP	2026-09-26T01:46:07.9265575Z tests/fast/test_ray_launcher_unbuffering.py::test_every_ray_launcher_unbuffers_python[examples/lora/run-qwen3-4B-megatron-lora.sh] PASSED [ 62%]
stage-a-cpu (1) / run-cpu	UNKNOWN STEP	2026-09-26T01:46:07.9291141Z tests/fast/test_ray_launcher_unbuffering.py::test_every_ray_launcher_unbuffers_python[examples/lora/run-qwen3-4b-megatron-lora-result.sh] PASSED [ 62%]
stage-a-cpu (1) / run-cpu	UNKNOWN STEP	2026-09-26T01:46:07.9316159Z tests/fast/test_ray_launcher_unbuffering.py::test_every_ray_launcher_unbuffers_python[examples/on_policy_distillation/qwen3_5_35b_selfdistill/phase1_rlvr_teacher.sh] PASSED [ 62%]
stage-a-cpu (1) / run-cpu	UNKNOWN STEP	2026-09-26T01:46:07.9341790Z tests/fast/test_ray_launcher_unbuffering.py::test_every_ray_launcher_unbuffers_python[examples/on_policy_distillation/qwen3_5_35b_selfdistill/phase2_gb200.sh] PASSED [ 62%]
stage-a-cpu (1) / run-cpu	UNKNOWN STEP	2026-09-26T01:46:07.9367014Z tests/fast/test_ray_launcher_unbuffering.py::test_every_ray_launcher_unbuffers_python[examples/on_policy_distillation/qwen3_5_35b_selfdistill/phase2_opd_selfdistill.sh] PASSED [ 62%]
stage-a-cpu (1) / run-cpu	UNKNOWN STEP	2026-09-26T01:46:07.9392679Z tests/fast/test_ray_launcher_unbuffering.py::test_every_ray_launcher_unbuffers_python[examples/on_policy_distillation/run-qwen3-8B-opd-megatron.sh] PASSED [ 62%]
stage-a-cpu (1) / run-cpu	UNKNOWN STEP	2026-09-26T01:46:07.9418807Z tests/fast/test_ray_launcher_unbuffering.py::test_every_ray_launcher_unbuffers_python[examples/on_policy_distillation/run-qwen3-8B-opd-multi-teacher.sh] PASSED [ 62%]
stage-a-cpu (1) / run-cpu	UNKNOWN STEP	2026-09-26T01:46:07.9444650Z tests/fast/test_ray_launcher_unbuffering.py::test_every_ray_launcher_unbuffers_python[examples/on_policy_distillation/run-qwen3-8B-opd.sh] PASSED [ 62%]
stage-a-cpu (1) / run-cpu	UNKNOWN STEP	2026-09-26T01:46:07.9469544Z tests/fast/test_ray_launcher_unbuffering.py::test_every_ray_launcher_unbuffers_python[miles/utils/external_utils/command_utils.py] PASSED [ 62%]
stage-a-cpu (1) / run-cpu	UNKNOWN STEP	2026-09-26T01:46:07.9494816Z tests/fast/test_ray_launcher_unbuffering.py::test_every_ray_launcher_unbuffers_python[miles/utils/external_utils/ray_job.py] PASSED [ 62%]
stage-a-cpu (1) / run-cpu	UNKNOWN STEP	2026-09-26T01:46:07.9520261Z tests/fast/test_ray_launcher_unbuffering.py::test_every_ray_launcher_unbuffers_python[tools/convert_torch_dist_to_hf_ray.py] PASSED [ 62%]
stage-a-cpu (1) / run-cpu	UNKNOWN STEP	2026-09-26T01:46:07.9547349Z tests/fast/test_ray_launcher_unbuffering.py::test_no_ray_launcher_spells_the_variable_wrong[examples/experimental/eval/scripts/run-qwen3-32B.sh] PASSED [ 62%]
stage-a-cpu (1) / run-cpu	UNKNOWN STEP	2026-09-26T01:46:07.9573281Z tests/fast/test_ray_launcher_unbuffering.py::test_no_ray_launcher_spells_the_variable_wrong[examples/experimental/eval/scripts/run-qwen3-4B.sh] PASSED [ 62%]
stage-a-cpu (1) / run-cpu	UNKNOWN STEP	2026-09-26T01:46:07.9597706Z tests/fast/test_ray_launcher_unbuffering.py::test_no_ray_launcher_spells_the_variable_wrong[examples/experimental/eval_multi_task/multi_task.sh] PASSED [ 62%]
stage-a-cpu (1) / run-cpu	UNKNOWN STEP	2026-09-26T01:46:07.9623245Z tests/fast/test_ray_launcher_unbuffering.py::test_no_ray_launcher_spells_the_variable_wrong[examples/experimental/formal_math/single_round/run_minimal.py] PASSED [ 62%]
stage-a-cpu (1) / run-cpu	UNKNOWN STEP	2026-09-26T01:46:07.9649106Z tests/fast/test_ray_launcher_unbuffering.py::test_no_ray_launcher_spells_the_variable_wrong[examples/experimental/multi_agent/run-qwen3-30B-A3B-multi-agent.sh] PASSED [ 62%]
stage-a-cpu (1) / run-cpu	UNKNOWN STEP	2026-09-26T01:46:07.9675281Z tests/fast/test_ray_launcher_unbuffering.py::test_no_ray_launcher_spells_the_variable_wrong[examples/experimental/reproducibility/run-qwen2.5-0.5B-gsm8k.sh] PASSED [ 62%]
stage-a-cpu (1) / run-cpu	UNKNOWN STEP	2026-09-26T01:46:07.9700664Z tests/fast/test_ray_launcher_unbuffering.py::test_no_ray_launcher_spells_the_variable_wrong[examples/experimental/search-r1/run_qwen2.5_3B.sh] PASSED [ 62%]
stage-a-cpu (1) / run-cpu	UNKNOWN STEP	2026-09-26T01:46:07.9725343Z tests/fast/test_ray_launcher_unbuffering.py::test_no_ray_launcher_spells_the_variable_wrong[examples/experimental/strands_sglang/strands_qwen3_8b.sh] PASSED [ 62%]
stage-a-cpu (1) / run-cpu	UNKNOWN STEP	2026-09-26T01:46:07.9750681Z tests/fast/test_ray_launcher_unbuffering.py::test_no_ray_launcher_spells_the_variable_wrong[examples/experimental/tau-bench/run_qwen3_4B.sh] PASSED [ 62%]
stage-a-cpu (1) / run-cpu	UNKNOWN STEP	2026-09-26T01:46:07.9776098Z tests/fast/test_ray_launcher_unbuffering.py::test_no_ray_launcher_spells_the_variable_wrong[examples/geo3k_vlm/run_geo3k_vlm.sh] PASSED [ 62%]
stage-a-cpu (1) / run-cpu	UNKNOWN STEP	2026-09-26T01:46:07.9802260Z tests/fast/test_ray_launcher_unbuffering.py::test_no_ray_launcher_spells_the_variable_wrong[examples/geo3k_vlm/run_geo3k_vlm_sft.sh] PASSED [ 62%]
stage-a-cpu (1) / run-cpu	UNKNOWN STEP	2026-09-26T01:46:07.9831423Z tests/fast/test_ray_launcher_unbuffering.py::test_no_ray_launcher_spells_the_variable_wrong[examples/infra_features/low_precision/run-kimi-k2-Thinking-int4.sh] PASSED [ 62%]
stage-a-cpu (1) / run-cpu	UNKNOWN STEP	2026-09-26T01:46:07.9856872Z tests/fast/test_ray_launcher_unbuffering.py::test_no_ray_launcher_spells_the_variable_wrong[examples/infra_features/low_precision/run-qwen3-235B-A22B-int4.sh] PASSED [ 62%]
stage-a-cpu (1) / run-cpu	UNKNOWN STEP	2026-09-26T01:46:07.9881975Z tests/fast/test_ray_launcher_unbuffering.py::test_no_ray_launcher_spells_the_variable_wrong[examples/infra_features/low_precision/run-qwen3-30B-A3B-int4.sh] PASSED [ 62%]
stage-a-cpu (1) / run-cpu	UNKNOWN STEP	2026-09-26T01:46:07.9906668Z tests/fast/test_ray_launcher_unbuffering.py::test_no_ray_launcher_spells_the_variable_wrong[examples/infra_features/low_precision/run-qwen3-30b-a3b-fp8-two-nodes.sh] PASSED [ 62%]
stage-a-cpu (1) / run-cpu	UNKNOWN STEP	2026-09-26T01:46:07.9931176Z tests/fast/test_ray_launcher_unbuffering.py::test_no_ray_launcher_spells_the_variable_wrong[examples/infra_features/low_precision/run-qwen3-4b-fp8.sh] PASSED [ 62%]
stage-a-cpu (1) / run-cpu	UNKNOWN STEP	2026-09-26T01:46:07.9957509Z tests/fast/test_ray_launcher_unbuffering.py::test_no_ray_launcher_spells_the_variable_wrong[examples/infra_features/p2p_weight_transfer/run-glm4.5-air-8node-profile.sh] PASSED [ 62%]
stage-a-cpu (1) / run-cpu	UNKNOWN STEP	2026-09-26T01:46:07.9982400Z tests/fast/test_ray_launcher_unbuffering.py::test_no_ray_launcher_spells_the_variable_wrong[examples/infra_features/p2p_weight_transfer/run-glm4.7-flash-2node-profile.sh] PASSED [ 62%]
stage-a-cpu (1) / run-cpu	UNKNOWN STEP	2026-09-26T01:46:08.0008001Z tests/fast/test_ray_launcher_unbuffering.py::test_no_ray_launcher_spells_the_variable_wrong[examples/infra_features/p2p_weight_transfer/run-glm5-disagg-profile.sh] PASSED [ 62%]
stage-a-cpu (1) / run-cpu	UNKNOWN STEP	2026-09-26T01:46:08.0034906Z tests/fast/test_ray_launcher_unbuffering.py::test_no_ray_launcher_spells_the_variable_wrong[examples/infra_features/p2p_weight_transfer/run-kimi-k2-64node-profile.sh] PASSED [ 63%]
stage-a-cpu (1) / run-cpu	UNKNOWN STEP	2026-09-26T01:46:08.0061441Z tests/fast/test_ray_launcher_unbuffering.py::test_no_ray_launcher_spells_the_variable_wrong[examples/infra_features/p2p_weight_transfer/run-qwen3-235B-A22B-16node-profile.sh] PASSED [ 63%]
stage-a-cpu (1) / run-cpu	UNKNOWN STEP	2026-09-26T01:46:08.0087147Z tests/fast/test_ray_launcher_unbuffering.py::test_no_ray_launcher_spells_the_variable_wrong[examples/infra_features/p2p_weight_transfer/run-qwen3-30B-A3B-4node-profile.sh] PASSED [ 63%]
stage-a-cpu (1) / run-cpu	UNKNOWN STEP	2026-09-26T01:46:08.0112607Z tests/fast/test_ray_launcher_unbuffering.py::test_no_ray_launcher_spells_the_variable_wrong[examples/infra_features/p2p_weight_transfer/run.py] PASSED [ 63%]
stage-a-cpu (1) / run-cpu	UNKNOWN STEP	2026-09-26T01:46:08.0137397Z tests/fast/test_ray_launcher_unbuffering.py::test_no_ray_launcher_spells_the_variable_wrong[examples/infra_features/train_infer_mismatch_helper/run-qwen3-4b-fsdp-mis.sh] PASSED [ 63%]
stage-a-cpu (1) / run-cpu	UNKNOWN STEP	2026-09-26T01:46:08.0163024Z tests/fast/test_ray_launcher_unbuffering.py::test_no_ray_launcher_spells_the_variable_wrong[examples/infra_features/train_infer_mismatch_helper/run-qwen3-4b-mis.sh] PASSED [ 63%]
stage-a-cpu (1) / run-cpu	UNKNOWN STEP	2026-09-26T01:46:08.0187562Z tests/fast/test_ray_launcher_unbuffering.py::test_no_ray_launcher_spells_the_variable_wrong[examples/lora/dev.sh] PASSED [ 63%]
stage-a-cpu (1) / run-cpu	UNKNOWN STEP	2026-09-26T01:46:08.0212607Z tests/fast/test_ray_launcher_unbuffering.py::test_no_ray_launcher_spells_the_variable_wrong[examples/lora/run-gpt-oss-20B-megatron-moe-lora.sh] PASSED [ 63%]
stage-a-cpu (1) / run-cpu	UNKNOWN STEP	2026-09-26T01:46:08.0237596Z tests/fast/test_ray_launcher_unbuffering.py::test_no_ray_launcher_spells_the_variable_wrong[examples/lora/run-kimi-k25-megatron-lora.sh] PASSED [ 63%]
stage-a-cpu (1) / run-cpu	UNKNOWN STEP	2026-09-26T01:46:08.0263364Z tests/fast/test_ray_launcher_unbuffering.py::test_no_ray_launcher_spells_the_variable_wrong[examples/lora/run-qwen2.5-0.5B-megatron-lora.sh] PASSED [ 63%]
stage-a-cpu (1) / run-cpu	UNKNOWN STEP	2026-09-26T01:46:08.0290365Z tests/fast/test_ray_launcher_unbuffering.py::test_no_ray_launcher_spells_the_variable_wrong[examples/lora/run-qwen2.5-3B-megatron-lora-disaggregated-multi-node.sh] PASSED [ 63%]
stage-a-cpu (1) / run-cpu	UNKNOWN STEP	2026-09-26T01:46:08.0314716Z tests/fast/test_ray_launcher_unbuffering.py::test_no_ray_launcher_spells_the_variable_wrong[examples/lora/run-qwen2.5-3B-megatron-lora-disaggregated.sh] PASSED [ 63%]
stage-a-cpu (1) / run-cpu	UNKNOWN STEP	2026-09-26T01:46:08.0340657Z tests/fast/test_ray_launcher_unbuffering.py::test_no_ray_launcher_spells_the_variable_wrong[examples/lora/run-qwen3-4B-megatron-lora.sh] PASSED [ 63%]
stage-a-cpu (1) / run-cpu	UNKNOWN STEP	2026-09-26T01:46:08.0365860Z tests/fast/test_ray_launcher_unbuffering.py::test_no_ray_launcher_spells_the_variable_wrong[examples/lora/run-qwen3-4b-megatron-lora-result.sh] PASSED [ 63%]
stage-a-cpu (1) / run-cpu	UNKNOWN STEP	2026-09-26T01:46:08.0391097Z tests/fast/test_ray_launcher_unbuffering.py::test_no_ray_launcher_spells_the_variable_wrong[examples/on_policy_distillation/qwen3_5_35b_selfdistill/phase1_rlvr_teacher.sh] PASSED [ 63%]
stage-a-cpu (1) / run-cpu	UNKNOWN STEP	2026-09-26T01:46:08.0415702Z tests/fast/test_ray_launcher_unbuffering.py::test_no_ray_launcher_spells_the_variable_wrong[examples/on_policy_distillation/qwen3_5_35b_selfdistill/phase2_gb200.sh] PASSED [ 63%]
stage-a-cpu (1) / run-cpu	UNKNOWN STEP	2026-09-26T01:46:08.0441535Z tests/fast/test_ray_launcher_unbuffering.py::test_no_ray_launcher_spells_the_variable_wrong[examples/on_policy_distillation/qwen3_5_35b_selfdistill/phase2_opd_selfdistill.sh] PASSED [ 63%]
stage-a-cpu (1) / run-cpu	UNKNOWN STEP	2026-09-26T01:46:08.0466548Z tests/fast/test_ray_launcher_unbuffering.py::test_no_ray_launcher_spells_the_variable_wrong[examples/on_policy_distillation/run-qwen3-8B-opd-megatron.sh] PASSED [ 63%]
stage-a-cpu (1) / run-cpu	UNKNOWN STEP	2026-09-26T01:46:08.0491700Z tests/fast/test_ray_launcher_unbuffering.py::test_no_ray_launcher_spells_the_variable_wrong[examples/on_policy_distillation/run-qwen3-8B-opd-multi-teacher.sh] PASSED [ 63%]
stage-a-cpu (1) / run-cpu	UNKNOWN STEP	2026-09-26T01:46:08.0515895Z tests/fast/test_ray_launcher_unbuffering.py::test_no_ray_launcher_spells_the_variable_wrong[examples/on_policy_distillation/run-qwen3-8B-opd.sh] PASSED [ 63%]
stage-a-cpu (1) / run-cpu	UNKNOWN STEP	2026-09-26T01:46:08.0541911Z tests/fast/test_ray_launcher_unbuffering.py::test_no_ray_launcher_spells_the_variable_wrong[miles/utils/external_utils/command_utils.py] PASSED [ 63%]
stage-a-cpu (1) / run-cpu	UNKNOWN STEP	2026-09-26T01:46:08.0567164Z tests/fast/test_ray_launcher_unbuffering.py::test_no_ray_launcher_spells_the_variable_wrong[miles/utils/external_utils/ray_job.py] PASSED [ 63%]
stage-a-cpu (1) / run-cpu	UNKNOWN STEP	2026-09-26T01:46:08.0594103Z tests/fast/test_ray_launcher_unbuffering.py::test_no_ray_launcher_spells_the_variable_wrong[tools/convert_torch_dist_to_hf_ray.py] PASSED [ 63%]
stage-a-cpu (1) / run-cpu	UNKNOWN STEP	2026-09-26T01:46:08.0622054Z tests/fast/tinker/core/test_future.py::test_resolve_and_fail_settle_the_state PASSED [ 63%]
stage-a-cpu (1) / run-cpu	UNKNOWN STEP	2026-09-26T01:46:08.0646212Z tests/fast/tinker/core/test_future.py::test_cross_tenant_get_raises_ownership PASSED [ 63%]
stage-a-cpu (1) / run-cpu	UNKNOWN STEP	2026-09-26T01:46:08.0669915Z tests/fast/tinker/core/test_future.py::test_an_expired_future_returns_none PASSED [ 63%]
stage-a-cpu (1) / run-cpu	UNKNOWN STEP	2026-09-26T01:46:08.0694069Z tests/fast/tinker/core/test_future.py::test_terminal_states_do_not_flip PASSED [ 63%]
stage-a-cpu (1) / run-cpu	UNKNOWN STEP	2026-09-26T01:46:08.0888314Z tests/fast/tinker/server/test_app.py::test_the_training_conversation PASSED [ 63%]
stage-a-cpu (1) / run-cpu	UNKNOWN STEP	2026-09-26T01:46:08.0973770Z tests/fast/tinker/server/test_app.py::test_bad_input_answers_400 PASSED  [ 63%]
stage-a-cpu (1) / run-cpu	UNKNOWN STEP	2026-09-26T01:46:08.1078147Z tests/fast/tinker/server/test_app.py::test_a_foreign_future_answers_403 PASSED [ 63%]
stage-a-cpu (1) / run-cpu	UNKNOWN STEP	2026-09-26T01:46:08.1162230Z tests/fast/tinker/server/test_app.py::test_an_unknown_future_answers_410 PASSED [ 63%]
stage-a-cpu (1) / run-cpu	UNKNOWN STEP	2026-09-26T01:46:08.1258201Z tests/fast/tinker/server/test_app.py::test_a_failed_future_reports_the_category PASSED [ 63%]
stage-a-cpu (1) / run-cpu	UNKNOWN STEP	2026-09-26T01:46:08.1340649Z tests/fast/tinker/server/test_app.py::test_capabilities_and_telemetry_shapes PASSED [ 64%]
stage-a-cpu (1) / run-cpu	UNKNOWN STEP	2026-09-26T01:46:08.1417562Z tests/fast/tinker/server/test_app.py::test_a_request_without_an_api_key_is_rejected PASSED [ 64%]
stage-a-cpu (1) / run-cpu	UNKNOWN STEP	2026-09-26T01:46:08.1495995Z tests/fast/tinker/server/test_app.py::test_a_bearer_authorization_still_authenticates PASSED [ 64%]
stage-a-cpu (1) / run-cpu	UNKNOWN STEP	2026-09-26T01:46:08.1624620Z tests/fast/tinker/server/test_app.py::test_weights_info_answers_the_sdk_resume_probe PASSED [ 64%]
stage-a-cpu (1) / run-cpu	UNKNOWN STEP	2026-09-26T01:46:08.2203081Z tests/fast/tinker/server/test_app.py::test_retrieve_long_polls_until_settlement PASSED [ 64%]
stage-a-cpu (1) / run-cpu	UNKNOWN STEP	2026-09-26T01:46:08.2227546Z tests/fast/tinker/test_loss_tables.py::test_every_registered_loss_has_an_admission_entry PASSED [ 64%]
stage-a-cpu (1) / run-cpu	UNKNOWN STEP	2026-09-26T01:46:08.2252298Z tests/fast/tinker/test_loss_tables.py::test_wire_keys_map_onto_trainer_batch_keys PASSED [ 64%]
stage-a-cpu (1) / run-cpu	UNKNOWN STEP	2026-09-26T01:46:08.2285033Z tests/fast/utils/api_server/test_handles.py::TestActorCellHandler::test_every_cell_of_the_group_is_listed PASSED [ 64%]
stage-a-cpu (1) / run-cpu	UNKNOWN STEP	2026-09-26T01:46:08.2308659Z tests/fast/utils/api_server/test_handles.py::TestActorCellHandler::test_cell_type PASSED [ 64%]
stage-a-cpu (1) / run-cpu	UNKNOWN STEP	2026-09-26T01:46:08.2338766Z tests/fast/utils/api_server/test_handles.py::TestActorCellHandler::test_a_running_cell_reports_the_controller_status PASSED [ 64%]
stage-a-cpu (1) / run-cpu	UNKNOWN STEP	2026-09-26T01:46:08.2368432Z tests/fast/utils/api_server/test_handles.py::TestActorCellHandler::test_suspension_comes_from_the_worker_manager PASSED [ 64%]
stage-a-cpu (1) / run-cpu	UNKNOWN STEP	2026-09-26T01:46:08.2397375Z tests/fast/utils/api_server/test_handles.py::TestActorCellHandler::test_a_cell_the_group_has_not_observed_yet_is_pending PASSED [ 64%]
stage-a-cpu (1) / run-cpu	UNKNOWN STEP	2026-09-26T01:46:08.2426761Z tests/fast/utils/api_server/test_handles.py::TestActorCellHandler::test_suspend_stops_the_cell_in_the_worker_manager PASSED [ 64%]
stage-a-cpu (1) / run-cpu	UNKNOWN STEP	2026-09-26T01:46:08.2455668Z tests/fast/utils/api_server/test_handles.py::TestActorCellHandler::test_resume_starts_the_cell_in_the_worker_manager PASSED [ 64%]
stage-a-cpu (1) / run-cpu	UNKNOWN STEP	2026-09-26T01:46:08.2483953Z tests/fast/utils/api_server/test_handles.py::TestActorCellHandler::test_injection_is_forwarded_to_the_worker_manager PASSED [ 64%]
stage-a-cpu (1) / run-cpu	UNKNOWN STEP	2026-09-26T01:46:08.2513256Z tests/fast/utils/api_server/test_handles.py::TestRolloutCellHandler::test_a_healthy_cell_is_reported_running PASSED [ 64%]
stage-a-cpu (1) / run-cpu	UNKNOWN STEP	2026-09-26T01:46:08.2542192Z tests/fast/utils/api_server/test_handles.py::TestRolloutCellHandler::test_a_failing_probe_is_reported_unhealthy PASSED [ 64%]
stage-a-cpu (1) / run-cpu	UNKNOWN STEP	2026-09-26T01:46:08.2571725Z tests/fast/utils/api_server/test_handles.py::TestRolloutCellHandler::test_suspension_comes_from_the_controller_status PASSED [ 64%]
stage-a-cpu (1) / run-cpu	UNKNOWN STEP	2026-09-26T01:46:08.2601051Z tests/fast/utils/api_server/test_handles.py::TestRolloutCellHandler::test_a_suspended_cell_reports_no_health PASSED [ 64%]
stage-a-cpu (1) / run-cpu	UNKNOWN STEP	2026-09-26T01:46:08.2630475Z tests/fast/utils/api_server/test_handles.py::TestRolloutCellHandler::test_a_cell_the_controller_does_not_track_yet_carries_no_health PASSED [ 64%]
stage-a-cpu (1) / run-cpu	UNKNOWN STEP	2026-09-26T01:46:08.2659017Z tests/fast/utils/api_server/test_handles.py::TestRolloutCellHandler::test_the_controllers_status_is_passed_through_verbatim PASSED [ 64%]
stage-a-cpu (1) / run-cpu	UNKNOWN STEP	2026-09-26T01:46:08.2687279Z tests/fast/utils/api_server/test_handles.py::TestRolloutCellHandler::test_health_is_read_without_awaiting_the_controller PASSED [ 64%]
stage-a-cpu (1) / run-cpu	UNKNOWN STEP	2026-09-26T01:46:08.2715874Z tests/fast/utils/api_server/test_handles.py::TestRolloutCellHandler::test_suspend_stops_the_cell_in_the_worker_manager PASSED [ 64%]
stage-a-cpu (1) / run-cpu	UNKNOWN STEP	2026-09-26T01:46:08.2744322Z tests/fast/utils/api_server/test_handles.py::TestRolloutCellHandler::test_resume_starts_the_cell_in_the_worker_manager PASSED [ 64%]
stage-a-cpu (1) / run-cpu	UNKNOWN STEP	2026-09-26T01:46:08.2774298Z tests/fast/utils/api_server/test_handles.py::TestRolloutCellHandler::test_a_suspended_cell_reports_suspended_afterwards PASSED [ 64%]
stage-a-cpu (1) / run-cpu	UNKNOWN STEP	2026-09-26T01:46:08.2803644Z tests/fast/utils/api_server/test_handles.py::TestRolloutCellHandler::test_a_resumed_cell_is_pending_without_health_until_reconcile_sees_it PASSED [ 64%]
stage-a-cpu (1) / run-cpu	UNKNOWN STEP	2026-09-26T01:46:08.2832778Z tests/fast/utils/api_server/test_handles.py::TestRolloutCellHandler::test_the_status_comes_back_once_reconcile_observes_the_new_generation PASSED [ 64%]
stage-a-cpu (1) / run-cpu	UNKNOWN STEP	2026-09-26T01:46:08.2860789Z tests/fast/utils/api_server/test_handles.py::TestRolloutCellHandler::test_cell_type_is_rollout PASSED [ 64%]
stage-a-cpu (1) / run-cpu	UNKNOWN STEP	2026-09-26T01:46:08.2889748Z tests/fast/utils/api_server/test_handles.py::TestRolloutCellHandler::test_only_the_engine_specs_are_listed PASSED [ 64%]
stage-a-cpu (1) / run-cpu	UNKNOWN STEP	2026-09-26T01:46:08.2919382Z tests/fast/utils/api_server/test_handles.py::TestRolloutCellHandler::test_a_suspended_cell_is_still_listed PASSED [ 64%]
stage-a-cpu (1) / run-cpu	UNKNOWN STEP	2026-09-26T01:46:08.2950673Z tests/fast/utils/api_server/test_handles.py::TestRolloutCellHandler::test_listing_reads_its_sources_once_for_all_cells PASSED [ 64%]
stage-a-cpu (1) / run-cpu	UNKNOWN STEP	2026-09-26T01:46:08.2980510Z tests/fast/utils/api_server/test_handles.py::TestRolloutCellHandler::test_listing_fetches_worker_infos_once_for_all_cells PASSED [ 64%]
stage-a-cpu (1) / run-cpu	UNKNOWN STEP	2026-09-26T01:46:08.3009837Z tests/fast/utils/api_server/test_handles.py::TestRolloutCellHandlerInjectFault::test_injection_is_forwarded_to_the_worker_manager PASSED [ 65%]
stage-a-cpu (1) / run-cpu	UNKNOWN STEP	2026-09-26T01:46:08.3041529Z tests/fast/utils/api_server/test_handles.py::TestRolloutCellHandlerSerializesThroughTheController::test_suspend_goes_through_the_inference_controller PASSED [ 65%]
stage-a-cpu (1) / run-cpu	UNKNOWN STEP	2026-09-26T01:46:08.3072924Z tests/fast/utils/api_server/test_handles.py::TestRolloutCellHandlerSerializesThroughTheController::test_injection_goes_through_the_inference_controller PASSED [ 65%]
stage-a-cpu (1) / run-cpu	UNKNOWN STEP	2026-09-26T01:46:08.3104280Z tests/fast/utils/api_server/test_handles.py::TestRolloutCellHandlerSerializesThroughTheController::test_a_refused_injection_reaches_the_caller PASSED [ 65%]
stage-a-cpu (1) / run-cpu	UNKNOWN STEP	2026-09-26T01:46:08.3134105Z tests/fast/utils/api_server/test_handles.py::TestRolloutCellHandlerSerializesThroughTheController::test_resume_still_goes_straight_to_the_worker_manager PASSED [ 65%]
stage-a-cpu (1) / run-cpu	UNKNOWN STEP	2026-09-26T01:46:08.3173612Z tests/fast/utils/api_server/test_handles.py::TestRolloutCellHandlerReachesTheControllerLoop::test_an_operation_requested_from_the_api_server_loop_runs_on_the_controller_loop PASSED [ 65%]
stage-a-cpu (1) / run-cpu	UNKNOWN STEP	2026-09-26T01:46:08.3211649Z tests/fast/utils/api_server/test_handles.py::TestRolloutCellHandlerReachesTheControllerLoop::test_a_failure_on_the_controller_loop_reaches_the_api_server_loop PASSED [ 65%]
stage-a-cpu (1) / run-cpu	UNKNOWN STEP	2026-09-26T01:46:08.3242280Z tests/fast/utils/api_server/test_handles.py::TestCellStatusGeneration::test_a_status_about_an_older_generation_carries_no_verdict PASSED [ 65%]
stage-a-cpu (1) / run-cpu	UNKNOWN STEP	2026-09-26T01:46:08.3271459Z tests/fast/utils/api_server/test_handles.py::TestCellStatusGeneration::test_a_status_about_the_current_generation_is_published_verbatim PASSED [ 65%]
stage-a-cpu (1) / run-cpu	UNKNOWN STEP	2026-09-26T01:46:08.3301579Z tests/fast/utils/api_server/test_handles.py::TestCellStatusGeneration::test_a_suspended_cell_is_stamped_from_the_live_listing PASSED [ 65%]
stage-a-cpu (1) / run-cpu	UNKNOWN STEP	2026-09-26T01:46:08.3331803Z tests/fast/utils/api_server/test_handles.py::TestCellStatusGeneration::test_a_cell_the_controller_does_not_track_yet_is_stamped_from_the_live_listing PASSED [ 65%]
stage-a-cpu (1) / run-cpu	UNKNOWN STEP	2026-09-26T01:46:08.3362027Z tests/fast/utils/api_server/test_handles.py::TestCellStatusGeneration::test_a_status_about_an_older_generation_keeps_its_phase_and_loses_every_condition PASSED [ 65%]
stage-a-cpu (1) / run-cpu	UNKNOWN STEP	2026-09-26T01:46:08.3391846Z tests/fast/utils/api_server/test_handles.py::TestCellStatusGeneration::test_a_status_about_an_older_generation_drops_the_reasons_behind_its_verdicts PASSED [ 65%]
stage-a-cpu (1) / run-cpu	UNKNOWN STEP	2026-09-26T01:46:08.3422033Z tests/fast/utils/api_server/test_handles.py::TestCellStatusGeneration::test_blanking_a_stale_status_leaves_the_controllers_own_copy_untouched PASSED [ 65%]
stage-a-cpu (1) / run-cpu	UNKNOWN STEP	2026-09-26T01:46:08.3452400Z tests/fast/utils/api_server/test_handles.py::TestCellStatusGeneration::test_a_listing_blanks_a_stale_status_the_same_way_a_lookup_does PASSED [ 65%]
stage-a-cpu (1) / run-cpu	UNKNOWN STEP	2026-09-26T01:46:08.3481805Z tests/fast/utils/api_server/test_handles.py::TestCellStatusGeneration::test_the_verdict_returns_once_the_controller_observes_the_new_generation PASSED [ 65%]
stage-a-cpu (1) / run-cpu	UNKNOWN STEP	2026-09-26T01:46:08.3525293Z tests/fast/utils/api_server/test_handles.py::TestCellHandlerCellOperationsWiring::test_cell_operations_given_without_their_loop_are_rejected PASSED [ 65%]
stage-a-cpu (1) / run-cpu	UNKNOWN STEP	2026-09-26T01:46:08.3544899Z tests/fast/utils/api_server/test_handles.py::TestCellHandlerCellOperationsWiring::test_a_loop_given_without_cell_operations_is_rejected PASSED [ 65%]
stage-a-cpu (1) / run-cpu	UNKNOWN STEP	2026-09-26T01:46:08.3576756Z tests/fast/utils/api_server/test_handles.py::TestRolloutCellHandlerRefusedInjection::test_a_refused_injection_is_not_retried_against_the_worker_manager PASSED [ 65%]
stage-a-cpu (1) / run-cpu	UNKNOWN STEP	2026-09-26T01:46:08.4119944Z tests/fast/utils/api_server/test_handles.py::TestRolloutCellHandlerAwaitsTheControllerLoop::test_a_suspension_returns_only_after_the_controller_has_carried_it_out PASSED [ 65%]
stage-a-cpu (1) / run-cpu	UNKNOWN STEP	2026-09-26T01:46:08.4661683Z tests/fast/utils/api_server/test_handles.py::TestRolloutCellHandlerAwaitsTheControllerLoop::test_an_injection_returns_only_after_the_controller_has_carried_it_out PASSED [ 65%]
stage-a-cpu (1) / run-cpu	UNKNOWN STEP	2026-09-26T01:46:08.4689111Z tests/fast/utils/chat_template_utils/test_fixed_templates.py::test_every_non_default_family_is_covered PASSED [ 65%]
stage-a-cpu (1) / run-cpu	UNKNOWN STEP	2026-09-26T01:46:08.4717710Z tests/fast/utils/chat_template_utils/test_fixed_templates.py::test_family_resolves_template_and_preserve_think_kwargs[qwen3] PASSED [ 65%]
stage-a-cpu (1) / run-cpu	UNKNOWN STEP	2026-09-26T01:46:08.4745440Z tests/fast/utils/chat_template_utils/test_fixed_templates.py::test_family_resolves_template_and_preserve_think_kwargs[qwen35] PASSED [ 65%]
stage-a-cpu (1) / run-cpu	UNKNOWN STEP	2026-09-26T01:46:08.4773212Z tests/fast/utils/chat_template_utils/test_fixed_templates.py::test_family_resolves_template_and_preserve_think_kwargs[qwen36] PASSED [ 65%]
stage-a-cpu (1) / run-cpu	UNKNOWN STEP	2026-09-26T01:46:08.4799701Z tests/fast/utils/chat_template_utils/test_fixed_templates.py::test_family_resolves_template_and_preserve_think_kwargs[qwen38small] PASSED [ 65%]
stage-a-cpu (1) / run-cpu	UNKNOWN STEP	2026-09-26T01:46:08.4826753Z tests/fast/utils/chat_template_utils/test_fixed_templates.py::test_family_resolves_template_and_preserve_think_kwargs[qwen4exp] PASSED [ 65%]
stage-a-cpu (1) / run-cpu	UNKNOWN STEP	2026-09-26T01:46:08.4853541Z tests/fast/utils/chat_template_utils/test_fixed_templates.py::test_family_resolves_template_and_preserve_think_kwargs[qwennext] PASSED [ 65%]
stage-a-cpu (1) / run-cpu	UNKNOWN STEP	2026-09-26T01:46:08.4884212Z tests/fast/utils/chat_template_utils/test_fixed_templates.py::test_family_resolves_template_and_preserve_think_kwargs[glm47] PASSED [ 65%]
stage-a-cpu (1) / run-cpu	UNKNOWN STEP	2026-09-26T01:46:08.4910982Z tests/fast/utils/chat_template_utils/test_fixed_templates.py::test_family_resolves_template_and_preserve_think_kwargs[glm53] PASSED [ 65%]
stage-a-cpu (1) / run-cpu	UNKNOWN STEP	2026-09-26T01:46:08.4938193Z tests/fast/utils/chat_template_utils/test_fixed_templates.py::test_family_resolves_template_and_preserve_think_kwargs[nemotron3] PASSED [ 65%]
stage-a-cpu (1) / run-cpu	UNKNOWN STEP	2026-09-26T01:46:08.4965067Z tests/fast/utils/chat_template_utils/test_fixed_templates.py::test_family_resolves_template_and_preserve_think_kwargs[kimi25] PASSED [ 65%]
stage-a-cpu (1) / run-cpu	UNKNOWN STEP	2026-09-26T01:46:08.4992060Z tests/fast/utils/chat_template_utils/test_fixed_templates.py::test_family_resolves_template_and_preserve_think_kwargs[kimi26] PASSED [ 66%]
stage-a-cpu (1) / run-cpu	UNKNOWN STEP	2026-09-26T01:46:08.5019297Z tests/fast/utils/chat_template_utils/test_fixed_templates.py::test_family_resolves_template_and_preserve_think_kwargs[minimax_m25] PASSED [ 66%]
stage-a-cpu (1) / run-cpu	UNKNOWN STEP	2026-09-26T01:46:08.5046567Z tests/fast/utils/chat_template_utils/test_fixed_templates.py::test_family_resolves_template_and_preserve_think_kwargs[minimax_m27] PASSED [ 66%]
stage-a-cpu (1) / run-cpu	UNKNOWN STEP	2026-09-26T01:46:08.5073639Z tests/fast/utils/chat_template_utils/test_fixed_templates.py::test_family_resolves_template_and_preserve_think_kwargs[deepseekv32] PASSED [ 66%]
stage-a-cpu (1) / run-cpu	UNKNOWN STEP	2026-09-26T01:46:08.5101129Z tests/fast/utils/chat_template_utils/test_fixed_templates.py::test_family_resolves_template_and_preserve_think_kwargs[deepseekv4] PASSED [ 66%]
stage-a-cpu (1) / run-cpu	UNKNOWN STEP	2026-09-26T01:46:08.5128101Z tests/fast/utils/chat_template_utils/test_fixed_templates.py::test_family_resolves_template_and_preserve_think_kwargs[inkling] PASSED [ 66%]
stage-a-cpu (1) / run-cpu	UNKNOWN STEP	2026-09-26T01:46:08.5153708Z tests/fast/utils/chat_template_utils/test_fixed_templates.py::test_default_family_uses_native_template PASSED [ 66%]
stage-a-cpu (1) / run-cpu	UNKNOWN STEP	2026-09-26T01:46:08.5177734Z tests/fast/utils/chat_template_utils/test_fixed_templates.py::test_fixed_template_defaults_to_all_roles PASSED [ 66%]
stage-a-cpu (1) / run-cpu	UNKNOWN STEP	2026-09-26T01:46:08.5203244Z tests/fast/utils/chat_template_utils/test_fixed_templates.py::test_fixed_template_rejects_unknown_role PASSED [ 66%]
stage-a-cpu (1) / run-cpu	UNKNOWN STEP	2026-09-26T01:46:08.5229109Z tests/fast/utils/chat_template_utils/test_fixed_templates.py::test_restricted_fixed_template_excludes_mid_session_system[DeepSeekV4TITOTokenizer] PASSED [ 66%]
stage-a-cpu (1) / run-cpu	UNKNOWN STEP	2026-09-26T01:46:08.5254383Z tests/fast/utils/chat_template_utils/test_fixed_templates.py::test_restricted_fixed_template_excludes_mid_session_system[Qwen35TITOTokenizer] PASSED [ 66%]
stage-a-cpu (1) / run-cpu	UNKNOWN STEP	2026-09-26T01:46:08.5279905Z tests/fast/utils/chat_template_utils/test_fixed_templates.py::test_restricted_fixed_template_excludes_mid_session_system[Qwen36TITOTokenizer] PASSED [ 66%]
stage-a-cpu (1) / run-cpu	UNKNOWN STEP	2026-09-26T01:46:08.5306731Z tests/fast/utils/chat_template_utils/test_fixed_templates.py::test_restricted_fixed_template_excludes_mid_session_system[Qwen38SmallTITOTokenizer] PASSED [ 66%]
stage-a-cpu (1) / run-cpu	UNKNOWN STEP	2026-09-26T01:46:08.5334154Z tests/fast/utils/chat_template_utils/test_fixed_templates.py::test_restricted_fixed_template_excludes_mid_session_system[MinimaxM25TITOTokenizer] PASSED [ 66%]
stage-a-cpu (1) / run-cpu	UNKNOWN STEP	2026-09-26T01:46:08.5359583Z tests/fast/utils/chat_template_utils/test_fixed_templates.py::test_restricted_fixed_template_excludes_mid_session_system[MinimaxM27TITOTokenizer] PASSED [ 66%]
stage-a-cpu (1) / run-cpu	UNKNOWN STEP	2026-09-26T01:46:08.5385276Z tests/fast/utils/chat_template_utils/test_fixed_templates.py::test_string_tito_model_accepted PASSED [ 66%]
stage-a-cpu (1) / run-cpu	UNKNOWN STEP	2026-09-26T01:46:08.5410454Z tests/fast/utils/chat_template_utils/test_fixed_templates.py::test_kwargs_are_copied_not_shared PASSED [ 66%]
stage-a-cpu (1) / run-cpu	UNKNOWN STEP	2026-09-26T01:46:08.5446053Z tests/fast/utils/chat_template_utils/test_fixed_templates.py::test_registered_kwargs_override_conflicting_launch_values[Qwen3TITOTokenizer-chat_template_kwargs0] PASSED [ 66%]
stage-a-cpu (1) / run-cpu	UNKNOWN STEP	2026-09-26T01:46:08.5478826Z tests/fast/utils/chat_template_utils/test_fixed_templates.py::test_registered_kwargs_override_conflicting_launch_values[Qwen38SmallTITOTokenizer-chat_template_kwargs1] PASSED [ 66%]
stage-a-cpu (1) / run-cpu	UNKNOWN STEP	2026-09-26T01:46:08.5795583Z tests/fast/utils/chat_template_utils/test_fixed_templates.py::test_qwen35_and_qwen36_preserve_family_tool_argument_serialization[qwen35-False-None] PASSED [ 66%]
stage-a-cpu (1) / run-cpu	UNKNOWN STEP	2026-09-26T01:46:08.6097408Z tests/fast/utils/chat_template_utils/test_fixed_templates.py::test_qwen35_and_qwen36_preserve_family_tool_argument_serialization[qwen36-false-null] PASSED [ 66%]
stage-a-cpu (1) / run-cpu	UNKNOWN STEP	2026-09-26T01:46:10.1340850Z tests/fast/utils/chat_template_utils/test_template.py::TestAlignWithSGLang::test_align[Qwen3-4B-single_tool-N3-enable_thinking_on] PASSED [ 66%]
stage-a-cpu (1) / run-cpu	UNKNOWN STEP	2026-09-26T01:46:10.1399638Z tests/fast/utils/chat_template_utils/test_template.py::TestAlignWithSGLang::test_align[Qwen3-4B-single_tool-N3-enable_thinking_off] PASSED [ 66%]
stage-a-cpu (1) / run-cpu	UNKNOWN STEP	2026-09-26T01:46:10.1462980Z tests/fast/utils/chat_template_utils/test_template.py::TestAlignWithSGLang::test_align[Qwen3-4B-multi_turn-N3-enable_thinking_on] PASSED [ 66%]
stage-a-cpu (1) / run-cpu	UNKNOWN STEP	2026-09-26T01:46:10.1527688Z tests/fast/utils/chat_template_utils/test_template.py::TestAlignWithSGLang::test_align[Qwen3-4B-multi_turn-N3-enable_thinking_off] PASSED [ 66%]
stage-a-cpu (1) / run-cpu	UNKNOWN STEP	2026-09-26T01:46:10.1589406Z tests/fast/utils/chat_template_utils/test_template.py::TestAlignWithSGLang::test_align[Qwen3-4B-multi_turn-N5-enable_thinking_on] PASSED [ 66%]
stage-a-cpu (1) / run-cpu	UNKNOWN STEP	2026-09-26T01:46:10.1650841Z tests/fast/utils/chat_template_utils/test_template.py::TestAlignWithSGLang::test_align[Qwen3-4B-multi_turn-N5-enable_thinking_off] PASSED [ 66%]
stage-a-cpu (1) / run-cpu	UNKNOWN STEP	2026-09-26T01:46:10.1713764Z tests/fast/utils/chat_template_utils/test_template.py::TestAlignWithSGLang::test_align[Qwen3-4B-multi_tool_single_turn-N3-enable_thinking_on] PASSED [ 66%]
stage-a-cpu (1) / run-cpu	UNKNOWN STEP	2026-09-26T01:46:10.1776957Z tests/fast/utils/chat_template_utils/test_template.py::TestAlignWithSGLang::test_align[Qwen3-4B-multi_tool_single_turn-N3-enable_thinking_off] PASSED [ 66%]
stage-a-cpu (1) / run-cpu	UNKNOWN STEP	2026-09-26T01:46:10.1839025Z tests/fast/utils/chat_template_utils/test_template.py::TestAlignWithSGLang::test_align[Qwen3-4B-parallel_tools-N3-enable_thinking_on] PASSED [ 66%]
stage-a-cpu (1) / run-cpu	UNKNOWN STEP	2026-09-26T01:46:10.1901068Z tests/fast/utils/chat_template_utils/test_template.py::TestAlignWithSGLang::test_align[Qwen3-4B-parallel_tools-N3-enable_thinking_off] PASSED [ 66%]
stage-a-cpu (1) / run-cpu	UNKNOWN STEP	2026-09-26T01:46:10.1969188Z tests/fast/utils/chat_template_utils/test_template.py::TestAlignWithSGLang::test_align[Qwen3-4B-long_chain-N3-enable_thinking_on] PASSED [ 66%]
stage-a-cpu (1) / run-cpu	UNKNOWN STEP	2026-09-26T01:46:10.2036668Z tests/fast/utils/chat_template_utils/test_template.py::TestAlignWithSGLang::test_align[Qwen3-4B-long_chain-N3-enable_thinking_off] PASSED [ 67%]
stage-a-cpu (1) / run-cpu	UNKNOWN STEP	2026-09-26T01:46:10.2104346Z tests/fast/utils/chat_template_utils/test_template.py::TestAlignWithSGLang::test_align[Qwen3-4B-long_chain-N5-enable_thinking_on] PASSED [ 67%]
stage-a-cpu (1) / run-cpu	UNKNOWN STEP	2026-09-26T01:46:10.2172019Z tests/fast/utils/chat_template_utils/test_template.py::TestAlignWithSGLang::test_align[Qwen3-4B-long_chain-N5-enable_thinking_off] PASSED [ 67%]
stage-a-cpu (1) / run-cpu	UNKNOWN STEP	2026-09-26T01:46:10.2239851Z tests/fast/utils/chat_template_utils/test_template.py::TestAlignWithSGLang::test_align[Qwen3-4B-long_chain-N7-enable_thinking_on] PASSED [ 67%]
stage-a-cpu (1) / run-cpu	UNKNOWN STEP	2026-09-26T01:46:10.2322692Z tests/fast/utils/chat_template_utils/test_template.py::TestAlignWithSGLang::test_align[Qwen3-4B-long_chain-N7-enable_thinking_off] PASSED [ 67%]
stage-a-cpu (1) / run-cpu	UNKNOWN STEP	2026-09-26T01:46:10.2392771Z tests/fast/utils/chat_template_utils/test_template.py::TestAlignWithSGLang::test_align[Qwen3-4B-multi_user_tool_chain-N3-enable_thinking_on] PASSED [ 67%]
stage-a-cpu (1) / run-cpu	UNKNOWN STEP	2026-09-26T01:46:10.2464935Z tests/fast/utils/chat_template_utils/test_template.py::TestAlignWithSGLang::test_align[Qwen3-4B-multi_user_tool_chain-N3-enable_thinking_off] PASSED [ 67%]
stage-a-cpu (1) / run-cpu	UNKNOWN STEP	2026-09-26T01:46:10.2533672Z tests/fast/utils/chat_template_utils/test_template.py::TestAlignWithSGLang::test_align[Qwen3-4B-multi_user_tool_chain-N5-enable_thinking_on] PASSED [ 67%]
stage-a-cpu (1) / run-cpu	UNKNOWN STEP	2026-09-26T01:46:10.2602905Z tests/fast/utils/chat_template_utils/test_template.py::TestAlignWithSGLang::test_align[Qwen3-4B-multi_user_tool_chain-N5-enable_thinking_off] PASSED [ 67%]
stage-a-cpu (1) / run-cpu	UNKNOWN STEP	2026-09-26T01:46:10.2671663Z tests/fast/utils/chat_template_utils/test_template.py::TestAlignWithSGLang::test_align[Qwen3-4B-multi_user_tool_chain-N7-enable_thinking_on] PASSED [ 67%]
stage-a-cpu (1) / run-cpu	UNKNOWN STEP	2026-09-26T01:46:10.2741107Z tests/fast/utils/chat_template_utils/test_template.py::TestAlignWithSGLang::test_align[Qwen3-4B-multi_user_tool_chain-N7-enable_thinking_off] PASSED [ 67%]
stage-a-cpu (1) / run-cpu	UNKNOWN STEP	2026-09-26T01:46:10.2809874Z tests/fast/utils/chat_template_utils/test_template.py::TestAlignWithSGLang::test_align[Qwen3-4B-multi_user_tool_chain-N9-enable_thinking_on] PASSED [ 67%]
stage-a-cpu (1) / run-cpu	UNKNOWN STEP	2026-09-26T01:46:10.2880582Z tests/fast/utils/chat_template_utils/test_template.py::TestAlignWithSGLang::test_align[Qwen3-4B-multi_user_tool_chain-N9-enable_thinking_off] PASSED [ 67%]
stage-a-cpu (1) / run-cpu	UNKNOWN STEP	2026-09-26T01:46:10.2944644Z tests/fast/utils/chat_template_utils/test_template.py::TestAlignWithSGLang::test_align[Qwen3-4B-retry_system-N3-enable_thinking_on] PASSED [ 67%]
stage-a-cpu (1) / run-cpu	UNKNOWN STEP	2026-09-26T01:46:10.3006017Z tests/fast/utils/chat_template_utils/test_template.py::TestAlignWithSGLang::test_align[Qwen3-4B-retry_system-N3-enable_thinking_off] PASSED [ 67%]
stage-a-cpu (1) / run-cpu	UNKNOWN STEP	2026-09-26T01:46:10.3067702Z tests/fast/utils/chat_template_utils/test_template.py::TestAlignWithSGLang::test_align[Qwen3-4B-retry_system-N6-enable_thinking_on] PASSED [ 67%]
stage-a-cpu (1) / run-cpu	UNKNOWN STEP	2026-09-26T01:46:10.3143518Z tests/fast/utils/chat_template_utils/test_template.py::TestAlignWithSGLang::test_align[Qwen3-4B-retry_system-N6-enable_thinking_off] PASSED [ 67%]
stage-a-cpu (1) / run-cpu	UNKNOWN STEP	2026-09-26T01:46:10.3212436Z tests/fast/utils/chat_template_utils/test_template.py::TestAlignWithSGLang::test_align[Qwen3-4B-intermediate_system-N3-enable_thinking_on] PASSED [ 67%]
stage-a-cpu (1) / run-cpu	UNKNOWN STEP	2026-09-26T01:46:10.3281627Z tests/fast/utils/chat_template_utils/test_template.py::TestAlignWithSGLang::test_align[Qwen3-4B-intermediate_system-N3-enable_thinking_off] PASSED [ 67%]
stage-a-cpu (1) / run-cpu	UNKNOWN STEP	2026-09-26T01:46:10.3351070Z tests/fast/utils/chat_template_utils/test_template.py::TestAlignWithSGLang::test_align[Qwen3-4B-intermediate_system-N6-enable_thinking_on] PASSED [ 67%]
stage-a-cpu (1) / run-cpu	UNKNOWN STEP	2026-09-26T01:46:10.3421279Z tests/fast/utils/chat_template_utils/test_template.py::TestAlignWithSGLang::test_align[Qwen3-4B-intermediate_system-N6-enable_thinking_off] PASSED [ 67%]
stage-a-cpu (1) / run-cpu	UNKNOWN STEP	2026-09-26T01:46:10.3490017Z tests/fast/utils/chat_template_utils/test_template.py::TestAlignWithSGLang::test_align[Qwen3-4B-intermediate_system-N9-enable_thinking_on] PASSED [ 67%]
stage-a-cpu (1) / run-cpu	UNKNOWN STEP	2026-09-26T01:46:10.3558998Z tests/fast/utils/chat_template_utils/test_template.py::TestAlignWithSGLang::test_align[Qwen3-4B-intermediate_system-N9-enable_thinking_off] PASSED [ 67%]
stage-a-cpu (1) / run-cpu	UNKNOWN STEP	2026-09-26T01:46:10.3604958Z tests/fast/utils/chat_template_utils/test_template.py::TestAlignWithSGLang::test_align[Qwen3-4B-multi_turn_no_tool-N3-enable_thinking_on] PASSED [ 67%]
stage-a-cpu (1) / run-cpu	UNKNOWN STEP	2026-09-26T01:46:10.3651734Z tests/fast/utils/chat_template_utils/test_template.py::TestAlignWithSGLang::test_align[Qwen3-4B-multi_turn_no_tool-N3-enable_thinking_off] PASSED [ 67%]
stage-a-cpu (1) / run-cpu	UNKNOWN STEP	2026-09-26T01:46:10.3698304Z tests/fast/utils/chat_template_utils/test_template.py::TestAlignWithSGLang::test_align[Qwen3-4B-multi_turn_no_tool-N5-enable_thinking_on] PASSED [ 67%]
stage-a-cpu (1) / run-cpu	UNKNOWN STEP	2026-09-26T01:46:10.3744424Z tests/fast/utils/chat_template_utils/test_template.py::TestAlignWithSGLang::test_align[Qwen3-4B-multi_turn_no_tool-N5-enable_thinking_off] PASSED [ 67%]
stage-a-cpu (1) / run-cpu	UNKNOWN STEP	2026-09-26T01:46:10.3806284Z tests/fast/utils/chat_template_utils/test_template.py::TestAlignWithSGLang::test_align[Qwen3-4B-multi_turn_thinking-N3-enable_thinking_on] PASSED [ 67%]
stage-a-cpu (1) / run-cpu	UNKNOWN STEP	2026-09-26T01:46:10.3869272Z tests/fast/utils/chat_template_utils/test_template.py::TestAlignWithSGLang::test_align[Qwen3-4B-multi_turn_thinking-N3-enable_thinking_off] PASSED [ 67%]
stage-a-cpu (1) / run-cpu	UNKNOWN STEP	2026-09-26T01:46:10.3946443Z tests/fast/utils/chat_template_utils/test_template.py::TestAlignWithSGLang::test_align[Qwen3-4B-multi_turn_thinking-N5-enable_thinking_on] PASSED [ 67%]
stage-a-cpu (1) / run-cpu	UNKNOWN STEP	2026-09-26T01:46:10.4009023Z tests/fast/utils/chat_template_utils/test_template.py::TestAlignWithSGLang::test_align[Qwen3-4B-multi_turn_thinking-N5-enable_thinking_off] PASSED [ 67%]
stage-a-cpu (1) / run-cpu	UNKNOWN STEP	2026-09-26T01:46:10.4078050Z tests/fast/utils/chat_template_utils/test_template.py::TestAlignWithSGLang::test_align[Qwen3-4B-long_chain_thinking-N3-enable_thinking_on] PASSED [ 67%]
stage-a-cpu (1) / run-cpu	UNKNOWN STEP	2026-09-26T01:46:10.4147784Z tests/fast/utils/chat_template_utils/test_template.py::TestAlignWithSGLang::test_align[Qwen3-4B-long_chain_thinking-N3-enable_thinking_off] PASSED [ 68%]
stage-a-cpu (1) / run-cpu	UNKNOWN STEP	2026-09-26T01:46:10.4216423Z tests/fast/utils/chat_template_utils/test_template.py::TestAlignWithSGLang::test_align[Qwen3-4B-long_chain_thinking-N5-enable_thinking_on] PASSED [ 68%]
stage-a-cpu (1) / run-cpu	UNKNOWN STEP	2026-09-26T01:46:10.4285244Z tests/fast/utils/chat_template_utils/test_template.py::TestAlignWithSGLang::test_align[Qwen3-4B-long_chain_thinking-N5-enable_thinking_off] PASSED [ 68%]
stage-a-cpu (1) / run-cpu	UNKNOWN STEP	2026-09-26T01:46:10.4354154Z tests/fast/utils/chat_template_utils/test_template.py::TestAlignWithSGLang::test_align[Qwen3-4B-long_chain_thinking-N7-enable_thinking_on] PASSED [ 68%]
stage-a-cpu (1) / run-cpu	UNKNOWN STEP	2026-09-26T01:46:10.4422899Z tests/fast/utils/chat_template_utils/test_template.py::TestAlignWithSGLang::test_align[Qwen3-4B-long_chain_thinking-N7-enable_thinking_off] PASSED [ 68%]
stage-a-cpu (1) / run-cpu	UNKNOWN STEP	2026-09-26T01:46:10.4485731Z tests/fast/utils/chat_template_utils/test_template.py::TestAlignWithSGLang::test_align[Qwen3-4B-multi_user_turn_thinking-N7-enable_thinking_on] PASSED [ 68%]
stage-a-cpu (1) / run-cpu	UNKNOWN STEP	2026-09-26T01:46:10.4548359Z tests/fast/utils/chat_template_utils/test_template.py::TestAlignWithSGLang::test_align[Qwen3-4B-multi_user_turn_thinking-N7-enable_thinking_off] PASSED [ 68%]
stage-a-cpu (1) / run-cpu	UNKNOWN STEP	2026-09-26T01:46:10.4620077Z tests/fast/utils/chat_template_utils/test_template.py::TestAlignWithSGLang::test_align[Qwen3-4B-intermediate_system_thinking-N3-enable_thinking_on] PASSED [ 68%]
stage-a-cpu (1) / run-cpu	UNKNOWN STEP	2026-09-26T01:46:10.4690622Z tests/fast/utils/chat_template_utils/test_template.py::TestAlignWithSGLang::test_align[Qwen3-4B-intermediate_system_thinking-N3-enable_thinking_off] PASSED [ 68%]
stage-a-cpu (1) / run-cpu	UNKNOWN STEP	2026-09-26T01:46:10.4777261Z tests/fast/utils/chat_template_utils/test_template.py::TestAlignWithSGLang::test_align[Qwen3-4B-intermediate_system_thinking-N6-enable_thinking_on] PASSED [ 68%]
stage-a-cpu (1) / run-cpu	UNKNOWN STEP	2026-09-26T01:46:10.4850552Z tests/fast/utils/chat_template_utils/test_template.py::TestAlignWithSGLang::test_align[Qwen3-4B-intermediate_system_thinking-N6-enable_thinking_off] PASSED [ 68%]
stage-a-cpu (1) / run-cpu	UNKNOWN STEP	2026-09-26T01:46:10.4921467Z tests/fast/utils/chat_template_utils/test_template.py::TestAlignWithSGLang::test_align[Qwen3-4B-intermediate_system_thinking-N9-enable_thinking_on] PASSED [ 68%]
stage-a-cpu (1) / run-cpu	UNKNOWN STEP	2026-09-26T01:46:10.4993171Z tests/fast/utils/chat_template_utils/test_template.py::TestAlignWithSGLang::test_align[Qwen3-4B-intermediate_system_thinking-N9-enable_thinking_off] PASSED [ 68%]
stage-a-cpu (1) / run-cpu	UNKNOWN STEP	2026-09-26T01:46:10.5039576Z tests/fast/utils/chat_template_utils/test_template.py::TestAlignWithSGLang::test_align[Qwen3-4B-multi_turn_no_tool_thinking-N3-enable_thinking_on] PASSED [ 68%]
stage-a-cpu (1) / run-cpu	UNKNOWN STEP	2026-09-26T01:46:10.5086687Z tests/fast/utils/chat_template_utils/test_template.py::TestAlignWithSGLang::test_align[Qwen3-4B-multi_turn_no_tool_thinking-N3-enable_thinking_off] PASSED [ 68%]
stage-a-cpu (1) / run-cpu	UNKNOWN STEP	2026-09-26T01:46:10.5134118Z tests/fast/utils/chat_template_utils/test_template.py::TestAlignWithSGLang::test_align[Qwen3-4B-multi_turn_no_tool_thinking-N5-enable_thinking_on] PASSED [ 68%]
stage-a-cpu (1) / run-cpu	UNKNOWN STEP	2026-09-26T01:46:10.5180929Z tests/fast/utils/chat_template_utils/test_template.py::TestAlignWithSGLang::test_align[Qwen3-4B-multi_turn_no_tool_thinking-N5-enable_thinking_off] PASSED [ 68%]
stage-a-cpu (1) / run-cpu	UNKNOWN STEP	2026-09-26T01:46:13.8185380Z tests/fast/utils/chat_template_utils/test_template.py::TestAlignWithSGLang::test_align[GLM-4.7-Flash-single_tool-N3-enable_thinking_on] PASSED [ 68%]
stage-a-cpu (1) / run-cpu	UNKNOWN STEP	2026-09-26T01:46:13.8242465Z tests/fast/utils/chat_template_utils/test_template.py::TestAlignWithSGLang::test_align[GLM-4.7-Flash-single_tool-N3-enable_thinking_off] PASSED [ 68%]
stage-a-cpu (1) / run-cpu	UNKNOWN STEP	2026-09-26T01:46:13.8303087Z tests/fast/utils/chat_template_utils/test_template.py::TestAlignWithSGLang::test_align[GLM-4.7-Flash-multi_turn-N3-enable_thinking_on] PASSED [ 68%]
stage-a-cpu (1) / run-cpu	UNKNOWN STEP	2026-09-26T01:46:13.8364321Z tests/fast/utils/chat_template_utils/test_template.py::TestAlignWithSGLang::test_align[GLM-4.7-Flash-multi_turn-N3-enable_thinking_off] PASSED [ 68%]
stage-a-cpu (1) / run-cpu	UNKNOWN STEP	2026-09-26T01:46:13.8437944Z tests/fast/utils/chat_template_utils/test_template.py::TestAlignWithSGLang::test_align[GLM-4.7-Flash-multi_turn-N5-enable_thinking_on] PASSED [ 68%]
stage-a-cpu (1) / run-cpu	UNKNOWN STEP	2026-09-26T01:46:13.8497366Z tests/fast/utils/chat_template_utils/test_template.py::TestAlignWithSGLang::test_align[GLM-4.7-Flash-multi_turn-N5-enable_thinking_off] PASSED [ 68%]
stage-a-cpu (1) / run-cpu	UNKNOWN STEP	2026-09-26T01:46:13.8559930Z tests/fast/utils/chat_template_utils/test_template.py::TestAlignWithSGLang::test_align[GLM-4.7-Flash-multi_tool_single_turn-N3-enable_thinking_on] PASSED [ 68%]
stage-a-cpu (1) / run-cpu	UNKNOWN STEP	2026-09-26T01:46:13.8620659Z tests/fast/utils/chat_template_utils/test_template.py::TestAlignWithSGLang::test_align[GLM-4.7-Flash-multi_tool_single_turn-N3-enable_thinking_off] PASSED [ 68%]
stage-a-cpu (1) / run-cpu	UNKNOWN STEP	2026-09-26T01:46:13.8680938Z tests/fast/utils/chat_template_utils/test_template.py::TestAlignWithSGLang::test_align[GLM-4.7-Flash-parallel_tools-N3-enable_thinking_on] PASSED [ 68%]
stage-a-cpu (1) / run-cpu	UNKNOWN STEP	2026-09-26T01:46:13.8740484Z tests/fast/utils/chat_template_utils/test_template.py::TestAlignWithSGLang::test_align[GLM-4.7-Flash-parallel_tools-N3-enable_thinking_off] PASSED [ 68%]
stage-a-cpu (1) / run-cpu	UNKNOWN STEP	2026-09-26T01:46:13.8807653Z tests/fast/utils/chat_template_utils/test_template.py::TestAlignWithSGLang::test_align[GLM-4.7-Flash-long_chain-N3-enable_thinking_on] PASSED [ 68%]
stage-a-cpu (1) / run-cpu	UNKNOWN STEP	2026-09-26T01:46:13.8872905Z tests/fast/utils/chat_template_utils/test_template.py::TestAlignWithSGLang::test_align[GLM-4.7-Flash-long_chain-N3-enable_thinking_off] PASSED [ 68%]
stage-a-cpu (1) / run-cpu	UNKNOWN STEP	2026-09-26T01:46:13.8937246Z tests/fast/utils/chat_template_utils/test_template.py::TestAlignWithSGLang::test_align[GLM-4.7-Flash-long_chain-N5-enable_thinking_on] PASSED [ 68%]
stage-a-cpu (1) / run-cpu	UNKNOWN STEP	2026-09-26T01:46:13.9002125Z tests/fast/utils/chat_template_utils/test_template.py::TestAlignWithSGLang::test_align[GLM-4.7-Flash-long_chain-N5-enable_thinking_off] PASSED [ 68%]
stage-a-cpu (1) / run-cpu	UNKNOWN STEP	2026-09-26T01:46:13.9068203Z tests/fast/utils/chat_template_utils/test_template.py::TestAlignWithSGLang::test_align[GLM-4.7-Flash-long_chain-N7-enable_thinking_on] PASSED [ 68%]
stage-a-cpu (1) / run-cpu	UNKNOWN STEP	2026-09-26T01:46:13.9133187Z tests/fast/utils/chat_template_utils/test_template.py::TestAlignWithSGLang::test_align[GLM-4.7-Flash-long_chain-N7-enable_thinking_off] PASSED [ 69%]
stage-a-cpu (1) / run-cpu	UNKNOWN STEP	2026-09-26T01:46:13.9217587Z tests/fast/utils/chat_template_utils/test_template.py::TestAlignWithSGLang::test_align[GLM-4.7-Flash-multi_user_tool_chain-N3-enable_thinking_on] PASSED [ 69%]
stage-a-cpu (1) / run-cpu	UNKNOWN STEP	2026-09-26T01:46:13.9284579Z tests/fast/utils/chat_template_utils/test_template.py::TestAlignWithSGLang::test_align[GLM-4.7-Flash-multi_user_tool_chain-N3-enable_thinking_off] PASSED [ 69%]
stage-a-cpu (1) / run-cpu	UNKNOWN STEP	2026-09-26T01:46:13.9351463Z tests/fast/utils/chat_template_utils/test_template.py::TestAlignWithSGLang::test_align[GLM-4.7-Flash-multi_user_tool_chain-N5-enable_thinking_on] PASSED [ 69%]
stage-a-cpu (1) / run-cpu	UNKNOWN STEP	2026-09-26T01:46:13.9418380Z tests/fast/utils/chat_template_utils/test_template.py::TestAlignWithSGLang::test_align[GLM-4.7-Flash-multi_user_tool_chain-N5-enable_thinking_off] PASSED [ 69%]
stage-a-cpu (1) / run-cpu	UNKNOWN STEP	2026-09-26T01:46:13.9485486Z tests/fast/utils/chat_template_utils/test_template.py::TestAlignWithSGLang::test_align[GLM-4.7-Flash-multi_user_tool_chain-N7-enable_thinking_on] PASSED [ 69%]
stage-a-cpu (1) / run-cpu	UNKNOWN STEP	2026-09-26T01:46:13.9552330Z tests/fast/utils/chat_template_utils/test_template.py::TestAlignWithSGLang::test_align[GLM-4.7-Flash-multi_user_tool_chain-N7-enable_thinking_off] PASSED [ 69%]
stage-a-cpu (1) / run-cpu	UNKNOWN STEP	2026-09-26T01:46:13.9619928Z tests/fast/utils/chat_template_utils/test_template.py::TestAlignWithSGLang::test_align[GLM-4.7-Flash-multi_user_tool_chain-N9-enable_thinking_on] PASSED [ 69%]
stage-a-cpu (1) / run-cpu	UNKNOWN STEP	2026-09-26T01:46:13.9688213Z tests/fast/utils/chat_template_utils/test_template.py::TestAlignWithSGLang::test_align[GLM-4.7-Flash-multi_user_tool_chain-N9-enable_thinking_off] PASSED [ 69%]
stage-a-cpu (1) / run-cpu	UNKNOWN STEP	2026-09-26T01:46:13.9748324Z tests/fast/utils/chat_template_utils/test_template.py::TestAlignWithSGLang::test_align[GLM-4.7-Flash-retry_system-N3-enable_thinking_on] PASSED [ 69%]
stage-a-cpu (1) / run-cpu	UNKNOWN STEP	2026-09-26T01:46:13.9815304Z tests/fast/utils/chat_template_utils/test_template.py::TestAlignWithSGLang::test_align[GLM-4.7-Flash-retry_system-N3-enable_thinking_off] PASSED [ 69%]
stage-a-cpu (1) / run-cpu	UNKNOWN STEP	2026-09-26T01:46:13.9880958Z tests/fast/utils/chat_template_utils/test_template.py::TestAlignWithSGLang::test_align[GLM-4.7-Flash-retry_system-N6-enable_thinking_on] PASSED [ 69%]
stage-a-cpu (1) / run-cpu	UNKNOWN STEP	2026-09-26T01:46:13.9946479Z tests/fast/utils/chat_template_utils/test_template.py::TestAlignWithSGLang::test_align[GLM-4.7-Flash-retry_system-N6-enable_thinking_off] PASSED [ 69%]
stage-a-cpu (1) / run-cpu	UNKNOWN STEP	2026-09-26T01:46:14.0034603Z tests/fast/utils/chat_template_utils/test_template.py::TestAlignWithSGLang::test_align[GLM-4.7-Flash-intermediate_system-N3-enable_thinking_on] PASSED [ 69%]
stage-a-cpu (1) / run-cpu	UNKNOWN STEP	2026-09-26T01:46:14.0103048Z tests/fast/utils/chat_template_utils/test_template.py::TestAlignWithSGLang::test_align[GLM-4.7-Flash-intermediate_system-N3-enable_thinking_off] PASSED [ 69%]
stage-a-cpu (1) / run-cpu	UNKNOWN STEP	2026-09-26T01:46:14.0170372Z tests/fast/utils/chat_template_utils/test_template.py::TestAlignWithSGLang::test_align[GLM-4.7-Flash-intermediate_system-N6-enable_thinking_on] PASSED [ 69%]
stage-a-cpu (1) / run-cpu	UNKNOWN STEP	2026-09-26T01:46:14.0236973Z tests/fast/utils/chat_template_utils/test_template.py::TestAlignWithSGLang::test_align[GLM-4.7-Flash-intermediate_system-N6-enable_thinking_off] PASSED [ 69%]
stage-a-cpu (1) / run-cpu	UNKNOWN STEP	2026-09-26T01:46:14.0305822Z tests/fast/utils/chat_template_utils/test_template.py::TestAlignWithSGLang::test_align[GLM-4.7-Flash-intermediate_system-N9-enable_thinking_on] PASSED [ 69%]
stage-a-cpu (1) / run-cpu	UNKNOWN STEP	2026-09-26T01:46:14.0373394Z tests/fast/utils/chat_template_utils/test_template.py::TestAlignWithSGLang::test_align[GLM-4.7-Flash-intermediate_system-N9-enable_thinking_off] PASSED [ 69%]
stage-a-cpu (1) / run-cpu	UNKNOWN STEP	2026-09-26T01:46:14.0418950Z tests/fast/utils/chat_template_utils/test_template.py::TestAlignWithSGLang::test_align[GLM-4.7-Flash-multi_turn_no_tool-N3-enable_thinking_on] PASSED [ 69%]
stage-a-cpu (1) / run-cpu	UNKNOWN STEP	2026-09-26T01:46:14.0465809Z tests/fast/utils/chat_template_utils/test_template.py::TestAlignWithSGLang::test_align[GLM-4.7-Flash-multi_turn_no_tool-N3-enable_thinking_off] PASSED [ 69%]
stage-a-cpu (1) / run-cpu	UNKNOWN STEP	2026-09-26T01:46:14.0511712Z tests/fast/utils/chat_template_utils/test_template.py::TestAlignWithSGLang::test_align[GLM-4.7-Flash-multi_turn_no_tool-N5-enable_thinking_on] PASSED [ 69%]
stage-a-cpu (1) / run-cpu	UNKNOWN STEP	2026-09-26T01:46:14.0557669Z tests/fast/utils/chat_template_utils/test_template.py::TestAlignWithSGLang::test_align[GLM-4.7-Flash-multi_turn_no_tool-N5-enable_thinking_off] PASSED [ 69%]
stage-a-cpu (1) / run-cpu	UNKNOWN STEP	2026-09-26T01:46:14.0619659Z tests/fast/utils/chat_template_utils/test_template.py::TestAlignWithSGLang::test_align[GLM-4.7-Flash-multi_turn_thinking-N3-enable_thinking_on] PASSED [ 69%]
stage-a-cpu (1) / run-cpu	UNKNOWN STEP	2026-09-26T01:46:14.0681329Z tests/fast/utils/chat_template_utils/test_template.py::TestAlignWithSGLang::test_align[GLM-4.7-Flash-multi_turn_thinking-N3-enable_thinking_off] PASSED [ 69%]
stage-a-cpu (1) / run-cpu	UNKNOWN STEP	2026-09-26T01:46:14.0741854Z tests/fast/utils/chat_template_utils/test_template.py::TestAlignWithSGLang::test_align[GLM-4.7-Flash-multi_turn_thinking-N5-enable_thinking_on] PASSED [ 69%]
stage-a-cpu (1) / run-cpu	UNKNOWN STEP	2026-09-26T01:46:14.0818328Z tests/fast/utils/chat_template_utils/test_template.py::TestAlignWithSGLang::test_align[GLM-4.7-Flash-multi_turn_thinking-N5-enable_thinking_off] PASSED [ 69%]
stage-a-cpu (1) / run-cpu	UNKNOWN STEP	2026-09-26T01:46:14.0885910Z tests/fast/utils/chat_template_utils/test_template.py::TestAlignWithSGLang::test_align[GLM-4.7-Flash-long_chain_thinking-N3-enable_thinking_on] PASSED [ 69%]
stage-a-cpu (1) / run-cpu	UNKNOWN STEP	2026-09-26T01:46:14.0952559Z tests/fast/utils/chat_template_utils/test_template.py::TestAlignWithSGLang::test_align[GLM-4.7-Flash-long_chain_thinking-N3-enable_thinking_off] PASSED [ 69%]
stage-a-cpu (1) / run-cpu	UNKNOWN STEP	2026-09-26T01:46:14.1021840Z tests/fast/utils/chat_template_utils/test_template.py::TestAlignWithSGLang::test_align[GLM-4.7-Flash-long_chain_thinking-N5-enable_thinking_on] PASSED [ 69%]
stage-a-cpu (1) / run-cpu	UNKNOWN STEP	2026-09-26T01:46:14.1089905Z tests/fast/utils/chat_template_utils/test_template.py::TestAlignWithSGLang::test_align[GLM-4.7-Flash-long_chain_thinking-N5-enable_thinking_off] PASSED [ 69%]
stage-a-cpu (1) / run-cpu	UNKNOWN STEP	2026-09-26T01:46:14.1155480Z tests/fast/utils/chat_template_utils/test_template.py::TestAlignWithSGLang::test_align[GLM-4.7-Flash-long_chain_thinking-N7-enable_thinking_on] PASSED [ 69%]
stage-a-cpu (1) / run-cpu	UNKNOWN STEP	2026-09-26T01:46:14.1220916Z tests/fast/utils/chat_template_utils/test_template.py::TestAlignWithSGLang::test_align[GLM-4.7-Flash-long_chain_thinking-N7-enable_thinking_off] PASSED [ 70%]
stage-a-cpu (1) / run-cpu	UNKNOWN STEP	2026-09-26T01:46:14.1282597Z tests/fast/utils/chat_template_utils/test_template.py::TestAlignWithSGLang::test_align[GLM-4.7-Flash-multi_user_turn_thinking-N7-enable_thinking_on] PASSED [ 70%]
stage-a-cpu (1) / run-cpu	UNKNOWN STEP	2026-09-26T01:46:14.1342988Z tests/fast/utils/chat_template_utils/test_template.py::TestAlignWithSGLang::test_align[GLM-4.7-Flash-multi_user_turn_thinking-N7-enable_thinking_off] PASSED [ 70%]
stage-a-cpu (1) / run-cpu	UNKNOWN STEP	2026-09-26T01:46:14.1410556Z tests/fast/utils/chat_template_utils/test_template.py::TestAlignWithSGLang::test_align[GLM-4.7-Flash-intermediate_system_thinking-N3-enable_thinking_on] PASSED [ 70%]
stage-a-cpu (1) / run-cpu	UNKNOWN STEP	2026-09-26T01:46:14.1478164Z tests/fast/utils/chat_template_utils/test_template.py::TestAlignWithSGLang::test_align[GLM-4.7-Flash-intermediate_system_thinking-N3-enable_thinking_off] PASSED [ 70%]
stage-a-cpu (1) / run-cpu	UNKNOWN STEP	2026-09-26T01:46:14.1546868Z tests/fast/utils/chat_template_utils/test_template.py::TestAlignWithSGLang::test_align[GLM-4.7-Flash-intermediate_system_thinking-N6-enable_thinking_on] PASSED [ 70%]
stage-a-cpu (1) / run-cpu	UNKNOWN STEP	2026-09-26T01:46:14.1632222Z tests/fast/utils/chat_template_utils/test_template.py::TestAlignWithSGLang::test_align[GLM-4.7-Flash-intermediate_system_thinking-N6-enable_thinking_off] PASSED [ 70%]
stage-a-cpu (1) / run-cpu	UNKNOWN STEP	2026-09-26T01:46:14.1699585Z tests/fast/utils/chat_template_utils/test_template.py::TestAlignWithSGLang::test_align[GLM-4.7-Flash-intermediate_system_thinking-N9-enable_thinking_on] PASSED [ 70%]
stage-a-cpu (1) / run-cpu	UNKNOWN STEP	2026-09-26T01:46:14.1767603Z tests/fast/utils/chat_template_utils/test_template.py::TestAlignWithSGLang::test_align[GLM-4.7-Flash-intermediate_system_thinking-N9-enable_thinking_off] PASSED [ 70%]
stage-a-cpu (1) / run-cpu	UNKNOWN STEP	2026-09-26T01:46:14.1813334Z tests/fast/utils/chat_template_utils/test_template.py::TestAlignWithSGLang::test_align[GLM-4.7-Flash-multi_turn_no_tool_thinking-N3-enable_thinking_on] PASSED [ 70%]
stage-a-cpu (1) / run-cpu	UNKNOWN STEP	2026-09-26T01:46:14.1859163Z tests/fast/utils/chat_template_utils/test_template.py::TestAlignWithSGLang::test_align[GLM-4.7-Flash-multi_turn_no_tool_thinking-N3-enable_thinking_off] PASSED [ 70%]
stage-a-cpu (1) / run-cpu	UNKNOWN STEP	2026-09-26T01:46:14.1905311Z tests/fast/utils/chat_template_utils/test_template.py::TestAlignWithSGLang::test_align[GLM-4.7-Flash-multi_turn_no_tool_thinking-N5-enable_thinking_on] PASSED [ 70%]
stage-a-cpu (1) / run-cpu	UNKNOWN STEP	2026-09-26T01:46:14.1951087Z tests/fast/utils/chat_template_utils/test_template.py::TestAlignWithSGLang::test_align[GLM-4.7-Flash-multi_turn_no_tool_thinking-N5-enable_thinking_off] PASSED [ 70%]
stage-a-cpu (1) / run-cpu	UNKNOWN STEP	2026-09-26T01:46:17.0388738Z tests/fast/utils/chat_template_utils/test_template.py::TestAlignWithSGLang::test_align[Qwen3.5-4B-single_tool-N3-enable_thinking_on] PASSED [ 70%]
stage-a-cpu (1) / run-cpu	UNKNOWN STEP	2026-09-26T01:46:17.0454744Z tests/fast/utils/chat_template_utils/test_template.py::TestAlignWithSGLang::test_align[Qwen3.5-4B-single_tool-N3-enable_thinking_off] PASSED [ 70%]
stage-a-cpu (1) / run-cpu	UNKNOWN STEP	2026-09-26T01:46:17.0524556Z tests/fast/utils/chat_template_utils/test_template.py::TestAlignWithSGLang::test_align[Qwen3.5-4B-multi_turn-N3-enable_thinking_on] PASSED [ 70%]
stage-a-cpu (1) / run-cpu	UNKNOWN STEP	2026-09-26T01:46:17.0593621Z tests/fast/utils/chat_template_utils/test_template.py::TestAlignWithSGLang::test_align[Qwen3.5-4B-multi_turn-N3-enable_thinking_off] PASSED [ 70%]
stage-a-cpu (1) / run-cpu	UNKNOWN STEP	2026-09-26T01:46:17.0663693Z tests/fast/utils/chat_template_utils/test_template.py::TestAlignWithSGLang::test_align[Qwen3.5-4B-multi_turn-N5-enable_thinking_on] PASSED [ 70%]
stage-a-cpu (1) / run-cpu	UNKNOWN STEP	2026-09-26T01:46:17.0733382Z tests/fast/utils/chat_template_utils/test_template.py::TestAlignWithSGLang::test_align[Qwen3.5-4B-multi_turn-N5-enable_thinking_off] PASSED [ 70%]
stage-a-cpu (1) / run-cpu	UNKNOWN STEP	2026-09-26T01:46:17.0804726Z tests/fast/utils/chat_template_utils/test_template.py::TestAlignWithSGLang::test_align[Qwen3.5-4B-multi_tool_single_turn-N3-enable_thinking_on] PASSED [ 70%]
stage-a-cpu (1) / run-cpu	UNKNOWN STEP	2026-09-26T01:46:17.0876263Z tests/fast/utils/chat_template_utils/test_template.py::TestAlignWithSGLang::test_align[Qwen3.5-4B-multi_tool_single_turn-N3-enable_thinking_off] PASSED [ 70%]
stage-a-cpu (1) / run-cpu	UNKNOWN STEP	2026-09-26T01:46:17.0947484Z tests/fast/utils/chat_template_utils/test_template.py::TestAlignWithSGLang::test_align[Qwen3.5-4B-parallel_tools-N3-enable_thinking_on] PASSED [ 70%]
stage-a-cpu (1) / run-cpu	UNKNOWN STEP	2026-09-26T01:46:17.1021284Z tests/fast/utils/chat_template_utils/test_template.py::TestAlignWithSGLang::test_align[Qwen3.5-4B-parallel_tools-N3-enable_thinking_off] PASSED [ 70%]
stage-a-cpu (1) / run-cpu	UNKNOWN STEP	2026-09-26T01:46:17.1097887Z tests/fast/utils/chat_template_utils/test_template.py::TestAlignWithSGLang::test_align[Qwen3.5-4B-long_chain-N3-enable_thinking_on] PASSED [ 70%]
stage-a-cpu (1) / run-cpu	UNKNOWN STEP	2026-09-26T01:46:17.1187055Z tests/fast/utils/chat_template_utils/test_template.py::TestAlignWithSGLang::test_align[Qwen3.5-4B-long_chain-N3-enable_thinking_off] PASSED [ 70%]
stage-a-cpu (1) / run-cpu	UNKNOWN STEP	2026-09-26T01:46:17.1262764Z tests/fast/utils/chat_template_utils/test_template.py::TestAlignWithSGLang::test_align[Qwen3.5-4B-long_chain-N5-enable_thinking_on] PASSED [ 70%]
stage-a-cpu (1) / run-cpu	UNKNOWN STEP	2026-09-26T01:46:17.1338029Z tests/fast/utils/chat_template_utils/test_template.py::TestAlignWithSGLang::test_align[Qwen3.5-4B-long_chain-N5-enable_thinking_off] PASSED [ 70%]
stage-a-cpu (1) / run-cpu	UNKNOWN STEP	2026-09-26T01:46:17.1413418Z tests/fast/utils/chat_template_utils/test_template.py::TestAlignWithSGLang::test_align[Qwen3.5-4B-long_chain-N7-enable_thinking_on] PASSED [ 70%]
stage-a-cpu (1) / run-cpu	UNKNOWN STEP	2026-09-26T01:46:17.1488334Z tests/fast/utils/chat_template_utils/test_template.py::TestAlignWithSGLang::test_align[Qwen3.5-4B-long_chain-N7-enable_thinking_off] PASSED [ 70%]
stage-a-cpu (1) / run-cpu	UNKNOWN STEP	2026-09-26T01:46:17.1558388Z tests/fast/utils/chat_template_utils/test_template.py::TestAlignWithSGLang::test_align[Qwen3.5-4B-multi_turn_thinking-N3-enable_thinking_on] PASSED [ 70%]
stage-a-cpu (1) / run-cpu	UNKNOWN STEP	2026-09-26T01:46:17.1629688Z tests/fast/utils/chat_template_utils/test_template.py::TestAlignWithSGLang::test_align[Qwen3.5-4B-multi_turn_thinking-N3-enable_thinking_off] PASSED [ 70%]
stage-a-cpu (1) / run-cpu	UNKNOWN STEP	2026-09-26T01:46:17.1701613Z tests/fast/utils/chat_template_utils/test_template.py::TestAlignWithSGLang::test_align[Qwen3.5-4B-multi_turn_thinking-N5-enable_thinking_on] PASSED [ 70%]
stage-a-cpu (1) / run-cpu	UNKNOWN STEP	2026-09-26T01:46:17.1772406Z tests/fast/utils/chat_template_utils/test_template.py::TestAlignWithSGLang::test_align[Qwen3.5-4B-multi_turn_thinking-N5-enable_thinking_off] PASSED [ 71%]
stage-a-cpu (1) / run-cpu	UNKNOWN STEP	2026-09-26T01:46:17.1851325Z tests/fast/utils/chat_template_utils/test_template.py::TestAlignWithSGLang::test_align[Qwen3.5-4B-long_chain_thinking-N3-enable_thinking_on] PASSED [ 71%]
stage-a-cpu (1) / run-cpu	UNKNOWN STEP	2026-09-26T01:46:17.1927867Z tests/fast/utils/chat_template_utils/test_template.py::TestAlignWithSGLang::test_align[Qwen3.5-4B-long_chain_thinking-N3-enable_thinking_off] PASSED [ 71%]
stage-a-cpu (1) / run-cpu	UNKNOWN STEP	2026-09-26T01:46:17.2006064Z tests/fast/utils/chat_template_utils/test_template.py::TestAlignWithSGLang::test_align[Qwen3.5-4B-long_chain_thinking-N5-enable_thinking_on] PASSED [ 71%]
stage-a-cpu (1) / run-cpu	UNKNOWN STEP	2026-09-26T01:46:17.2096222Z tests/fast/utils/chat_template_utils/test_template.py::TestAlignWithSGLang::test_align[Qwen3.5-4B-long_chain_thinking-N5-enable_thinking_off] PASSED [ 71%]
stage-a-cpu (1) / run-cpu	UNKNOWN STEP	2026-09-26T01:46:17.2173930Z tests/fast/utils/chat_template_utils/test_template.py::TestAlignWithSGLang::test_align[Qwen3.5-4B-long_chain_thinking-N7-enable_thinking_on] PASSED [ 71%]
stage-a-cpu (1) / run-cpu	UNKNOWN STEP	2026-09-26T01:46:17.2250756Z tests/fast/utils/chat_template_utils/test_template.py::TestAlignWithSGLang::test_align[Qwen3.5-4B-long_chain_thinking-N7-enable_thinking_off] PASSED [ 71%]
stage-a-cpu (1) / run-cpu	UNKNOWN STEP	2026-09-26T01:46:20.0241282Z tests/fast/utils/chat_template_utils/test_template.py::TestAlignWithSGLang::test_align[Qwen3.6-35B-A3B-single_tool-N3-enable_thinking_on] PASSED [ 71%]
stage-a-cpu (1) / run-cpu	UNKNOWN STEP	2026-09-26T01:46:20.0306643Z tests/fast/utils/chat_template_utils/test_template.py::TestAlignWithSGLang::test_align[Qwen3.6-35B-A3B-single_tool-N3-enable_thinking_off] PASSED [ 71%]
stage-a-cpu (1) / run-cpu	UNKNOWN STEP	2026-09-26T01:46:20.0378777Z tests/fast/utils/chat_template_utils/test_template.py::TestAlignWithSGLang::test_align[Qwen3.6-35B-A3B-multi_turn-N3-enable_thinking_on] PASSED [ 71%]
stage-a-cpu (1) / run-cpu	UNKNOWN STEP	2026-09-26T01:46:20.0447888Z tests/fast/utils/chat_template_utils/test_template.py::TestAlignWithSGLang::test_align[Qwen3.6-35B-A3B-multi_turn-N3-enable_thinking_off] PASSED [ 71%]
stage-a-cpu (1) / run-cpu	UNKNOWN STEP	2026-09-26T01:46:20.0516946Z tests/fast/utils/chat_template_utils/test_template.py::TestAlignWithSGLang::test_align[Qwen3.6-35B-A3B-multi_turn-N5-enable_thinking_on] PASSED [ 71%]
stage-a-cpu (1) / run-cpu	UNKNOWN STEP	2026-09-26T01:46:20.0586219Z tests/fast/utils/chat_template_utils/test_template.py::TestAlignWithSGLang::test_align[Qwen3.6-35B-A3B-multi_turn-N5-enable_thinking_off] PASSED [ 71%]
stage-a-cpu (1) / run-cpu	UNKNOWN STEP	2026-09-26T01:46:20.0657870Z tests/fast/utils/chat_template_utils/test_template.py::TestAlignWithSGLang::test_align[Qwen3.6-35B-A3B-multi_tool_single_turn-N3-enable_thinking_on] PASSED [ 71%]
stage-a-cpu (1) / run-cpu	UNKNOWN STEP	2026-09-26T01:46:20.0728169Z tests/fast/utils/chat_template_utils/test_template.py::TestAlignWithSGLang::test_align[Qwen3.6-35B-A3B-multi_tool_single_turn-N3-enable_thinking_off] PASSED [ 71%]
stage-a-cpu (1) / run-cpu	UNKNOWN STEP	2026-09-26T01:46:20.0798135Z tests/fast/utils/chat_template_utils/test_template.py::TestAlignWithSGLang::test_align[Qwen3.6-35B-A3B-parallel_tools-N3-enable_thinking_on] PASSED [ 71%]
stage-a-cpu (1) / run-cpu	UNKNOWN STEP	2026-09-26T01:46:20.0869531Z tests/fast/utils/chat_template_utils/test_template.py::TestAlignWithSGLang::test_align[Qwen3.6-35B-A3B-parallel_tools-N3-enable_thinking_off] PASSED [ 71%]
stage-a-cpu (1) / run-cpu	UNKNOWN STEP	2026-09-26T01:46:20.0944412Z tests/fast/utils/chat_template_utils/test_template.py::TestAlignWithSGLang::test_align[Qwen3.6-35B-A3B-long_chain-N3-enable_thinking_on] PASSED [ 71%]
stage-a-cpu (1) / run-cpu	UNKNOWN STEP	2026-09-26T01:46:20.1019021Z tests/fast/utils/chat_template_utils/test_template.py::TestAlignWithSGLang::test_align[Qwen3.6-35B-A3B-long_chain-N3-enable_thinking_off] PASSED [ 71%]
stage-a-cpu (1) / run-cpu	UNKNOWN STEP	2026-09-26T01:46:20.1096097Z tests/fast/utils/chat_template_utils/test_template.py::TestAlignWithSGLang::test_align[Qwen3.6-35B-A3B-long_chain-N5-enable_thinking_on] PASSED [ 71%]
stage-a-cpu (1) / run-cpu	UNKNOWN STEP	2026-09-26T01:46:20.1171056Z tests/fast/utils/chat_template_utils/test_template.py::TestAlignWithSGLang::test_align[Qwen3.6-35B-A3B-long_chain-N5-enable_thinking_off] PASSED [ 71%]
stage-a-cpu (1) / run-cpu	UNKNOWN STEP	2026-09-26T01:46:20.1253440Z tests/fast/utils/chat_template_utils/test_template.py::TestAlignWithSGLang::test_align[Qwen3.6-35B-A3B-long_chain-N7-enable_thinking_on] PASSED [ 71%]
stage-a-cpu (1) / run-cpu	UNKNOWN STEP	2026-09-26T01:46:20.1329378Z tests/fast/utils/chat_template_utils/test_template.py::TestAlignWithSGLang::test_align[Qwen3.6-35B-A3B-long_chain-N7-enable_thinking_off] PASSED [ 71%]
stage-a-cpu (1) / run-cpu	UNKNOWN STEP	2026-09-26T01:46:20.1399284Z tests/fast/utils/chat_template_utils/test_template.py::TestAlignWithSGLang::test_align[Qwen3.6-35B-A3B-multi_turn_thinking-N3-enable_thinking_on] PASSED [ 71%]
stage-a-cpu (1) / run-cpu	UNKNOWN STEP	2026-09-26T01:46:20.1468735Z tests/fast/utils/chat_template_utils/test_template.py::TestAlignWithSGLang::test_align[Qwen3.6-35B-A3B-multi_turn_thinking-N3-enable_thinking_off] PASSED [ 71%]
stage-a-cpu (1) / run-cpu	UNKNOWN STEP	2026-09-26T01:46:20.1537222Z tests/fast/utils/chat_template_utils/test_template.py::TestAlignWithSGLang::test_align[Qwen3.6-35B-A3B-multi_turn_thinking-N5-enable_thinking_on] PASSED [ 71%]
stage-a-cpu (1) / run-cpu	UNKNOWN STEP	2026-09-26T01:46:20.1607001Z tests/fast/utils/chat_template_utils/test_template.py::TestAlignWithSGLang::test_align[Qwen3.6-35B-A3B-multi_turn_thinking-N5-enable_thinking_off] PASSED [ 71%]
stage-a-cpu (1) / run-cpu	UNKNOWN STEP	2026-09-26T01:46:20.1683717Z tests/fast/utils/chat_template_utils/test_template.py::TestAlignWithSGLang::test_align[Qwen3.6-35B-A3B-long_chain_thinking-N3-enable_thinking_on] PASSED [ 71%]
stage-a-cpu (1) / run-cpu	UNKNOWN STEP	2026-09-26T01:46:20.1759521Z tests/fast/utils/chat_template_utils/test_template.py::TestAlignWithSGLang::test_align[Qwen3.6-35B-A3B-long_chain_thinking-N3-enable_thinking_off] PASSED [ 71%]
stage-a-cpu (1) / run-cpu	UNKNOWN STEP	2026-09-26T01:46:20.1835287Z tests/fast/utils/chat_template_utils/test_template.py::TestAlignWithSGLang::test_align[Qwen3.6-35B-A3B-long_chain_thinking-N5-enable_thinking_on] PASSED [ 71%]
stage-a-cpu (1) / run-cpu	UNKNOWN STEP	2026-09-26T01:46:20.1912018Z tests/fast/utils/chat_template_utils/test_template.py::TestAlignWithSGLang::test_align[Qwen3.6-35B-A3B-long_chain_thinking-N5-enable_thinking_off] PASSED [ 71%]
stage-a-cpu (1) / run-cpu	UNKNOWN STEP	2026-09-26T01:46:20.1988628Z tests/fast/utils/chat_template_utils/test_template.py::TestAlignWithSGLang::test_align[Qwen3.6-35B-A3B-long_chain_thinking-N7-enable_thinking_on] PASSED [ 71%]
stage-a-cpu (1) / run-cpu	UNKNOWN STEP	2026-09-26T01:46:20.2065198Z tests/fast/utils/chat_template_utils/test_template.py::TestAlignWithSGLang::test_align[Qwen3.6-35B-A3B-long_chain_thinking-N7-enable_thinking_off] PASSED [ 72%]
stage-a-cpu (1) / run-cpu	UNKNOWN STEP	2026-09-26T01:46:23.0035071Z tests/fast/utils/chat_template_utils/test_template.py::TestAlignWithSGLang::test_align[Qwen3.8-27B-single_tool-N3-enable_thinking_on] PASSED [ 72%]
stage-a-cpu (1) / run-cpu	UNKNOWN STEP	2026-09-26T01:46:23.0104738Z tests/fast/utils/chat_template_utils/test_template.py::TestAlignWithSGLang::test_align[Qwen3.8-27B-single_tool-N3-enable_thinking_off] PASSED [ 72%]
stage-a-cpu (1) / run-cpu	UNKNOWN STEP	2026-09-26T01:46:23.0176704Z tests/fast/utils/chat_template_utils/test_template.py::TestAlignWithSGLang::test_align[Qwen3.8-27B-multi_turn-N3-enable_thinking_on] PASSED [ 72%]
stage-a-cpu (1) / run-cpu	UNKNOWN STEP	2026-09-26T01:46:23.0253177Z tests/fast/utils/chat_template_utils/test_template.py::TestAlignWithSGLang::test_align[Qwen3.8-27B-multi_turn-N3-enable_thinking_off] PASSED [ 72%]
stage-a-cpu (1) / run-cpu	UNKNOWN STEP	2026-09-26T01:46:23.0323260Z tests/fast/utils/chat_template_utils/test_template.py::TestAlignWithSGLang::test_align[Qwen3.8-27B-multi_turn-N5-enable_thinking_on] PASSED [ 72%]
stage-a-cpu (1) / run-cpu	UNKNOWN STEP	2026-09-26T01:46:23.0391962Z tests/fast/utils/chat_template_utils/test_template.py::TestAlignWithSGLang::test_align[Qwen3.8-27B-multi_turn-N5-enable_thinking_off] PASSED [ 72%]
stage-a-cpu (1) / run-cpu	UNKNOWN STEP	2026-09-26T01:46:23.0463349Z tests/fast/utils/chat_template_utils/test_template.py::TestAlignWithSGLang::test_align[Qwen3.8-27B-multi_tool_single_turn-N3-enable_thinking_on] PASSED [ 72%]
stage-a-cpu (1) / run-cpu	UNKNOWN STEP	2026-09-26T01:46:23.0532116Z tests/fast/utils/chat_template_utils/test_template.py::TestAlignWithSGLang::test_align[Qwen3.8-27B-multi_tool_single_turn-N3-enable_thinking_off] PASSED [ 72%]
stage-a-cpu (1) / run-cpu	UNKNOWN STEP	2026-09-26T01:46:23.0602329Z tests/fast/utils/chat_template_utils/test_template.py::TestAlignWithSGLang::test_align[Qwen3.8-27B-parallel_tools-N3-enable_thinking_on] PASSED [ 72%]
stage-a-cpu (1) / run-cpu	UNKNOWN STEP	2026-09-26T01:46:23.0671960Z tests/fast/utils/chat_template_utils/test_template.py::TestAlignWithSGLang::test_align[Qwen3.8-27B-parallel_tools-N3-enable_thinking_off] PASSED [ 72%]
stage-a-cpu (1) / run-cpu	UNKNOWN STEP	2026-09-26T01:46:23.0746893Z tests/fast/utils/chat_template_utils/test_template.py::TestAlignWithSGLang::test_align[Qwen3.8-27B-long_chain-N3-enable_thinking_on] PASSED [ 72%]
stage-a-cpu (1) / run-cpu	UNKNOWN STEP	2026-09-26T01:46:23.0820310Z tests/fast/utils/chat_template_utils/test_template.py::TestAlignWithSGLang::test_align[Qwen3.8-27B-long_chain-N3-enable_thinking_off] PASSED [ 72%]
stage-a-cpu (1) / run-cpu	UNKNOWN STEP	2026-09-26T01:46:23.0896598Z tests/fast/utils/chat_template_utils/test_template.py::TestAlignWithSGLang::test_align[Qwen3.8-27B-long_chain-N5-enable_thinking_on] PASSED [ 72%]
stage-a-cpu (1) / run-cpu	UNKNOWN STEP	2026-09-26T01:46:23.0971017Z tests/fast/utils/chat_template_utils/test_template.py::TestAlignWithSGLang::test_align[Qwen3.8-27B-long_chain-N5-enable_thinking_off] PASSED [ 72%]
stage-a-cpu (1) / run-cpu	UNKNOWN STEP	2026-09-26T01:46:23.1045702Z tests/fast/utils/chat_template_utils/test_template.py::TestAlignWithSGLang::test_align[Qwen3.8-27B-long_chain-N7-enable_thinking_on] PASSED [ 72%]
stage-a-cpu (1) / run-cpu	UNKNOWN STEP	2026-09-26T01:46:23.1131925Z tests/fast/utils/chat_template_utils/test_template.py::TestAlignWithSGLang::test_align[Qwen3.8-27B-long_chain-N7-enable_thinking_off] PASSED [ 72%]
stage-a-cpu (1) / run-cpu	UNKNOWN STEP	2026-09-26T01:46:23.1201062Z tests/fast/utils/chat_template_utils/test_template.py::TestAlignWithSGLang::test_align[Qwen3.8-27B-multi_turn_thinking-N3-enable_thinking_on] PASSED [ 72%]
stage-a-cpu (1) / run-cpu	UNKNOWN STEP	2026-09-26T01:46:23.1273706Z tests/fast/utils/chat_template_utils/test_template.py::TestAlignWithSGLang::test_align[Qwen3.8-27B-multi_turn_thinking-N3-enable_thinking_off] PASSED [ 72%]
stage-a-cpu (1) / run-cpu	UNKNOWN STEP	2026-09-26T01:46:23.1341826Z tests/fast/utils/chat_template_utils/test_template.py::TestAlignWithSGLang::test_align[Qwen3.8-27B-multi_turn_thinking-N5-enable_thinking_on] PASSED [ 72%]
stage-a-cpu (1) / run-cpu	UNKNOWN STEP	2026-09-26T01:46:23.1408922Z tests/fast/utils/chat_template_utils/test_template.py::TestAlignWithSGLang::test_align[Qwen3.8-27B-multi_turn_thinking-N5-enable_thinking_off] PASSED [ 72%]
stage-a-cpu (1) / run-cpu	UNKNOWN STEP	2026-09-26T01:46:23.1485410Z tests/fast/utils/chat_template_utils/test_template.py::TestAlignWithSGLang::test_align[Qwen3.8-27B-long_chain_thinking-N3-enable_thinking_on] PASSED [ 72%]
stage-a-cpu (1) / run-cpu	UNKNOWN STEP	2026-09-26T01:46:23.1559491Z tests/fast/utils/chat_template_utils/test_template.py::TestAlignWithSGLang::test_align[Qwen3.8-27B-long_chain_thinking-N3-enable_thinking_off] PASSED [ 72%]
stage-a-cpu (1) / run-cpu	UNKNOWN STEP	2026-09-26T01:46:23.1634821Z tests/fast/utils/chat_template_utils/test_template.py::TestAlignWithSGLang::test_align[Qwen3.8-27B-long_chain_thinking-N5-enable_thinking_on] PASSED [ 72%]
stage-a-cpu (1) / run-cpu	UNKNOWN STEP	2026-09-26T01:46:23.1710393Z tests/fast/utils/chat_template_utils/test_template.py::TestAlignWithSGLang::test_align[Qwen3.8-27B-long_chain_thinking-N5-enable_thinking_off] PASSED [ 72%]
stage-a-cpu (1) / run-cpu	UNKNOWN STEP	2026-09-26T01:46:23.1785436Z tests/fast/utils/chat_template_utils/test_template.py::TestAlignWithSGLang::test_align[Qwen3.8-27B-long_chain_thinking-N7-enable_thinking_on] PASSED [ 72%]
stage-a-cpu (1) / run-cpu	UNKNOWN STEP	2026-09-26T01:46:23.1860456Z tests/fast/utils/chat_template_utils/test_template.py::TestAlignWithSGLang::test_align[Qwen3.8-27B-long_chain_thinking-N7-enable_thinking_off] PASSED [ 72%]
stage-a-cpu (1) / run-cpu	UNKNOWN STEP	2026-09-26T01:46:25.0961028Z tests/fast/utils/chat_template_utils/test_template.py::TestAlignWithSGLang::test_align[Qwen3.8-Flash-Next-single_tool-N3-enable_thinking_on] PASSED [ 72%]
stage-a-cpu (1) / run-cpu	UNKNOWN STEP	2026-09-26T01:46:25.1025223Z tests/fast/utils/chat_template_utils/test_template.py::TestAlignWithSGLang::test_align[Qwen3.8-Flash-Next-single_tool-N3-enable_thinking_off] PASSED [ 72%]
stage-a-cpu (1) / run-cpu	UNKNOWN STEP	2026-09-26T01:46:25.1094170Z tests/fast/utils/chat_template_utils/test_template.py::TestAlignWithSGLang::test_align[Qwen3.8-Flash-Next-multi_turn-N3-enable_thinking_on] PASSED [ 72%]
stage-a-cpu (1) / run-cpu	UNKNOWN STEP	2026-09-26T01:46:25.1164541Z tests/fast/utils/chat_template_utils/test_template.py::TestAlignWithSGLang::test_align[Qwen3.8-Flash-Next-multi_turn-N3-enable_thinking_off] PASSED [ 72%]
stage-a-cpu (1) / run-cpu	UNKNOWN STEP	2026-09-26T01:46:25.1233153Z tests/fast/utils/chat_template_utils/test_template.py::TestAlignWithSGLang::test_align[Qwen3.8-Flash-Next-multi_turn-N5-enable_thinking_on] PASSED [ 72%]
stage-a-cpu (1) / run-cpu	UNKNOWN STEP	2026-09-26T01:46:25.1301182Z tests/fast/utils/chat_template_utils/test_template.py::TestAlignWithSGLang::test_align[Qwen3.8-Flash-Next-multi_turn-N5-enable_thinking_off] PASSED [ 73%]
stage-a-cpu (1) / run-cpu	UNKNOWN STEP	2026-09-26T01:46:25.1375425Z tests/fast/utils/chat_template_utils/test_template.py::TestAlignWithSGLang::test_align[Qwen3.8-Flash-Next-multi_tool_single_turn-N3-enable_thinking_on] PASSED [ 73%]
stage-a-cpu (1) / run-cpu	UNKNOWN STEP	2026-09-26T01:46:25.1443799Z tests/fast/utils/chat_template_utils/test_template.py::TestAlignWithSGLang::test_align[Qwen3.8-Flash-Next-multi_tool_single_turn-N3-enable_thinking_off] PASSED [ 73%]
stage-a-cpu (1) / run-cpu	UNKNOWN STEP	2026-09-26T01:46:25.1512910Z tests/fast/utils/chat_template_utils/test_template.py::TestAlignWithSGLang::test_align[Qwen3.8-Flash-Next-parallel_tools-N3-enable_thinking_on] PASSED [ 73%]
stage-a-cpu (1) / run-cpu	UNKNOWN STEP	2026-09-26T01:46:25.1579651Z tests/fast/utils/chat_template_utils/test_template.py::TestAlignWithSGLang::test_align[Qwen3.8-Flash-Next-parallel_tools-N3-enable_thinking_off] PASSED [ 73%]
stage-a-cpu (1) / run-cpu	UNKNOWN STEP	2026-09-26T01:46:25.1654287Z tests/fast/utils/chat_template_utils/test_template.py::TestAlignWithSGLang::test_align[Qwen3.8-Flash-Next-long_chain-N3-enable_thinking_on] PASSED [ 73%]
stage-a-cpu (1) / run-cpu	UNKNOWN STEP	2026-09-26T01:46:25.1727403Z tests/fast/utils/chat_template_utils/test_template.py::TestAlignWithSGLang::test_align[Qwen3.8-Flash-Next-long_chain-N3-enable_thinking_off] PASSED [ 73%]
stage-a-cpu (1) / run-cpu	UNKNOWN STEP	2026-09-26T01:46:25.1800615Z tests/fast/utils/chat_template_utils/test_template.py::TestAlignWithSGLang::test_align[Qwen3.8-Flash-Next-long_chain-N5-enable_thinking_on] PASSED [ 73%]
stage-a-cpu (1) / run-cpu	UNKNOWN STEP	2026-09-26T01:46:25.1874362Z tests/fast/utils/chat_template_utils/test_template.py::TestAlignWithSGLang::test_align[Qwen3.8-Flash-Next-long_chain-N5-enable_thinking_off] PASSED [ 73%]
stage-a-cpu (1) / run-cpu	UNKNOWN STEP	2026-09-26T01:46:25.1948132Z tests/fast/utils/chat_template_utils/test_template.py::TestAlignWithSGLang::test_align[Qwen3.8-Flash-Next-long_chain-N7-enable_thinking_on] PASSED [ 73%]
stage-a-cpu (1) / run-cpu	UNKNOWN STEP	2026-09-26T01:46:25.2020323Z tests/fast/utils/chat_template_utils/test_template.py::TestAlignWithSGLang::test_align[Qwen3.8-Flash-Next-long_chain-N7-enable_thinking_off] PASSED [ 73%]
stage-a-cpu (1) / run-cpu	UNKNOWN STEP	2026-09-26T01:46:25.2088836Z tests/fast/utils/chat_template_utils/test_template.py::TestAlignWithSGLang::test_align[Qwen3.8-Flash-Next-multi_turn_thinking-N3-enable_thinking_on] PASSED [ 73%]
stage-a-cpu (1) / run-cpu	UNKNOWN STEP	2026-09-26T01:46:25.2156589Z tests/fast/utils/chat_template_utils/test_template.py::TestAlignWithSGLang::test_align[Qwen3.8-Flash-Next-multi_turn_thinking-N3-enable_thinking_off] PASSED [ 73%]
stage-a-cpu (1) / run-cpu	UNKNOWN STEP	2026-09-26T01:46:25.2234991Z tests/fast/utils/chat_template_utils/test_template.py::TestAlignWithSGLang::test_align[Qwen3.8-Flash-Next-multi_turn_thinking-N5-enable_thinking_on] PASSED [ 73%]
stage-a-cpu (1) / run-cpu	UNKNOWN STEP	2026-09-26T01:46:25.2301253Z tests/fast/utils/chat_template_utils/test_template.py::TestAlignWithSGLang::test_align[Qwen3.8-Flash-Next-multi_turn_thinking-N5-enable_thinking_off] PASSED [ 73%]
stage-a-cpu (1) / run-cpu	UNKNOWN STEP	2026-09-26T01:46:25.2376449Z tests/fast/utils/chat_template_utils/test_template.py::TestAlignWithSGLang::test_align[Qwen3.8-Flash-Next-long_chain_thinking-N3-enable_thinking_on] PASSED [ 73%]
stage-a-cpu (1) / run-cpu	UNKNOWN STEP	2026-09-26T01:46:25.2451072Z tests/fast/utils/chat_template_utils/test_template.py::TestAlignWithSGLang::test_align[Qwen3.8-Flash-Next-long_chain_thinking-N3-enable_thinking_off] PASSED [ 73%]
stage-a-cpu (1) / run-cpu	UNKNOWN STEP	2026-09-26T01:46:25.2528772Z tests/fast/utils/chat_template_utils/test_template.py::TestAlignWithSGLang::test_align[Qwen3.8-Flash-Next-long_chain_thinking-N5-enable_thinking_on] PASSED [ 73%]
stage-a-cpu (1) / run-cpu	UNKNOWN STEP	2026-09-26T01:46:25.2604151Z tests/fast/utils/chat_template_utils/test_template.py::TestAlignWithSGLang::test_align[Qwen3.8-Flash-Next-long_chain_thinking-N5-enable_thinking_off] PASSED [ 73%]
stage-a-cpu (1) / run-cpu	UNKNOWN STEP	2026-09-26T01:46:25.2681927Z tests/fast/utils/chat_template_utils/test_template.py::TestAlignWithSGLang::test_align[Qwen3.8-Flash-Next-long_chain_thinking-N7-enable_thinking_on] PASSED [ 73%]
stage-a-cpu (1) / run-cpu	UNKNOWN STEP	2026-09-26T01:46:25.2757313Z tests/fast/utils/chat_template_utils/test_template.py::TestAlignWithSGLang::test_align[Qwen3.8-Flash-Next-long_chain_thinking-N7-enable_thinking_off] PASSED [ 73%]
stage-a-cpu (1) / run-cpu	UNKNOWN STEP	2026-09-26T01:46:26.7861021Z tests/fast/utils/chat_template_utils/test_template.py::TestAlignWithSGLang::test_align[Qwen3-Coder-Next-single_tool-N3] PASSED [ 73%]
stage-a-cpu (1) / run-cpu	UNKNOWN STEP	2026-09-26T01:46:26.7927665Z tests/fast/utils/chat_template_utils/test_template.py::TestAlignWithSGLang::test_align[Qwen3-Coder-Next-multi_turn-N3] PASSED [ 73%]
stage-a-cpu (1) / run-cpu	UNKNOWN STEP	2026-09-26T01:46:26.7992359Z tests/fast/utils/chat_template_utils/test_template.py::TestAlignWithSGLang::test_align[Qwen3-Coder-Next-multi_turn-N5] PASSED [ 73%]
stage-a-cpu (1) / run-cpu	UNKNOWN STEP	2026-09-26T01:46:26.8058752Z tests/fast/utils/chat_template_utils/test_template.py::TestAlignWithSGLang::test_align[Qwen3-Coder-Next-multi_tool_single_turn-N3] PASSED [ 73%]
stage-a-cpu (1) / run-cpu	UNKNOWN STEP	2026-09-26T01:46:26.8123004Z tests/fast/utils/chat_template_utils/test_template.py::TestAlignWithSGLang::test_align[Qwen3-Coder-Next-parallel_tools-N3] PASSED [ 73%]
stage-a-cpu (1) / run-cpu	UNKNOWN STEP	2026-09-26T01:46:26.8191859Z tests/fast/utils/chat_template_utils/test_template.py::TestAlignWithSGLang::test_align[Qwen3-Coder-Next-long_chain-N3] PASSED [ 73%]
stage-a-cpu (1) / run-cpu	UNKNOWN STEP	2026-09-26T01:46:26.8260825Z tests/fast/utils/chat_template_utils/test_template.py::TestAlignWithSGLang::test_align[Qwen3-Coder-Next-long_chain-N5] PASSED [ 73%]
stage-a-cpu (1) / run-cpu	UNKNOWN STEP	2026-09-26T01:46:26.8329849Z tests/fast/utils/chat_template_utils/test_template.py::TestAlignWithSGLang::test_align[Qwen3-Coder-Next-long_chain-N7] PASSED [ 73%]
stage-a-cpu (1) / run-cpu	UNKNOWN STEP	2026-09-26T01:46:26.8401704Z tests/fast/utils/chat_template_utils/test_template.py::TestAlignWithSGLang::test_align[Qwen3-Coder-Next-multi_user_tool_chain-N3] PASSED [ 73%]
stage-a-cpu (1) / run-cpu	UNKNOWN STEP	2026-09-26T01:46:26.8472446Z tests/fast/utils/chat_template_utils/test_template.py::TestAlignWithSGLang::test_align[Qwen3-Coder-Next-multi_user_tool_chain-N5] PASSED [ 73%]
stage-a-cpu (1) / run-cpu	UNKNOWN STEP	2026-09-26T01:46:26.8543243Z tests/fast/utils/chat_template_utils/test_template.py::TestAlignWithSGLang::test_align[Qwen3-Coder-Next-multi_user_tool_chain-N7] PASSED [ 73%]
stage-a-cpu (1) / run-cpu	UNKNOWN STEP	2026-09-26T01:46:26.8613702Z tests/fast/utils/chat_template_utils/test_template.py::TestAlignWithSGLang::test_align[Qwen3-Coder-Next-multi_user_tool_chain-N9] PASSED [ 74%]
stage-a-cpu (1) / run-cpu	UNKNOWN STEP	2026-09-26T01:46:26.8677879Z tests/fast/utils/chat_template_utils/test_template.py::TestAlignWithSGLang::test_align[Qwen3-Coder-Next-retry_system-N3] PASSED [ 74%]
stage-a-cpu (1) / run-cpu	UNKNOWN STEP	2026-09-26T01:46:26.8750092Z tests/fast/utils/chat_template_utils/test_template.py::TestAlignWithSGLang::test_align[Qwen3-Coder-Next-retry_system-N6] PASSED [ 74%]
stage-a-cpu (1) / run-cpu	UNKNOWN STEP	2026-09-26T01:46:26.8819881Z tests/fast/utils/chat_template_utils/test_template.py::TestAlignWithSGLang::test_align[Qwen3-Coder-Next-intermediate_system-N3] PASSED [ 74%]
stage-a-cpu (1) / run-cpu	UNKNOWN STEP	2026-09-26T01:46:26.8890960Z tests/fast/utils/chat_template_utils/test_template.py::TestAlignWithSGLang::test_align[Qwen3-Coder-Next-intermediate_system-N6] PASSED [ 74%]
stage-a-cpu (1) / run-cpu	UNKNOWN STEP	2026-09-26T01:46:26.8959842Z tests/fast/utils/chat_template_utils/test_template.py::TestAlignWithSGLang::test_align[Qwen3-Coder-Next-intermediate_system-N9] PASSED [ 74%]
stage-a-cpu (1) / run-cpu	UNKNOWN STEP	2026-09-26T01:46:26.9003198Z tests/fast/utils/chat_template_utils/test_template.py::TestAlignWithSGLang::test_align[Qwen3-Coder-Next-multi_turn_no_tool-N3] PASSED [ 74%]
stage-a-cpu (1) / run-cpu	UNKNOWN STEP	2026-09-26T01:46:26.9047144Z tests/fast/utils/chat_template_utils/test_template.py::TestAlignWithSGLang::test_align[Qwen3-Coder-Next-multi_turn_no_tool-N5] PASSED [ 74%]
stage-a-cpu (1) / run-cpu	UNKNOWN STEP	2026-09-26T01:46:26.9100496Z tests/fast/utils/chat_template_utils/test_template.py::TestAlignWithSGLang::test_json_string_arguments[Qwen3-4B] PASSED [ 74%]
stage-a-cpu (1) / run-cpu	UNKNOWN STEP	2026-09-26T01:46:26.9150664Z tests/fast/utils/chat_template_utils/test_template.py::TestAlignWithSGLang::test_json_string_arguments[GLM-4.7-Flash] PASSED [ 74%]
stage-a-cpu (1) / run-cpu	UNKNOWN STEP	2026-09-26T01:46:26.9210348Z tests/fast/utils/chat_template_utils/test_template.py::TestAlignWithSGLang::test_json_string_arguments[Qwen3.5-4B] PASSED [ 74%]
stage-a-cpu (1) / run-cpu	UNKNOWN STEP	2026-09-26T01:46:26.9269399Z tests/fast/utils/chat_template_utils/test_template.py::TestAlignWithSGLang::test_json_string_arguments[Qwen3.6-35B-A3B] PASSED [ 74%]
stage-a-cpu (1) / run-cpu	UNKNOWN STEP	2026-09-26T01:46:26.9331489Z tests/fast/utils/chat_template_utils/test_template.py::TestAlignWithSGLang::test_json_string_arguments[Qwen3.8-27B] PASSED [ 74%]
stage-a-cpu (1) / run-cpu	UNKNOWN STEP	2026-09-26T01:46:26.9392385Z tests/fast/utils/chat_template_utils/test_template.py::TestAlignWithSGLang::test_json_string_arguments[Qwen3.8-Flash-Next] PASSED [ 74%]
stage-a-cpu (1) / run-cpu	UNKNOWN STEP	2026-09-26T01:46:26.9447231Z tests/fast/utils/chat_template_utils/test_template.py::TestAlignWithSGLang::test_json_string_arguments[Qwen3-Coder-Next] PASSED [ 74%]
stage-a-cpu (1) / run-cpu	UNKNOWN STEP	2026-09-26T01:46:26.9490425Z tests/fast/utils/chat_template_utils/test_template.py::TestAlignWithSGLang::test_no_tools[Qwen3-4B] PASSED [ 74%]
stage-a-cpu (1) / run-cpu	UNKNOWN STEP	2026-09-26T01:46:26.9539511Z tests/fast/utils/chat_template_utils/test_template.py::TestAlignWithSGLang::test_no_tools[GLM-4.7-Flash] PASSED [ 74%]
stage-a-cpu (1) / run-cpu	UNKNOWN STEP	2026-09-26T01:46:26.9592196Z tests/fast/utils/chat_template_utils/test_template.py::TestAlignWithSGLang::test_no_tools[Qwen3.5-4B] PASSED [ 74%]
stage-a-cpu (1) / run-cpu	UNKNOWN STEP	2026-09-26T01:46:26.9637178Z tests/fast/utils/chat_template_utils/test_template.py::TestAlignWithSGLang::test_no_tools[Qwen3.6-35B-A3B] PASSED [ 74%]
stage-a-cpu (1) / run-cpu	UNKNOWN STEP	2026-09-26T01:46:26.9682366Z tests/fast/utils/chat_template_utils/test_template.py::TestAlignWithSGLang::test_no_tools[Qwen3.8-27B] PASSED [ 74%]
stage-a-cpu (1) / run-cpu	UNKNOWN STEP	2026-09-26T01:46:26.9728287Z tests/fast/utils/chat_template_utils/test_template.py::TestAlignWithSGLang::test_no_tools[Qwen3.8-Flash-Next] PASSED [ 74%]
stage-a-cpu (1) / run-cpu	UNKNOWN STEP	2026-09-26T01:46:26.9769773Z tests/fast/utils/chat_template_utils/test_template.py::TestAlignWithSGLang::test_no_tools[Qwen3-Coder-Next] PASSED [ 74%]
stage-a-cpu (1) / run-cpu	UNKNOWN STEP	2026-09-26T01:46:26.9806904Z tests/fast/utils/chat_template_utils/test_template.py::TestAlignWithSGLang::test_does_not_mutate_input[Qwen3-4B] PASSED [ 74%]
stage-a-cpu (1) / run-cpu	UNKNOWN STEP	2026-09-26T01:46:26.9842993Z tests/fast/utils/chat_template_utils/test_template.py::TestAlignWithSGLang::test_does_not_mutate_input[GLM-4.7-Flash] PASSED [ 74%]
stage-a-cpu (1) / run-cpu	UNKNOWN STEP	2026-09-26T01:46:27.0152711Z tests/fast/utils/chat_template_utils/test_template.py::TestAlignWithSGLang::test_does_not_mutate_input[Qwen3.5-4B] PASSED [ 74%]
stage-a-cpu (1) / run-cpu	UNKNOWN STEP	2026-09-26T01:46:27.0463514Z tests/fast/utils/chat_template_utils/test_template.py::TestAlignWithSGLang::test_does_not_mutate_input[Qwen3.6-35B-A3B] PASSED [ 74%]
stage-a-cpu (1) / run-cpu	UNKNOWN STEP	2026-09-26T01:46:27.0792509Z tests/fast/utils/chat_template_utils/test_template.py::TestAlignWithSGLang::test_does_not_mutate_input[Qwen3.8-27B] PASSED [ 74%]
stage-a-cpu (1) / run-cpu	UNKNOWN STEP	2026-09-26T01:46:27.0834706Z tests/fast/utils/chat_template_utils/test_template.py::TestAlignWithSGLang::test_does_not_mutate_input[Qwen3.8-Flash-Next] PASSED [ 74%]
stage-a-cpu (1) / run-cpu	UNKNOWN STEP	2026-09-26T01:46:27.0874836Z tests/fast/utils/chat_template_utils/test_template.py::TestAlignWithSGLang::test_does_not_mutate_input[Qwen3-Coder-Next] PASSED [ 74%]
stage-a-cpu (1) / run-cpu	UNKNOWN STEP	2026-09-26T01:46:27.0903095Z tests/fast/utils/chat_template_utils/test_template.py::TestAlignWithSGLang::test_data_path_routing_matches_raw_tokenizer[Qwen3-4B] PASSED [ 74%]
stage-a-cpu (1) / run-cpu	UNKNOWN STEP	2026-09-26T01:46:27.0931460Z tests/fast/utils/chat_template_utils/test_template.py::TestAlignWithSGLang::test_data_path_routing_matches_raw_tokenizer[GLM-4.7-Flash] PASSED [ 74%]
stage-a-cpu (1) / run-cpu	UNKNOWN STEP	2026-09-26T01:46:27.0959964Z tests/fast/utils/chat_template_utils/test_template.py::TestAlignWithSGLang::test_data_path_routing_matches_raw_tokenizer[Qwen3.5-4B] PASSED [ 74%]
stage-a-cpu (1) / run-cpu	UNKNOWN STEP	2026-09-26T01:46:27.0988667Z tests/fast/utils/chat_template_utils/test_template.py::TestAlignWithSGLang::test_data_path_routing_matches_raw_tokenizer[Qwen3.6-35B-A3B] PASSED [ 75%]
stage-a-cpu (1) / run-cpu	UNKNOWN STEP	2026-09-26T01:46:27.1017366Z tests/fast/utils/chat_template_utils/test_template.py::TestAlignWithSGLang::test_data_path_routing_matches_raw_tokenizer[Qwen3.8-27B] PASSED [ 75%]
stage-a-cpu (1) / run-cpu	UNKNOWN STEP	2026-09-26T01:46:27.1046427Z tests/fast/utils/chat_template_utils/test_template.py::TestAlignWithSGLang::test_data_path_routing_matches_raw_tokenizer[Qwen3.8-Flash-Next] PASSED [ 75%]
stage-a-cpu (1) / run-cpu	UNKNOWN STEP	2026-09-26T01:46:27.1073640Z tests/fast/utils/chat_template_utils/test_template.py::TestAlignWithSGLang::test_data_path_routing_matches_raw_tokenizer[Qwen3-Coder-Next] PASSED [ 75%]
stage-a-cpu (1) / run-cpu	UNKNOWN STEP	2026-09-26T01:46:27.1114791Z tests/fast/utils/chat_template_utils/test_template.py::TestDatasetRouting::test_no_tool_prompt_byte_identical_to_raw[Qwen3-4B] PASSED [ 75%]
stage-a-cpu (1) / run-cpu	UNKNOWN STEP	2026-09-26T01:46:27.1157872Z tests/fast/utils/chat_template_utils/test_template.py::TestDatasetRouting::test_no_tool_prompt_byte_identical_to_raw[GLM-4.7-Flash] PASSED [ 75%]
stage-a-cpu (1) / run-cpu	UNKNOWN STEP	2026-09-26T01:46:27.1200063Z tests/fast/utils/chat_template_utils/test_template.py::TestDatasetRouting::test_no_tool_prompt_byte_identical_to_raw[Qwen3.5-4B] PASSED [ 75%]
stage-a-cpu (1) / run-cpu	UNKNOWN STEP	2026-09-26T01:46:27.1242558Z tests/fast/utils/chat_template_utils/test_template.py::TestDatasetRouting::test_no_tool_prompt_byte_identical_to_raw[Qwen3.6-35B-A3B] PASSED [ 75%]
stage-a-cpu (1) / run-cpu	UNKNOWN STEP	2026-09-26T01:46:27.1284381Z tests/fast/utils/chat_template_utils/test_template.py::TestDatasetRouting::test_no_tool_prompt_byte_identical_to_raw[Qwen3.8-27B] PASSED [ 75%]
stage-a-cpu (1) / run-cpu	UNKNOWN STEP	2026-09-26T01:46:27.1326194Z tests/fast/utils/chat_template_utils/test_template.py::TestDatasetRouting::test_no_tool_prompt_byte_identical_to_raw[Qwen3.8-Flash-Next] PASSED [ 75%]
stage-a-cpu (1) / run-cpu	UNKNOWN STEP	2026-09-26T01:46:27.1366094Z tests/fast/utils/chat_template_utils/test_template.py::TestDatasetRouting::test_no_tool_prompt_byte_identical_to_raw[Qwen3-Coder-Next] PASSED [ 75%]
stage-a-cpu (1) / run-cpu	UNKNOWN STEP	2026-09-26T01:46:27.1431279Z tests/fast/utils/chat_template_utils/test_template.py::TestDatasetRouting::test_tool_prompt_matches_sglang_ids PASSED [ 75%]
stage-a-cpu (1) / run-cpu	UNKNOWN STEP	2026-09-26T01:46:27.1458987Z tests/fast/utils/chat_template_utils/test_template.py::TestDeepSeekV32TITOAlignWithSGLang::test_prompt_ids_match_sglang_dsv32_with_tools[chat] SKIPPED [ 75%]
stage-a-cpu (1) / run-cpu	UNKNOWN STEP	2026-09-26T01:46:27.1486641Z tests/fast/utils/chat_template_utils/test_template.py::TestDeepSeekV32TITOAlignWithSGLang::test_prompt_ids_match_sglang_dsv32_with_tools[thinking] SKIPPED [ 75%]
stage-a-cpu (1) / run-cpu	UNKNOWN STEP	2026-09-26T01:46:27.1512353Z tests/fast/utils/chat_template_utils/test_template.py::TestDeepSeekV32TITOAlignWithSGLang::test_absent_enable_thinking_defaults_to_thinking SKIPPED [ 75%]
stage-a-cpu (1) / run-cpu	UNKNOWN STEP	2026-09-26T01:46:27.1538394Z tests/fast/utils/chat_template_utils/test_template.py::TestDeepSeekV32TITOAlignWithSGLang::test_prompt_ids_match_sglang_dsv32_with_tool_history[chat] SKIPPED [ 75%]
stage-a-cpu (1) / run-cpu	UNKNOWN STEP	2026-09-26T01:46:27.1567076Z tests/fast/utils/chat_template_utils/test_template.py::TestDeepSeekV32TITOAlignWithSGLang::test_prompt_ids_match_sglang_dsv32_with_tool_history[thinking] SKIPPED [ 75%]
stage-a-cpu (1) / run-cpu	UNKNOWN STEP	2026-09-26T01:46:27.1594030Z tests/fast/utils/chat_template_utils/test_template.py::TestDeepSeekV4TITOAlignWithSGLang::test_prompt_ids_match_sglang_dsv4_with_tools[chat] SKIPPED [ 75%]
stage-a-cpu (1) / run-cpu	UNKNOWN STEP	2026-09-26T01:46:27.1621126Z tests/fast/utils/chat_template_utils/test_template.py::TestDeepSeekV4TITOAlignWithSGLang::test_prompt_ids_match_sglang_dsv4_with_tools[thinking] SKIPPED [ 75%]
stage-a-cpu (1) / run-cpu	UNKNOWN STEP	2026-09-26T01:46:27.1648256Z tests/fast/utils/chat_template_utils/test_template.py::TestDeepSeekV4TITOAlignWithSGLang::test_prompt_ids_match_sglang_dsv4_with_tool_history[chat] SKIPPED [ 75%]
stage-a-cpu (1) / run-cpu	UNKNOWN STEP	2026-09-26T01:46:27.1675048Z tests/fast/utils/chat_template_utils/test_template.py::TestDeepSeekV4TITOAlignWithSGLang::test_prompt_ids_match_sglang_dsv4_with_tool_history[thinking] SKIPPED [ 75%]
stage-a-cpu (1) / run-cpu	UNKNOWN STEP	2026-09-26T01:46:27.1700792Z tests/fast/utils/chat_template_utils/test_template.py::TestMessageMatches::test_stream_rebuilt_replay_matches_sglang_wire[int] PASSED [ 75%]
stage-a-cpu (1) / run-cpu	UNKNOWN STEP	2026-09-26T01:46:27.1725973Z tests/fast/utils/chat_template_utils/test_template.py::TestMessageMatches::test_stream_rebuilt_replay_matches_sglang_wire[other-int] PASSED [ 75%]
stage-a-cpu (1) / run-cpu	UNKNOWN STEP	2026-09-26T01:46:27.1752678Z tests/fast/utils/chat_template_utils/test_template.py::TestMessageMatches::test_stream_rebuilt_replay_matches_sglang_wire[null] PASSED [ 75%]
stage-a-cpu (1) / run-cpu	UNKNOWN STEP	2026-09-26T01:46:27.1776723Z tests/fast/utils/chat_template_utils/test_template.py::TestMessageMatches::test_null_index_matches_absent_index PASSED [ 75%]
stage-a-cpu (1) / run-cpu	UNKNOWN STEP	2026-09-26T01:46:27.1800733Z tests/fast/utils/chat_template_utils/test_template.py::TestMessageMatches::test_null_tool_call_id_does_not_match_absent_id PASSED [ 75%]
stage-a-cpu (1) / run-cpu	UNKNOWN STEP	2026-09-26T01:46:27.1824114Z tests/fast/utils/chat_template_utils/test_template.py::TestMessageMatches::test_different_arguments_still_mismatch PASSED [ 75%]
stage-a-cpu (1) / run-cpu	UNKNOWN STEP	2026-09-26T01:46:27.1847529Z tests/fast/utils/chat_template_utils/test_template.py::TestMessageMatches::test_different_tool_call_id_still_mismatches PASSED [ 75%]
stage-a-cpu (1) / run-cpu	UNKNOWN STEP	2026-09-26T01:46:27.1872483Z tests/fast/utils/chat_template_utils/test_template.py::TestMessageMatches::test_content_mismatch_still_detected PASSED [ 75%]
stage-a-cpu (1) / run-cpu	UNKNOWN STEP	2026-09-26T01:46:27.1904035Z tests/fast/utils/debug_utils/run_megatron/cli/commands/test_run.py::TestRunImplValidation::test_routing_replay_requires_nproc1 PASSED [ 75%]
stage-a-cpu (1) / run-cpu	UNKNOWN STEP	2026-09-26T01:46:27.1927546Z tests/fast/utils/debug_utils/run_megatron/cli/commands/test_run.py::TestRunImplValidation::test_routing_replay_pp_gt1_also_fails PASSED [ 75%]
stage-a-cpu (1) / run-cpu	UNKNOWN STEP	2026-09-26T01:46:27.1964791Z tests/fast/utils/debug_utils/run_megatron/cli/commands/test_run.py::TestRunImplExecCommand::test_cmd_contains_torchrun PASSED [ 75%]
stage-a-cpu (1) / run-cpu	UNKNOWN STEP	2026-09-26T01:46:27.2001583Z tests/fast/utils/debug_utils/run_megatron/cli/commands/test_run.py::TestRunImplExecCommand::test_cmd_contains_parallel_config PASSED [ 76%]
stage-a-cpu (1) / run-cpu	UNKNOWN STEP	2026-09-26T01:46:27.2038047Z tests/fast/utils/debug_utils/run_megatron/cli/commands/test_run.py::TestRunImplExecCommand::test_cmd_contains_dumper_env PASSED [ 76%]
stage-a-cpu (1) / run-cpu	UNKNOWN STEP	2026-09-26T01:46:27.2073383Z tests/fast/utils/debug_utils/run_megatron/cli/commands/test_run.py::TestRunImplExecCommand::test_cmd_contains_script_args PASSED [ 76%]
stage-a-cpu (1) / run-cpu	UNKNOWN STEP	2026-09-26T01:46:27.2109653Z tests/fast/utils/debug_utils/run_megatron/cli/commands/test_run.py::TestRunImplExecCommand::test_routing_replay_nproc1_ok PASSED [ 76%]
stage-a-cpu (1) / run-cpu	UNKNOWN STEP	2026-09-26T01:46:27.2147090Z tests/fast/utils/debug_utils/run_megatron/cli/commands/test_run.py::TestRunImplExecCommand::test_backward_enables_grad_env PASSED [ 76%]
stage-a-cpu (1) / run-cpu	UNKNOWN STEP	2026-09-26T01:46:27.2171389Z tests/fast/utils/debug_utils/run_megatron/cli/test_prompt_utils.py::TestPromptConfig::test_frozen PASSED [ 76%]
stage-a-cpu (1) / run-cpu	UNKNOWN STEP	2026-09-26T01:46:27.2194560Z tests/fast/utils/debug_utils/run_megatron/cli/test_prompt_utils.py::TestPromptConfig::test_defaults PASSED [ 76%]
stage-a-cpu (1) / run-cpu	UNKNOWN STEP	2026-09-26T01:46:27.2218354Z tests/fast/utils/debug_utils/run_megatron/cli/test_prompt_utils.py::TestResolveRawText::test_math_mode PASSED [ 76%]
stage-a-cpu (1) / run-cpu	UNKNOWN STEP	2026-09-26T01:46:27.2242168Z tests/fast/utils/debug_utils/run_megatron/cli/test_prompt_utils.py::TestResolveRawText::test_text_mode PASSED [ 76%]
stage-a-cpu (1) / run-cpu	UNKNOWN STEP	2026-09-26T01:46:27.2266482Z tests/fast/utils/debug_utils/run_megatron/cli/test_prompt_utils.py::TestResolveRawText::test_text_mode_missing_raises PASSED [ 76%]
stage-a-cpu (1) / run-cpu	UNKNOWN STEP	2026-09-26T01:46:27.2302291Z tests/fast/utils/debug_utils/run_megatron/cli/test_prompt_utils.py::TestResolveRawText::test_file_mode PASSED [ 76%]
stage-a-cpu (1) / run-cpu	UNKNOWN STEP	2026-09-26T01:46:27.2326590Z tests/fast/utils/debug_utils/run_megatron/cli/test_prompt_utils.py::TestResolveRawText::test_file_mode_missing_raises PASSED [ 76%]
stage-a-cpu (1) / run-cpu	UNKNOWN STEP	2026-09-26T01:46:27.2350642Z tests/fast/utils/debug_utils/run_megatron/cli/test_prompt_utils.py::TestResolveRawText::test_unknown_mode_raises PASSED [ 76%]
stage-a-cpu (1) / run-cpu	UNKNOWN STEP	2026-09-26T01:46:27.2374561Z tests/fast/utils/debug_utils/run_megatron/cli/test_prompt_utils.py::TestBuildMathSequence::test_starts_with_1_plus_1 PASSED [ 76%]
stage-a-cpu (1) / run-cpu	UNKNOWN STEP	2026-09-26T01:46:27.2398020Z tests/fast/utils/debug_utils/run_megatron/cli/test_prompt_utils.py::TestBuildMathSequence::test_reaches_target_length PASSED [ 76%]
stage-a-cpu (1) / run-cpu	UNKNOWN STEP	2026-09-26T01:46:27.2422187Z tests/fast/utils/debug_utils/run_megatron/cli/test_prompt_utils.py::TestBuildMathSequence::test_small_target PASSED [ 76%]
stage-a-cpu (1) / run-cpu	UNKNOWN STEP	2026-09-26T01:46:27.2450326Z tests/fast/utils/debug_utils/run_megatron/cli/test_prompt_utils.py::TestBuildMathSequence::test_b_wraps_after_100 PASSED [ 76%]
stage-a-cpu (1) / run-cpu	UNKNOWN STEP	2026-09-26T01:46:27.2476336Z tests/fast/utils/debug_utils/run_megatron/cli/test_prompt_utils.py::TestWriteTokenIdsToTmpfile::test_roundtrip_json PASSED [ 76%]
stage-a-cpu (1) / run-cpu	UNKNOWN STEP	2026-09-26T01:46:27.2501523Z tests/fast/utils/debug_utils/run_megatron/cli/test_prompt_utils.py::TestWriteTokenIdsToTmpfile::test_prefix_and_suffix PASSED [ 76%]
stage-a-cpu (1) / run-cpu	UNKNOWN STEP	2026-09-26T01:46:28.4749163Z tests/fast/utils/debug_utils/run_megatron/cli/test_prompt_utils.py::TestGenerateTokenIds::test_correct_length PASSED [ 76%]
stage-a-cpu (1) / run-cpu	UNKNOWN STEP	2026-09-26T01:46:28.4777852Z tests/fast/utils/debug_utils/run_megatron/cli/test_prompt_utils.py::TestGenerateTokenIds::test_chat_template_changes_tokens PASSED [ 76%]
stage-a-cpu (1) / run-cpu	UNKNOWN STEP	2026-09-26T01:46:28.4819892Z tests/fast/utils/debug_utils/run_megatron/cli/test_prompt_utils.py::TestGenerateTokenIds::test_math_mode_deterministic PASSED [ 76%]
stage-a-cpu (1) / run-cpu	UNKNOWN STEP	2026-09-26T01:46:28.4845292Z tests/fast/utils/debug_utils/run_megatron/cli/test_prompt_utils.py::TestGenerateTokenIds::test_too_short_raises PASSED [ 76%]
stage-a-cpu (1) / run-cpu	UNKNOWN STEP	2026-09-26T01:46:28.4871144Z tests/fast/utils/debug_utils/run_megatron/cli/test_prompt_utils.py::TestGenerateTokenIds::test_text_mode_encodes_real_text PASSED [ 76%]
stage-a-cpu (1) / run-cpu	UNKNOWN STEP	2026-09-26T01:46:28.5241299Z tests/fast/utils/debug_utils/run_megatron/cli/test_prompt_utils.py::TestGenerateTokenIds::test_file_mode PASSED [ 76%]
stage-a-cpu (1) / run-cpu	UNKNOWN STEP	2026-09-26T01:46:28.5272133Z tests/fast/utils/debug_utils/run_megatron/worker/test_output.py::TestComputeLogprobEntries::test_returns_none_for_2d_logits PASSED [ 76%]
stage-a-cpu (1) / run-cpu	UNKNOWN STEP	2026-09-26T01:46:28.5296319Z tests/fast/utils/debug_utils/run_megatron/worker/test_output.py::TestComputeLogprobEntries::test_returns_none_for_scalar_vocab PASSED [ 76%]
stage-a-cpu (1) / run-cpu	UNKNOWN STEP	2026-09-26T01:46:28.5323529Z tests/fast/utils/debug_utils/run_megatron/worker/test_output.py::TestComputeLogprobEntries::test_basic_shape PASSED [ 76%]
stage-a-cpu (1) / run-cpu	UNKNOWN STEP	2026-09-26T01:46:28.5350749Z tests/fast/utils/debug_utils/run_megatron/worker/test_output.py::TestComputeLogprobEntries::test_entry_keys PASSED [ 76%]
stage-a-cpu (1) / run-cpu	UNKNOWN STEP	2026-09-26T01:46:28.5376020Z tests/fast/utils/debug_utils/run_megatron/worker/test_output.py::TestComputeLogprobEntries::test_valid_entry_values PASSED [ 76%]
stage-a-cpu (1) / run-cpu	UNKNOWN STEP	2026-09-26T01:46:28.5401046Z tests/fast/utils/debug_utils/run_megatron/worker/test_output.py::TestComputeLogprobEntries::test_ignored_entry_values PASSED [ 76%]
stage-a-cpu (1) / run-cpu	UNKNOWN STEP	2026-09-26T01:46:28.5427018Z tests/fast/utils/debug_utils/run_megatron/worker/test_output.py::TestComputeLogprobEntries::test_logprob_sums_to_one PASSED [ 76%]
stage-a-cpu (1) / run-cpu	UNKNOWN STEP	2026-09-26T01:46:28.5453140Z tests/fast/utils/debug_utils/run_megatron/worker/test_output.py::TestComputeLogprobEntries::test_perfect_prediction_high_logprob PASSED [ 77%]
stage-a-cpu (1) / run-cpu	UNKNOWN STEP	2026-09-26T01:46:28.5478732Z tests/fast/utils/debug_utils/run_megatron/worker/test_output.py::TestComputeLogprobEntries::test_position_ids_preserved PASSED [ 77%]
stage-a-cpu (1) / run-cpu	UNKNOWN STEP	2026-09-26T01:46:28.5503805Z tests/fast/utils/debug_utils/run_megatron/worker/test_output.py::TestComputeOutputInfo::test_returns_none_for_invalid_logits PASSED [ 77%]
stage-a-cpu (1) / run-cpu	UNKNOWN STEP	2026-09-26T01:46:28.5536383Z tests/fast/utils/debug_utils/run_megatron/worker/test_output.py::TestComputeOutputInfo::test_payload_structure PASSED [ 77%]
stage-a-cpu (1) / run-cpu	UNKNOWN STEP	2026-09-26T01:46:28.5566363Z tests/fast/utils/debug_utils/run_megatron/worker/test_output.py::TestComputeOutputInfo::test_defaults_to_size_1 PASSED [ 77%]
stage-a-cpu (1) / run-cpu	UNKNOWN STEP	2026-09-26T01:46:28.5611168Z tests/fast/utils/debug_utils/run_megatron/worker/test_output.py::TestComputeAndSaveOutputInfo::test_writes_json_file PASSED [ 77%]
stage-a-cpu (1) / run-cpu	UNKNOWN STEP	2026-09-26T01:46:28.5650534Z tests/fast/utils/debug_utils/run_megatron/worker/test_output.py::TestComputeAndSaveOutputInfo::test_skips_invalid_logits PASSED [ 77%]
stage-a-cpu (1) / run-cpu	UNKNOWN STEP	2026-09-26T01:46:28.5692060Z tests/fast/utils/debug_utils/run_megatron/worker/test_output.py::TestComputeAndSaveOutputInfo::test_creates_output_dir PASSED [ 77%]
stage-a-cpu (1) / run-cpu	UNKNOWN STEP	2026-09-26T01:46:28.5735740Z tests/fast/utils/debug_utils/run_megatron/worker/test_output.py::TestComputeAndSaveOutputInfo::test_json_is_valid PASSED [ 77%]
stage-a-cpu (1) / run-cpu	UNKNOWN STEP	2026-09-26T01:46:28.5770970Z tests/fast/utils/debug_utils/test_replay_reward_fn.py::TestMainAsync::test_main_async_resolves_a_registry_only_reward_function PASSED [ 77%]
stage-a-cpu (1) / run-cpu	UNKNOWN STEP	2026-09-26T01:46:28.5797740Z tests/fast/utils/event_analyzer/rules/test_witness.py::TestWitnessCheck::test_empty_events PASSED [ 77%]
stage-a-cpu (1) / run-cpu	UNKNOWN STEP	2026-09-26T01:46:28.5830587Z tests/fast/utils/event_analyzer/rules/test_witness.py::TestWitnessCheck::test_normal_step_with_correct_cumulative_witness_ids_returns_no_issues PASSED [ 77%]
stage-a-cpu (1) / run-cpu	UNKNOWN STEP	2026-09-26T01:46:28.5854861Z tests/fast/utils/event_analyzer/rules/test_witness.py::TestWitnessCheck::test_normal_step_with_missing_witness_id_returns_issue PASSED [ 77%]
stage-a-cpu (1) / run-cpu	UNKNOWN STEP	2026-09-26T01:46:28.5879856Z tests/fast/utils/event_analyzer/rules/test_witness.py::TestWitnessCheck::test_normal_step_with_extra_witness_id_returns_issue PASSED [ 77%]
stage-a-cpu (1) / run-cpu	UNKNOWN STEP	2026-09-26T01:46:28.5904020Z tests/fast/utils/event_analyzer/rules/test_witness.py::TestWitnessCheck::test_discarded_step_is_ignored PASSED [ 77%]
stage-a-cpu (1) / run-cpu	UNKNOWN STEP	2026-09-26T01:46:28.5928354Z tests/fast/utils/event_analyzer/rules/test_witness.py::TestWitnessCheck::test_stale_ids_are_ignored PASSED [ 77%]
stage-a-cpu (1) / run-cpu	UNKNOWN STEP	2026-09-26T01:46:28.5953315Z tests/fast/utils/event_analyzer/rules/test_witness.py::TestWitnessCheck::test_multiple_cells_independent_checking PASSED [ 77%]
stage-a-cpu (1) / run-cpu	UNKNOWN STEP	2026-09-26T01:46:28.5977428Z tests/fast/utils/event_analyzer/rules/test_witness.py::TestWitnessCheck::test_retry_uses_latest_attempt_allocation PASSED [ 77%]
stage-a-cpu (1) / run-cpu	UNKNOWN STEP	2026-09-26T01:46:28.6003423Z tests/fast/utils/event_analyzer/rules/test_witness.py::TestWitnessCheck::test_snapshot_latest_attempt_discards_stale_crashed_snapshot PASSED [ 77%]
stage-a-cpu (1) / run-cpu	UNKNOWN STEP	2026-09-26T01:46:28.6027704Z tests/fast/utils/event_analyzer/rules/test_witness.py::TestWitnessCheck::test_snapshot_latest_attempt_is_the_one_compared PASSED [ 77%]
stage-a-cpu (1) / run-cpu	UNKNOWN STEP	2026-09-26T01:46:28.6052644Z tests/fast/utils/event_analyzer/rules/test_witness.py::TestWitnessCheck::test_cumulative_across_rollouts PASSED [ 77%]
stage-a-cpu (1) / run-cpu	UNKNOWN STEP	2026-09-26T01:46:28.6076514Z tests/fast/utils/event_analyzer/rules/test_witness.py::TestWitnessCheck::test_missing_snapshot_for_normal_cell_returns_issue PASSED [ 77%]
stage-a-cpu (1) / run-cpu	UNKNOWN STEP	2026-09-26T01:46:28.6100106Z tests/fast/utils/event_analyzer/rules/test_witness.py::TestWitnessCheck::test_error_cell_outcome_is_skipped PASSED [ 77%]
stage-a-cpu (1) / run-cpu	UNKNOWN STEP	2026-09-26T01:46:28.6124063Z tests/fast/utils/event_analyzer/rules/test_witness.py::TestWitnessCheck::test_multi_element_cell_outcome_not_all_normal_is_skipped PASSED [ 77%]
stage-a-cpu (1) / run-cpu	UNKNOWN STEP	2026-09-26T01:46:28.6147853Z tests/fast/utils/event_analyzer/rules/test_witness.py::TestWitnessCheck::test_multiple_snapshots_per_cell PASSED [ 77%]
stage-a-cpu (1) / run-cpu	UNKNOWN STEP	2026-09-26T01:46:28.6172369Z tests/fast/utils/event_analyzer/rules/test_witness.py::TestWitnessCheck::test_ring_buffer_wrap_with_stale_ids PASSED [ 77%]
stage-a-cpu (1) / run-cpu	UNKNOWN STEP	2026-09-26T01:46:28.6196564Z tests/fast/utils/event_analyzer/rules/test_witness.py::TestWitnessCheck::test_ring_buffer_wrap_detects_mismatch PASSED [ 77%]
stage-a-cpu (1) / run-cpu	UNKNOWN STEP	2026-09-26T01:46:28.6220949Z tests/fast/utils/event_analyzer/rules/test_witness.py::TestWitnessEventSerialization::test_roundtrip PASSED [ 77%]
stage-a-cpu (1) / run-cpu	UNKNOWN STEP	2026-09-26T01:46:28.6245695Z tests/fast/utils/event_analyzer/rules/test_witness.py::TestZeroAdvantageExclusion::test_zero_advantage_sample_excluded_from_expected PASSED [ 77%]
stage-a-cpu (1) / run-cpu	UNKNOWN STEP	2026-09-26T01:46:28.6270324Z tests/fast/utils/event_analyzer/rules/test_witness.py::TestZeroAdvantageExclusion::test_zero_advantage_sample_stays_excluded_at_later_rollouts PASSED [ 77%]
stage-a-cpu (1) / run-cpu	UNKNOWN STEP	2026-09-26T01:46:28.6294330Z tests/fast/utils/event_analyzer/rules/test_witness.py::TestZeroAdvantageExclusion::test_zero_advantage_sample_with_nonzero_signal_is_flagged_extra PASSED [ 77%]
stage-a-cpu (1) / run-cpu	UNKNOWN STEP	2026-09-26T01:46:28.6318482Z tests/fast/utils/event_analyzer/rules/test_witness.py::TestZeroAdvantageExclusion::test_empty_advantage_shard_under_cp_is_not_treated_as_zero_advantage PASSED [ 77%]
stage-a-cpu (1) / run-cpu	UNKNOWN STEP	2026-09-26T01:46:28.6343356Z tests/fast/utils/event_analyzer/rules/test_witness.py::TestZeroAdvantageExclusion::test_zero_advantage_exclusion_uses_final_attempt_only PASSED [ 78%]
stage-a-cpu (1) / run-cpu	UNKNOWN STEP	2026-09-26T01:46:28.6367575Z tests/fast/utils/event_analyzer/rules/test_witness.py::TestZeroAdvantageExclusion::test_nonzero_advantage_sample_still_required PASSED [ 78%]
stage-a-cpu (1) / run-cpu	UNKNOWN STEP	2026-09-26T01:46:28.6392153Z tests/fast/utils/event_analyzer/rules/test_witness.py::TestZeroAdvantageExclusion::test_zero_advantage_exclusion_is_global_across_cells PASSED [ 78%]
stage-a-cpu (1) / run-cpu	UNKNOWN STEP	2026-09-26T01:46:28.6416611Z tests/fast/utils/event_analyzer/rules/test_witness.py::TestZeroAdvantageExclusion::test_no_advantage_event_means_no_exclusion PASSED [ 78%]
stage-a-cpu (1) / run-cpu	UNKNOWN STEP	2026-09-26T01:46:28.6441570Z tests/fast/utils/event_analyzer/rules/test_witness.py::TestZeroAdvantageExclusion::test_mixed_token_advantage_is_not_excused PASSED [ 78%]
stage-a-cpu (1) / run-cpu	UNKNOWN STEP	2026-09-26T01:46:28.6466002Z tests/fast/utils/event_analyzer/rules/test_witness.py::TestZeroAdvantageExclusion::test_zero_advantage_uses_first_token_of_witness_id_list PASSED [ 78%]
stage-a-cpu (1) / run-cpu	UNKNOWN STEP	2026-09-26T01:46:28.6490338Z tests/fast/utils/event_analyzer/rules/test_witness.py::TestZeroAdvantageExclusion::test_zero_advantage_id_reused_after_wrap_is_not_excused PASSED [ 78%]
stage-a-cpu (1) / run-cpu	UNKNOWN STEP	2026-09-26T01:46:28.6515739Z tests/fast/utils/event_analyzer/rules/test_witness.py::TestZeroAdvantageExclusion::test_zero_advantage_id_reused_after_wrap_missing_is_flagged PASSED [ 78%]
stage-a-cpu (1) / run-cpu	UNKNOWN STEP	2026-09-26T01:46:28.6541337Z tests/fast/utils/event_analyzer/rules/test_witness.py::TestZeroAdvantageExclusion::test_zero_advantage_id_reused_after_wrap_and_zero_again_stays_excused PASSED [ 78%]
stage-a-cpu (1) / run-cpu	UNKNOWN STEP	2026-09-26T01:46:28.6565721Z tests/fast/utils/event_analyzer/rules/test_witness.py::TestZeroAdvantageExclusion::test_zero_advantage_id_three_lives_alternating PASSED [ 78%]
stage-a-cpu (1) / run-cpu	UNKNOWN STEP	2026-09-26T01:46:28.6590804Z tests/fast/utils/event_analyzer/rules/test_witness.py::TestZeroAdvantageExclusion::test_zero_advantage_id_reuse_cancellation_applies_per_cell PASSED [ 78%]
stage-a-cpu (1) / run-cpu	UNKNOWN STEP	2026-09-26T01:46:28.6615073Z tests/fast/utils/event_analyzer/rules/test_witness.py::TestZeroAdvantageExclusion::test_zero_advantage_id_never_allocated_has_no_effect PASSED [ 78%]
stage-a-cpu (1) / run-cpu	UNKNOWN STEP	2026-09-26T01:46:28.6642880Z tests/fast/utils/event_logger/test_models.py::TestEventModelsDiscriminatedUnion::test_roundtrip_via_discriminator PASSED [ 78%]
stage-a-cpu (1) / run-cpu	UNKNOWN STEP	2026-09-26T01:46:28.6667271Z tests/fast/utils/event_logger/test_models.py::TestEventModelsDiscriminatedUnion::test_discriminator_distinguishes_types PASSED [ 78%]
stage-a-cpu (1) / run-cpu	UNKNOWN STEP	2026-09-26T01:46:28.6692386Z tests/fast/utils/event_logger/test_models.py::TestEventModelsStrictRejectExtraFields::test_extra_field_rejected PASSED [ 78%]
stage-a-cpu (1) / run-cpu	UNKNOWN STEP	2026-09-26T01:46:28.6715593Z tests/fast/utils/event_logger/test_models.py::TestWitnessAllocateIdEvent::test_json_roundtrip PASSED [ 78%]
stage-a-cpu (1) / run-cpu	UNKNOWN STEP	2026-09-26T01:46:28.6740850Z tests/fast/utils/event_logger/test_models.py::TestTrainGroupStepEndEvent::test_json_roundtrip PASSED [ 78%]
stage-a-cpu (1) / run-cpu	UNKNOWN STEP	2026-09-26T01:46:28.6765222Z tests/fast/utils/event_logger/test_models.py::TestCellReconfigureEvent::test_healing_json_roundtrip PASSED [ 78%]
stage-a-cpu (1) / run-cpu	UNKNOWN STEP	2026-09-26T01:46:28.6790967Z tests/fast/utils/event_logger/test_models.py::TestCellReconfigureEvent::test_shrink_json_roundtrip PASSED [ 78%]
stage-a-cpu (1) / run-cpu	UNKNOWN STEP	2026-09-26T01:46:28.6814726Z tests/fast/utils/event_logger/test_models.py::TestInferenceEngineWeightChecksumEvent::test_json_roundtrip PASSED [ 78%]
stage-a-cpu (1) / run-cpu	UNKNOWN STEP	2026-09-26T01:46:28.6839675Z tests/fast/utils/event_logger/test_models.py::TestWitnessSnapshotParamEventWithStaleIds::test_json_roundtrip PASSED [ 78%]
stage-a-cpu (1) / run-cpu	UNKNOWN STEP	2026-09-26T01:46:28.6864904Z tests/fast/utils/event_logger/test_models.py::TestDiscriminatedUnionParsesAllEvents::test_all_event_types_parse PASSED [ 78%]
stage-a-cpu (1) / run-cpu	UNKNOWN STEP	2026-09-26T01:46:28.6890922Z tests/fast/utils/event_logger/test_models.py::TestCheckEventNaming::test_naming_convention_holds PASSED [ 78%]
stage-a-cpu (1) / run-cpu	UNKNOWN STEP	2026-09-26T01:46:28.7369286Z tests/fast/utils/hf_utils/test_weight_mapping.py::test_checkpoint_formats_resolve_to_the_same_hf_parameters PASSED [ 78%]
stage-a-cpu (1) / run-cpu	UNKNOWN STEP	2026-09-26T01:46:28.7917290Z tests/fast/utils/test_arguments.py::TestAddArgumentsSupport::test_add_arguments_is_called_and_arg_is_parsed[make_class_with_add_arguments---rollout-function-path] PASSED [ 78%]
stage-a-cpu (1) / run-cpu	UNKNOWN STEP	2026-09-26T01:46:28.8454648Z tests/fast/utils/test_arguments.py::TestAddArgumentsSupport::test_add_arguments_is_called_and_arg_is_parsed[make_class_with_add_arguments---custom-generate-function-path] PASSED [ 78%]
stage-a-cpu (1) / run-cpu	UNKNOWN STEP	2026-09-26T01:46:28.8980510Z tests/fast/utils/test_arguments.py::TestAddArgumentsSupport::test_add_arguments_is_called_and_arg_is_parsed[make_function_with_add_arguments---rollout-function-path] PASSED [ 78%]
stage-a-cpu (1) / run-cpu	UNKNOWN STEP	2026-09-26T01:46:28.9495086Z tests/fast/utils/test_arguments.py::TestAddArgumentsSupport::test_add_arguments_is_called_and_arg_is_parsed[make_function_with_add_arguments---custom-generate-function-path] PASSED [ 78%]
stage-a-cpu (1) / run-cpu	UNKNOWN STEP	2026-09-26T01:46:28.9993118Z tests/fast/utils/test_arguments.py::TestAddArgumentsSupport::test_skips_function_without_add_arguments[--rollout-function-path] PASSED [ 78%]
stage-a-cpu (1) / run-cpu	UNKNOWN STEP	2026-09-26T01:46:29.0514944Z tests/fast/utils/test_arguments.py::TestAddArgumentsSupport::test_skips_function_without_add_arguments[--custom-generate-function-path] PASSED [ 78%]
stage-a-cpu (1) / run-cpu	UNKNOWN STEP	2026-09-26T01:46:29.0540123Z tests/fast/utils/test_arguments.py::TestMaybeApplyDumperOverrides::test_noop_when_dumper_disabled PASSED [ 78%]
stage-a-cpu (1) / run-cpu	UNKNOWN STEP	2026-09-26T01:46:29.0569811Z tests/fast/utils/test_arguments.py::TestMaybeApplyDumperOverrides::test_disables_fault_tolerance_and_sglang_router_heartbeats PASSED [ 78%]
stage-a-cpu (1) / run-cpu	UNKNOWN STEP	2026-09-26T01:46:29.0596265Z tests/fast/utils/test_arguments.py::TestMaybeApplyDumperOverrides::test_no_healing_loop_survives_dumper_mode PASSED [ 79%]
stage-a-cpu (1) / run-cpu	UNKNOWN STEP	2026-09-26T01:46:29.0622283Z tests/fast/utils/test_arguments.py::TestMaybeApplyDumperOverrides::test_the_selected_ft_components_go_with_the_flag PASSED [ 79%]
stage-a-cpu (1) / run-cpu	UNKNOWN STEP	2026-09-26T01:46:29.0648063Z tests/fast/utils/test_arguments.py::TestMaybeApplyDumperOverrides::test_forces_single_rollout PASSED [ 79%]
stage-a-cpu (1) / run-cpu	UNKNOWN STEP	2026-09-26T01:46:29.0674679Z tests/fast/utils/test_arguments.py::TestMaybeApplyDumperOverrides::test_respects_start_rollout_id PASSED [ 79%]
stage-a-cpu (1) / run-cpu	UNKNOWN STEP	2026-09-26T01:46:29.0697903Z tests/fast/utils/test_arguments.py::test_fully_async_eval_resolves_to_the_producer_itself PASSED [ 79%]
stage-a-cpu (1) / run-cpu	UNKNOWN STEP	2026-09-26T01:46:29.0722904Z tests/fast/utils/test_arguments.py::test_naming_the_fully_async_class_enables_the_mode PASSED [ 79%]
stage-a-cpu (1) / run-cpu	UNKNOWN STEP	2026-09-26T01:46:29.0748832Z tests/fast/utils/test_arguments.py::test_naming_the_fully_async_class_enforces_the_mode_constraints PASSED [ 79%]
stage-a-cpu (1) / run-cpu	UNKNOWN STEP	2026-09-26T01:46:29.0773489Z tests/fast/utils/test_arguments.py::test_the_flag_and_a_matching_path_agree PASSED [ 79%]
stage-a-cpu (1) / run-cpu	UNKNOWN STEP	2026-09-26T01:46:29.0798058Z tests/fast/utils/test_arguments.py::test_the_flag_still_rejects_a_different_rollout_function PASSED [ 79%]
stage-a-cpu (1) / run-cpu	UNKNOWN STEP	2026-09-26T01:46:29.0822556Z tests/fast/utils/test_arguments.py::test_an_ordinary_rollout_function_path_stays_untouched PASSED [ 79%]
stage-a-cpu (1) / run-cpu	UNKNOWN STEP	2026-09-26T01:46:29.0847202Z tests/fast/utils/test_arguments.py::test_fully_async_rejects_abort_pause_mode PASSED [ 79%]
stage-a-cpu (1) / run-cpu	UNKNOWN STEP	2026-09-26T01:46:29.1369816Z tests/fast/utils/test_arguments.py::test_recompute_logprobs_via_prefill_flag_is_parsed PASSED [ 79%]
stage-a-cpu (1) / run-cpu	UNKNOWN STEP	2026-09-26T01:46:29.1877107Z tests/fast/utils/test_arguments.py::test_sampling_support_arguments_fail_closed[extra0---rollout-top-p must be in] PASSED [ 79%]
stage-a-cpu (1) / run-cpu	UNKNOWN STEP	2026-09-26T01:46:29.2387128Z tests/fast/utils/test_arguments.py::test_sampling_support_arguments_fail_closed[extra1---rollout-top-k must be -1 or at least 1] PASSED [ 79%]
stage-a-cpu (1) / run-cpu	UNKNOWN STEP	2026-09-26T01:46:29.2896023Z tests/fast/utils/test_arguments.py::test_sampling_support_arguments_fail_closed[extra2---rollout-top-p below 1 requires a positive --rollout-top-k] PASSED [ 79%]
stage-a-cpu (1) / run-cpu	UNKNOWN STEP	2026-09-26T01:46:29.3405217Z tests/fast/utils/test_arguments.py::test_sampling_support_arguments_fail_closed[extra3-sampling-support replay cannot be combined with --recompute-logprobs-via-prefill] PASSED [ 79%]
stage-a-cpu (1) / run-cpu	UNKNOWN STEP	2026-09-26T01:46:29.3912383Z tests/fast/utils/test_arguments.py::test_sampling_support_arguments_fail_closed[extra4-cannot currently be combined with reference KL or teacher distillation] PASSED [ 79%]
stage-a-cpu (1) / run-cpu	UNKNOWN STEP	2026-09-26T01:46:29.4416589Z tests/fast/utils/test_arguments.py::test_sampling_support_arguments_fail_closed[extra5-cannot currently be combined with reference KL or teacher distillation] PASSED [ 79%]
stage-a-cpu (1) / run-cpu	UNKNOWN STEP	2026-09-26T01:46:29.4921764Z tests/fast/utils/test_arguments.py::test_sampling_support_arguments_fail_closed[extra6-cannot currently be combined with reference KL or teacher distillation] PASSED [ 79%]
stage-a-cpu (1) / run-cpu	UNKNOWN STEP	2026-09-26T01:46:29.5437106Z tests/fast/utils/test_arguments.py::test_sampling_support_replay_is_derived_from_rollout_filters[sampling_args0-False] PASSED [ 79%]
stage-a-cpu (1) / run-cpu	UNKNOWN STEP	2026-09-26T01:46:29.5950752Z tests/fast/utils/test_arguments.py::test_sampling_support_replay_is_derived_from_rollout_filters[sampling_args1-True] PASSED [ 79%]
stage-a-cpu (1) / run-cpu	UNKNOWN STEP	2026-09-26T01:46:29.6469943Z tests/fast/utils/test_arguments.py::test_sampling_support_replay_is_derived_from_rollout_filters[sampling_args2-True] PASSED [ 79%]
stage-a-cpu (1) / run-cpu	UNKNOWN STEP	2026-09-26T01:46:29.6906603Z tests/fast/utils/test_arguments.py::test_sglang_parallel_sizes_keep_server_args_destinations PASSED [ 79%]
stage-a-cpu (1) / run-cpu	UNKNOWN STEP	2026-09-26T01:46:29.7336572Z tests/fast/utils/test_arguments.py::TestEvalSglangOverrides::test_unset_flags_produce_no_overrides PASSED [ 79%]
stage-a-cpu (1) / run-cpu	UNKNOWN STEP	2026-09-26T01:46:29.7773901Z tests/fast/utils/test_arguments.py::TestEvalSglangOverrides::test_set_flag_becomes_an_override_without_touching_the_base_family PASSED [ 79%]
stage-a-cpu (1) / run-cpu	UNKNOWN STEP	2026-09-26T01:46:29.8210290Z tests/fast/utils/test_arguments.py::TestEvalSglangOverrides::test_boolean_can_be_turned_back_off PASSED [ 79%]
stage-a-cpu (1) / run-cpu	UNKNOWN STEP	2026-09-26T01:46:29.8642233Z tests/fast/utils/test_arguments.py::TestEvalSglangOverrides::test_parallel_sizes_keep_server_args_destinations PASSED [ 79%]
stage-a-cpu (1) / run-cpu	UNKNOWN STEP	2026-09-26T01:46:29.9140554Z tests/fast/utils/test_arguments.py::TestEvalSglangOverrides::test_tp_size_is_not_exposed PASSED [ 79%]
stage-a-cpu (1) / run-cpu	UNKNOWN STEP	2026-09-26T01:46:29.9652275Z tests/fast/utils/test_arguments.py::test_custom_megatron_post_save_hook_path_is_parsed PASSED [ 79%]
stage-a-cpu (1) / run-cpu	UNKNOWN STEP	2026-09-26T01:46:30.0173157Z tests/fast/utils/test_arguments.py::test_custom_megatron_post_save_hook_path_requires_save PASSED [ 79%]
stage-a-cpu (1) / run-cpu	UNKNOWN STEP	2026-09-26T01:46:30.0688067Z tests/fast/utils/test_arguments.py::test_dynamic_global_batch_size_requires_dynamic_batch_size PASSED [ 79%]
stage-a-cpu (1) / run-cpu	UNKNOWN STEP	2026-09-26T01:46:30.1210118Z tests/fast/utils/test_arguments.py::test_shared_actor_critic_ppo_rejects_indep_dp PASSED [ 79%]
stage-a-cpu (1) / run-cpu	UNKNOWN STEP	2026-09-26T01:46:30.1726053Z tests/fast/utils/test_arguments.py::test_rollout_fault_tolerance_rejects_a_dedicated_eval_fleet PASSED [ 80%]
stage-a-cpu (1) / run-cpu	UNKNOWN STEP	2026-09-26T01:46:30.2258685Z tests/fast/utils/test_arguments.py::TestFaultToleranceResolutionOrder::test_the_config_file_can_turn_fault_tolerance_off PASSED [ 80%]
stage-a-cpu (1) / run-cpu	UNKNOWN STEP	2026-09-26T01:46:30.2792217Z tests/fast/utils/test_arguments.py::TestFaultToleranceResolutionOrder::test_the_config_file_can_turn_fault_tolerance_on PASSED [ 80%]
stage-a-cpu (1) / run-cpu	UNKNOWN STEP	2026-09-26T01:46:30.3332944Z tests/fast/utils/test_arguments.py::TestFaultToleranceResolutionOrder::test_the_config_file_can_select_the_train_component PASSED [ 80%]
stage-a-cpu (1) / run-cpu	UNKNOWN STEP	2026-09-26T01:46:30.3863910Z tests/fast/utils/test_arguments.py::TestFaultToleranceResolutionOrder::test_the_config_file_can_cancel_the_train_component PASSED [ 80%]
stage-a-cpu (1) / run-cpu	UNKNOWN STEP	2026-09-26T01:46:30.4415061Z tests/fast/utils/test_arguments.py::TestFaultToleranceResolutionOrder::test_the_config_file_keeps_an_explicit_api_server_port PASSED [ 80%]
stage-a-cpu (1) / run-cpu	UNKNOWN STEP	2026-09-26T01:46:30.4958094Z tests/fast/utils/test_arguments.py::TestCustomConfigAppliedBeforeDerivedArgs::test_a_dashboard_switched_on_by_the_config_file_is_still_checked PASSED [ 80%]
stage-a-cpu (1) / run-cpu	UNKNOWN STEP	2026-09-26T01:46:30.5500814Z tests/fast/utils/test_arguments.py::TestCustomConfigAppliedBeforeDerivedArgs::test_a_dashboard_switched_off_by_the_config_file_drops_its_requirement PASSED [ 80%]
stage-a-cpu (1) / run-cpu	UNKNOWN STEP	2026-09-26T01:46:30.6049801Z tests/fast/utils/test_arguments.py::TestCustomConfigAppliedBeforeDerivedArgs::test_eval_prompt_data_from_the_config_file_is_expanded_into_datasets PASSED [ 80%]
stage-a-cpu (1) / run-cpu	UNKNOWN STEP	2026-09-26T01:46:30.6588036Z tests/fast/utils/test_arguments.py::test_stream_optimizer_state_to_disk_rejects_fault_tolerant_training PASSED [ 80%]
stage-a-cpu (1) / run-cpu	UNKNOWN STEP	2026-09-26T01:46:30.7121232Z tests/fast/utils/test_arguments.py::TestCriticSaveDerivation::test_derives_sibling_dir_from_save PASSED [ 80%]
stage-a-cpu (1) / run-cpu	UNKNOWN STEP	2026-09-26T01:46:30.7652509Z tests/fast/utils/test_arguments.py::TestCriticSaveDerivation::test_trailing_slash_is_stripped PASSED [ 80%]
stage-a-cpu (1) / run-cpu	UNKNOWN STEP	2026-09-26T01:46:30.8182765Z tests/fast/utils/test_arguments.py::TestCriticSaveDerivation::test_explicit_critic_save_is_respected PASSED [ 80%]
stage-a-cpu (1) / run-cpu	UNKNOWN STEP	2026-09-26T01:46:30.8712579Z tests/fast/utils/test_arguments.py::TestCriticSaveDerivation::test_stays_none_without_save PASSED [ 80%]
stage-a-cpu (1) / run-cpu	UNKNOWN STEP	2026-09-26T01:46:30.9241288Z tests/fast/utils/test_arguments.py::TestSessionServerV2Validation::test_rejects_unsupported_list_consumers[extra0---group-rm] PASSED [ 80%]
stage-a-cpu (1) / run-cpu	UNKNOWN STEP	2026-09-26T01:46:30.9772623Z tests/fast/utils/test_arguments.py::TestSessionServerV2Validation::test_rejects_unsupported_list_consumers[extra1---recompute-logprobs-via-prefill] PASSED [ 80%]
stage-a-cpu (1) / run-cpu	UNKNOWN STEP	2026-09-26T01:46:31.0309894Z tests/fast/utils/test_arguments.py::TestSessionServerScalingArguments::test_defaults_to_32_instances_and_an_auto_port PASSED [ 80%]
stage-a-cpu (1) / run-cpu	UNKNOWN STEP	2026-09-26T01:46:31.0851595Z tests/fast/utils/test_arguments.py::TestSessionServerScalingArguments::test_parses_starting_port_and_instance_count PASSED [ 80%]
stage-a-cpu (1) / run-cpu	UNKNOWN STEP	2026-09-26T01:46:31.1481700Z tests/fast/utils/test_arguments.py::TestSessionServerScalingArguments::test_rejects_the_removed_end_port_form PASSED [ 80%]
stage-a-cpu (1) / run-cpu	UNKNOWN STEP	2026-09-26T01:46:31.2003942Z tests/fast/utils/test_arguments.py::TestSessionMessageMatcherArgument::test_defaults_to_strict PASSED [ 80%]
stage-a-cpu (1) / run-cpu	UNKNOWN STEP	2026-09-26T01:46:31.2536109Z tests/fast/utils/test_arguments.py::TestSessionMessageMatcherArgument::test_preserves_selector_without_importing[strict] PASSED [ 80%]
stage-a-cpu (1) / run-cpu	UNKNOWN STEP	2026-09-26T01:46:31.3069970Z tests/fast/utils/test_arguments.py::TestSessionMessageMatcherArgument::test_preserves_selector_without_importing[loose_tool_call] PASSED [ 80%]
stage-a-cpu (1) / run-cpu	UNKNOWN STEP	2026-09-26T01:46:31.3609894Z tests/fast/utils/test_arguments.py::TestSessionMessageMatcherArgument::test_preserves_selector_without_importing[role_content_only] PASSED [ 80%]
stage-a-cpu (1) / run-cpu	UNKNOWN STEP	2026-09-26T01:46:31.4131925Z tests/fast/utils/test_arguments.py::TestSessionMessageMatcherArgument::test_preserves_selector_without_importing[not_installed.matchers.same_message] PASSED [ 80%]
stage-a-cpu (1) / run-cpu	UNKNOWN STEP	2026-09-26T01:46:31.4663969Z tests/fast/utils/test_arguments.py::TestSessionServerPauseGenerationMode::test_session_server_accepts_abort[False] PASSED [ 80%]
stage-a-cpu (1) / run-cpu	UNKNOWN STEP	2026-09-26T01:46:31.5191476Z tests/fast/utils/test_arguments.py::TestSessionServerPauseGenerationMode::test_session_server_accepts_abort[True] PASSED [ 80%]
stage-a-cpu (1) / run-cpu	UNKNOWN STEP	2026-09-26T01:46:31.5705105Z tests/fast/utils/test_arguments.py::TestSessionServerPauseGenerationMode::test_abort_without_session_server_passes PASSED [ 80%]
stage-a-cpu (1) / run-cpu	UNKNOWN STEP	2026-09-26T01:46:31.6222469Z tests/fast/utils/test_arguments.py::TestSessionServerPauseGenerationMode::test_session_server_accepts_non_abort_modes[retract] PASSED [ 80%]
stage-a-cpu (1) / run-cpu	UNKNOWN STEP	2026-09-26T01:46:31.6733132Z tests/fast/utils/test_arguments.py::TestSessionServerPauseGenerationMode::test_session_server_accepts_non_abort_modes[in_place] PASSED [ 80%]
stage-a-cpu (1) / run-cpu	UNKNOWN STEP	2026-09-26T01:46:31.7252037Z tests/fast/utils/test_arguments.py::TestSessionServerPauseGenerationMode::test_session_server_rejects_partial_rollout[session_server_args0] PASSED [ 80%]
stage-a-cpu (1) / run-cpu	UNKNOWN STEP	2026-09-26T01:46:31.7767628Z tests/fast/utils/test_arguments.py::TestSessionServerPauseGenerationMode::test_session_server_rejects_partial_rollout[session_server_args1] PASSED [ 80%]
stage-a-cpu (1) / run-cpu	UNKNOWN STEP	2026-09-26T01:46:31.8279729Z tests/fast/utils/test_arguments.py::TestSessionServerPauseGenerationMode::test_session_server_rejects_partial_rollout[session_server_args2] PASSED [ 80%]
stage-a-cpu (1) / run-cpu	UNKNOWN STEP	2026-09-26T01:46:32.4595801Z tests/fast/utils/test_arguments.py::TestSessionServerPauseGenerationMode::test_retract_r3_warning[extra0-True] PASSED [ 81%]
stage-a-cpu (1) / run-cpu	UNKNOWN STEP	2026-09-26T01:46:32.5107100Z tests/fast/utils/test_arguments.py::TestSessionServerPauseGenerationMode::test_retract_r3_warning[extra1-False] PASSED [ 81%]
stage-a-cpu (1) / run-cpu	UNKNOWN STEP	2026-09-26T01:46:32.5624881Z tests/fast/utils/test_arguments.py::TestSessionServerPauseGenerationMode::test_retract_r3_warning[extra2-False] PASSED [ 81%]
stage-a-cpu (1) / run-cpu	UNKNOWN STEP	2026-09-26T01:46:32.6146725Z tests/fast/utils/test_arguments.py::TestSessionServerPauseGenerationMode::test_retract_r3_warning[extra3-False] PASSED [ 81%]
stage-a-cpu (1) / run-cpu	UNKNOWN STEP	2026-09-26T01:46:32.6662792Z tests/fast/utils/test_arguments.py::TestSessionServerPauseGenerationMode::test_retract_r3_warning[extra4-False] PASSED [ 81%]
stage-a-cpu (1) / run-cpu	UNKNOWN STEP	2026-09-26T01:46:32.7182988Z tests/fast/utils/test_arguments.py::TestSnapshotEvalValidation::test_snapshot_eval_rejects_load_debug_rollout_data PASSED [ 81%]
stage-a-cpu (1) / run-cpu	UNKNOWN STEP	2026-09-26T01:46:32.7706076Z tests/fast/utils/test_arguments.py::TestSnapshotEvalValidation::test_train_only_snapshot_eval_needs_its_own_eval_function PASSED [ 81%]
stage-a-cpu (1) / run-cpu	UNKNOWN STEP	2026-09-26T01:46:32.8220336Z tests/fast/utils/test_arguments.py::TestSnapshotEvalValidation::test_train_only_leaves_no_rollout_gpus_even_under_colocate PASSED [ 81%]
stage-a-cpu (1) / run-cpu	UNKNOWN STEP	2026-09-26T01:46:32.8810680Z tests/fast/utils/test_arguments.py::TestTitoFixedTemplateConfiguration::test_removed_role_flag_is_rejected PASSED [ 81%]
stage-a-cpu (1) / run-cpu	UNKNOWN STEP	2026-09-26T01:46:32.9325899Z tests/fast/utils/test_arguments.py::TestTitoFixedTemplateConfiguration::test_warns_only_for_default_model_session[extra0-True] PASSED [ 81%]
stage-a-cpu (1) / run-cpu	UNKNOWN STEP	2026-09-26T01:46:32.9839834Z tests/fast/utils/test_arguments.py::TestTitoFixedTemplateConfiguration::test_warns_only_for_default_model_session[extra1-False] PASSED [ 81%]
stage-a-cpu (1) / run-cpu	UNKNOWN STEP	2026-09-26T01:46:33.0353398Z tests/fast/utils/test_arguments.py::TestTitoFixedTemplateConfiguration::test_warns_only_for_default_model_session[extra2-False] PASSED [ 81%]
stage-a-cpu (1) / run-cpu	UNKNOWN STEP	2026-09-26T01:46:33.0871175Z tests/fast/utils/test_arguments.py::TestTitoFixedTemplateConfiguration::test_named_family_requires_session_server PASSED [ 81%]
stage-a-cpu (1) / run-cpu	UNKNOWN STEP	2026-09-26T01:46:33.1392931Z tests/fast/utils/test_arguments.py::TestTitoFixedTemplateConfiguration::test_named_family_resolves_registered_template_and_kwargs PASSED [ 81%]
stage-a-cpu (1) / run-cpu	UNKNOWN STEP	2026-09-26T01:46:33.1911785Z tests/fast/utils/test_arguments.py::TestTitoFixedTemplateConfiguration::test_qwen35_and_qwen36_resolve_family_template[qwen35-qwen3.5_fixed.jinja] PASSED [ 81%]
stage-a-cpu (1) / run-cpu	UNKNOWN STEP	2026-09-26T01:46:33.2423134Z tests/fast/utils/test_arguments.py::TestTitoFixedTemplateConfiguration::test_qwen35_and_qwen36_resolve_family_template[qwen36-qwen3.6_fixed.jinja] PASSED [ 81%]
stage-a-cpu (1) / run-cpu	UNKNOWN STEP	2026-09-26T01:46:33.2934580Z tests/fast/utils/test_arguments.py::TestTitoFixedTemplateConfiguration::test_qwen38_families_resolve_default_template[None-qwen38small] PASSED [ 81%]
stage-a-cpu (1) / run-cpu	UNKNOWN STEP	2026-09-26T01:46:33.3447359Z tests/fast/utils/test_arguments.py::TestTitoFixedTemplateConfiguration::test_qwen38_families_resolve_default_template[None-qwen4exp] PASSED [ 81%]
stage-a-cpu (1) / run-cpu	UNKNOWN STEP	2026-09-26T01:46:33.3954531Z tests/fast/utils/test_arguments.py::TestTitoFixedTemplateConfiguration::test_qwen38_families_resolve_default_template[low-qwen38small] PASSED [ 81%]
stage-a-cpu (1) / run-cpu	UNKNOWN STEP	2026-09-26T01:46:33.4460979Z tests/fast/utils/test_arguments.py::TestTitoFixedTemplateConfiguration::test_qwen38_families_resolve_default_template[low-qwen4exp] PASSED [ 81%]
stage-a-cpu (1) / run-cpu	UNKNOWN STEP	2026-09-26T01:46:33.4972679Z tests/fast/utils/test_arguments.py::TestTitoFixedTemplateConfiguration::test_qwen38_families_resolve_default_template[medium-qwen38small] PASSED [ 81%]
stage-a-cpu (1) / run-cpu	UNKNOWN STEP	2026-09-26T01:46:33.5484516Z tests/fast/utils/test_arguments.py::TestTitoFixedTemplateConfiguration::test_qwen38_families_resolve_default_template[medium-qwen4exp] PASSED [ 81%]
stage-a-cpu (1) / run-cpu	UNKNOWN STEP	2026-09-26T01:46:33.5993042Z tests/fast/utils/test_arguments.py::TestTitoFixedTemplateConfiguration::test_qwen38_families_resolve_default_template[xhigh-qwen38small] PASSED [ 81%]
stage-a-cpu (1) / run-cpu	UNKNOWN STEP	2026-09-26T01:46:33.6500518Z tests/fast/utils/test_arguments.py::TestTitoFixedTemplateConfiguration::test_qwen38_families_resolve_default_template[xhigh-qwen4exp] PASSED [ 81%]
stage-a-cpu (1) / run-cpu	UNKNOWN STEP	2026-09-26T01:46:33.7005949Z tests/fast/utils/test_arguments.py::TestTitoFixedTemplateConfiguration::test_glm53_uses_native_template PASSED [ 81%]
stage-a-cpu (1) / run-cpu	UNKNOWN STEP	2026-09-26T01:46:33.7536186Z tests/fast/utils/test_arguments.py::TestTitoFixedTemplateConfiguration::test_glm53_fixed_thinking_overrides_launch_value PASSED [ 81%]
stage-a-cpu (1) / run-cpu	UNKNOWN STEP	2026-09-26T01:46:33.8056495Z tests/fast/utils/test_arguments.py::TestTitoFixedTemplateConfiguration::test_named_family_rejects_custom_template PASSED [ 81%]
stage-a-cpu (1) / run-cpu	UNKNOWN STEP	2026-09-26T01:46:33.8578703Z tests/fast/utils/test_arguments.py::TestTitoFixedTemplateConfiguration::test_named_family_fixed_kwargs_override_launch_values PASSED [ 81%]
stage-a-cpu (1) / run-cpu	UNKNOWN STEP	2026-09-26T01:46:33.9087003Z tests/fast/utils/test_arguments.py::TestTitoFixedTemplateConfiguration::test_named_family_accepts_same_registered_and_additional_kwargs PASSED [ 81%]
stage-a-cpu (1) / run-cpu	UNKNOWN STEP	2026-09-26T01:46:33.9610284Z tests/fast/utils/test_arguments.py::test_bridge_mode_accepts_critic PASSED [ 81%]
stage-a-cpu (1) / run-cpu	UNKNOWN STEP	2026-09-26T01:46:34.0130109Z tests/fast/utils/test_arguments.py::test_critic_is_accepted_on_the_only_trainer PASSED [ 81%]
stage-a-cpu (1) / run-cpu	UNKNOWN STEP	2026-09-26T01:46:34.0704215Z tests/fast/utils/test_arguments.py::test_critic_rejects_reward_level_kl PASSED [ 81%]
stage-a-cpu (1) / run-cpu	UNKNOWN STEP	2026-09-26T01:46:34.1223692Z tests/fast/utils/test_arguments.py::TestMultiLoRAValidation::test_hf_selection_does_not_resolve_through_bridge PASSED [ 82%]
stage-a-cpu (1) / run-cpu	UNKNOWN STEP	2026-09-26T01:46:34.1735967Z tests/fast/utils/test_arguments.py::TestMultiLoRAValidation::test_scoped_exclusion_resolves_without_bridge[o_proj,down_proj-model.layers.*.self_attn.o_proj] PASSED [ 82%]
stage-a-cpu (1) / run-cpu	UNKNOWN STEP	2026-09-26T01:46:34.2246783Z tests/fast/utils/test_arguments.py::TestMultiLoRAValidation::test_scoped_exclusion_resolves_without_bridge[o_proj,down_proj-model.layers.0.self_attn.o_proj] PASSED [ 82%]
stage-a-cpu (1) / run-cpu	UNKNOWN STEP	2026-09-26T01:46:34.2779211Z tests/fast/utils/test_arguments.py::TestMultiLoRAValidation::test_scoped_exclusion_resolves_without_bridge[attn,mlp-model.layers.*.self_attn.o_proj] PASSED [ 82%]
stage-a-cpu (1) / run-cpu	UNKNOWN STEP	2026-09-26T01:46:34.3299219Z tests/fast/utils/test_arguments.py::TestMultiLoRAValidation::test_scoped_exclusion_resolves_without_bridge[attn,mlp-model.layers.0.self_attn.o_proj] PASSED [ 82%]
stage-a-cpu (1) / run-cpu	UNKNOWN STEP	2026-09-26T01:46:34.3813132Z tests/fast/utils/test_arguments.py::TestMultiLoRAValidation::test_scoped_exclusion_resolves_without_bridge[all-linear-model.layers.*.self_attn.o_proj] PASSED [ 82%]
stage-a-cpu (1) / run-cpu	UNKNOWN STEP	2026-09-26T01:46:34.4341498Z tests/fast/utils/test_arguments.py::TestMultiLoRAValidation::test_scoped_exclusion_resolves_without_bridge[all-linear-model.layers.0.self_attn.o_proj] PASSED [ 82%]
stage-a-cpu (1) / run-cpu	UNKNOWN STEP	2026-09-26T01:46:34.4847461Z tests/fast/utils/test_arguments.py::TestMultiLoRAValidation::test_rejects_multiple_tokenizer_workers PASSED [ 82%]
stage-a-cpu (1) / run-cpu	UNKNOWN STEP	2026-09-26T01:46:34.5353615Z tests/fast/utils/test_arguments.py::TestMultiLoRAValidation::test_accepts_default_single_tokenizer_worker PASSED [ 82%]
stage-a-cpu (1) / run-cpu	UNKNOWN STEP	2026-09-26T01:46:34.6343931Z tests/fast/utils/test_arguments.py::TestMultiLoRAValidation::test_rejects_non_adam_optimizer PASSED [ 82%]
stage-a-cpu (1) / run-cpu	UNKNOWN STEP	2026-09-26T01:46:34.6872001Z tests/fast/utils/test_arguments.py::TestMultiLoRAValidation::test_is_accepted_on_the_only_trainer PASSED [ 82%]
stage-a-cpu (1) / run-cpu	UNKNOWN STEP	2026-09-26T01:46:34.7384609Z tests/fast/utils/test_arguments.py::TestMultiLoRAValidation::test_rejects_pipeline_parallelism PASSED [ 82%]
stage-a-cpu (1) / run-cpu	UNKNOWN STEP	2026-09-26T01:46:34.7900288Z tests/fast/utils/test_arguments.py::TestMultiLoRAValidation::test_rejects_bshd_qkv_format PASSED [ 82%]
stage-a-cpu (1) / run-cpu	UNKNOWN STEP	2026-09-26T01:46:34.8418182Z tests/fast/utils/test_arguments.py::TestMultiLoRAValidation::test_rejects_shared_outer_expert_loras PASSED [ 82%]
stage-a-cpu (1) / run-cpu	UNKNOWN STEP	2026-09-26T01:46:34.8933944Z tests/fast/utils/test_arguments.py::TestMultiLoRAValidation::test_accepts_expert_leaf_targets_without_expert_tp_flag PASSED [ 82%]
stage-a-cpu (1) / run-cpu	UNKNOWN STEP	2026-09-26T01:46:34.8966421Z tests/fast/utils/test_arguments.py::TestResolveFtComponents::test_disabled_with_no_components_returns_empty_without_warning PASSED [ 82%]
stage-a-cpu (1) / run-cpu	UNKNOWN STEP	2026-09-26T01:46:34.8997632Z tests/fast/utils/test_arguments.py::TestResolveFtComponents::test_disabled_with_components_returns_empty_and_warns PASSED [ 82%]
stage-a-cpu (1) / run-cpu	UNKNOWN STEP	2026-09-26T01:46:34.9022624Z tests/fast/utils/test_arguments.py::TestResolveFtComponents::test_enabled_with_no_components_returns_default PASSED [ 82%]
stage-a-cpu (1) / run-cpu	UNKNOWN STEP	2026-09-26T01:46:34.9046587Z tests/fast/utils/test_arguments.py::TestResolveFtComponents::test_enabled_with_components_returns_distinct_copy PASSED [ 82%]
stage-a-cpu (1) / run-cpu	UNKNOWN STEP	2026-09-26T01:46:34.9479772Z tests/fast/utils/test_arguments.py::test_sglang_parallel_sizes_use_short_namespace_fields[parallel_args0-expected0] PASSED [ 82%]
stage-a-cpu (1) / run-cpu	UNKNOWN STEP	2026-09-26T01:46:34.9912507Z tests/fast/utils/test_arguments.py::test_sglang_parallel_sizes_use_short_namespace_fields[parallel_args1-expected1] PASSED [ 82%]
stage-a-cpu (1) / run-cpu	UNKNOWN STEP	2026-09-26T01:46:35.0334673Z tests/fast/utils/test_arguments.py::test_sglang_parallel_sizes_use_short_namespace_fields[parallel_args2-expected2] PASSED [ 82%]
stage-a-cpu (1) / run-cpu	UNKNOWN STEP	2026-09-26T01:46:35.0764843Z tests/fast/utils/test_arguments.py::test_sglang_parallel_size_aliases_keep_last_value PASSED [ 82%]
stage-a-cpu (1) / run-cpu	UNKNOWN STEP	2026-09-26T01:46:35.0792025Z tests/fast/utils/test_arguments.py::TestValidateAsyncOffPolicyCorrection::test_ppo_without_correction_is_rejected PASSED [ 82%]
stage-a-cpu (1) / run-cpu	UNKNOWN STEP	2026-09-26T01:46:35.0817455Z tests/fast/utils/test_arguments.py::TestValidateAsyncOffPolicyCorrection::test_ppo_with_any_correction_passes[use_rollout_logprobs] PASSED [ 82%]
stage-a-cpu (1) / run-cpu	UNKNOWN STEP	2026-09-26T01:46:35.0843617Z tests/fast/utils/test_arguments.py::TestValidateAsyncOffPolicyCorrection::test_ppo_with_any_correction_passes[use_tis] PASSED [ 82%]
stage-a-cpu (1) / run-cpu	UNKNOWN STEP	2026-09-26T01:46:35.0870832Z tests/fast/utils/test_arguments.py::TestValidateAsyncOffPolicyCorrection::test_ppo_with_any_correction_passes[keep_old_actor] PASSED [ 82%]
stage-a-cpu (1) / run-cpu	UNKNOWN STEP	2026-09-26T01:46:35.0909104Z tests/fast/utils/test_arguments.py::TestValidateAsyncOffPolicyCorrection::test_non_ppo_estimators_are_unaffected PASSED [ 82%]
stage-a-cpu (1) / run-cpu	UNKNOWN STEP	2026-09-26T01:46:35.0924651Z tests/fast/utils/test_arguments.py::TestValidateRematerializeParamFromMasterWeight::test_valid_config_forces_no_param_buffer_cpu_backup PASSED [ 82%]
stage-a-cpu (1) / run-cpu	UNKNOWN STEP	2026-09-26T01:46:35.0948894Z tests/fast/utils/test_arguments.py::TestValidateRematerializeParamFromMasterWeight::test_accepts_precision_aware_with_cpu_offload PASSED [ 82%]
stage-a-cpu (1) / run-cpu	UNKNOWN STEP	2026-09-26T01:46:35.0973147Z tests/fast/utils/test_arguments.py::TestValidateRematerializeParamFromMasterWeight::test_ci_test_auto_enables_the_check PASSED [ 82%]
stage-a-cpu (1) / run-cpu	UNKNOWN STEP	2026-09-26T01:46:35.0997244Z tests/fast/utils/test_arguments.py::TestValidateRematerializeParamFromMasterWeight::test_check_stays_off_outside_ci PASSED [ 82%]
stage-a-cpu (1) / run-cpu	UNKNOWN STEP	2026-09-26T01:46:35.1021658Z tests/fast/utils/test_arguments.py::TestValidateRematerializeParamFromMasterWeight::test_accepts_ref_and_teacher_tags PASSED [ 83%]
stage-a-cpu (1) / run-cpu	UNKNOWN STEP	2026-09-26T01:46:35.1044397Z tests/fast/utils/test_arguments.py::TestValidateRematerializeParamFromMasterWeight::test_debug_train_only_silently_disables PASSED [ 83%]
stage-a-cpu (1) / run-cpu	UNKNOWN STEP	2026-09-26T01:46:35.1066915Z tests/fast/utils/test_arguments.py::TestValidateRematerializeParamFromMasterWeight::test_noop_when_disabled PASSED [ 83%]
stage-a-cpu (1) / run-cpu	UNKNOWN STEP	2026-09-26T01:46:35.1091814Z tests/fast/utils/test_arguments.py::TestValidateRematerializeParamFromMasterWeight::test_rejects_unsupported_config[overrides0] PASSED [ 83%]
stage-a-cpu (1) / run-cpu	UNKNOWN STEP	2026-09-26T01:46:35.1116481Z tests/fast/utils/test_arguments.py::TestValidateRematerializeParamFromMasterWeight::test_rejects_unsupported_config[overrides1] PASSED [ 83%]
stage-a-cpu (1) / run-cpu	UNKNOWN STEP	2026-09-26T01:46:35.1140565Z tests/fast/utils/test_arguments.py::TestValidateRematerializeParamFromMasterWeight::test_rejects_unsupported_config[overrides2] PASSED [ 83%]
stage-a-cpu (1) / run-cpu	UNKNOWN STEP	2026-09-26T01:46:35.1165731Z tests/fast/utils/test_arguments.py::TestValidateRematerializeParamFromMasterWeight::test_rejects_unsupported_config[overrides3] PASSED [ 83%]
stage-a-cpu (1) / run-cpu	UNKNOWN STEP	2026-09-26T01:46:35.1189965Z tests/fast/utils/test_arguments.py::TestValidateRematerializeParamFromMasterWeight::test_rejects_unsupported_config[overrides4] PASSED [ 83%]
stage-a-cpu (1) / run-cpu	UNKNOWN STEP	2026-09-26T01:46:35.1219427Z tests/fast/utils/test_arguments.py::TestValidateRematerializeParamFromMasterWeight::test_rejects_unsupported_config[overrides5] PASSED [ 83%]
stage-a-cpu (1) / run-cpu	UNKNOWN STEP	2026-09-26T01:46:35.1241998Z tests/fast/utils/test_arguments.py::TestValidateRematerializeParamFromMasterWeight::test_rejects_unsupported_config[overrides6] PASSED [ 83%]
stage-a-cpu (1) / run-cpu	UNKNOWN STEP	2026-09-26T01:46:35.1266622Z tests/fast/utils/test_arguments.py::TestValidateRematerializeParamFromMasterWeight::test_rejects_unsupported_config[overrides7] PASSED [ 83%]
stage-a-cpu (1) / run-cpu	UNKNOWN STEP	2026-09-26T01:46:35.1291492Z tests/fast/utils/test_arguments.py::TestValidateRematerializeParamFromMasterWeight::test_rejects_unsupported_config[overrides8] PASSED [ 83%]
stage-a-cpu (1) / run-cpu	UNKNOWN STEP	2026-09-26T01:46:35.1316380Z tests/fast/utils/test_arguments.py::TestValidateRematerializeParamFromMasterWeight::test_rejects_unsupported_config[overrides9] PASSED [ 83%]
stage-a-cpu (1) / run-cpu	UNKNOWN STEP	2026-09-26T01:46:35.1340925Z tests/fast/utils/test_arguments.py::TestValidateRematerializeParamFromMasterWeight::test_rejects_unsupported_config[overrides10] PASSED [ 83%]
stage-a-cpu (1) / run-cpu	UNKNOWN STEP	2026-09-26T01:46:35.1365556Z tests/fast/utils/test_arguments.py::TestValidateRematerializeParamFromMasterWeight::test_rejects_unsupported_config[overrides11] PASSED [ 83%]
stage-a-cpu (1) / run-cpu	UNKNOWN STEP	2026-09-26T01:46:35.1389715Z tests/fast/utils/test_arguments.py::TestValidateRematerializeParamFromMasterWeight::test_rejects_unsupported_config[overrides12] PASSED [ 83%]
stage-a-cpu (1) / run-cpu	UNKNOWN STEP	2026-09-26T01:46:35.1414027Z tests/fast/utils/test_arguments.py::TestValidateRematerializeParamFromMasterWeight::test_rejects_unsupported_config[overrides13] PASSED [ 83%]
stage-a-cpu (1) / run-cpu	UNKNOWN STEP	2026-09-26T01:46:35.1438203Z tests/fast/utils/test_arguments.py::TestValidateRematerializeParamFromMasterWeight::test_backend_is_checked_before_megatron_only_args PASSED [ 83%]
stage-a-cpu (1) / run-cpu	UNKNOWN STEP	2026-09-26T01:46:35.1948189Z tests/fast/utils/test_arguments.py::test_skip_actor_forward_only_flag_is_parsed[extra_args0-False] PASSED [ 83%]
stage-a-cpu (1) / run-cpu	UNKNOWN STEP	2026-09-26T01:46:35.2446799Z tests/fast/utils/test_arguments.py::test_skip_actor_forward_only_flag_is_parsed[extra_args1-True] PASSED [ 83%]
stage-a-cpu (1) / run-cpu	UNKNOWN STEP	2026-09-26T01:46:35.2949006Z tests/fast/utils/test_arguments.py::test_skip_actor_forward_only_is_gated_during_miles_validation PASSED [ 83%]
stage-a-cpu (1) / run-cpu	UNKNOWN STEP	2026-09-26T01:46:35.2973835Z tests/fast/utils/test_arguments.py::TestValidateSkipActorForwardOnly::test_valid_single_step_configuration_passes PASSED [ 83%]
stage-a-cpu (1) / run-cpu	UNKNOWN STEP	2026-09-26T01:46:35.2997437Z tests/fast/utils/test_arguments.py::TestValidateSkipActorForwardOnly::test_zero_moe_input_jitter_passes PASSED [ 83%]
stage-a-cpu (1) / run-cpu	UNKNOWN STEP	2026-09-26T01:46:35.3021673Z tests/fast/utils/test_arguments.py::TestValidateSkipActorForwardOnly::test_tis_configuration_passes PASSED [ 83%]
stage-a-cpu (1) / run-cpu	UNKNOWN STEP	2026-09-26T01:46:35.3046685Z tests/fast/utils/test_arguments.py::TestValidateSkipActorForwardOnly::test_rollout_logprobs_configuration_passes PASSED [ 83%]
stage-a-cpu (1) / run-cpu	UNKNOWN STEP	2026-09-26T01:46:35.3070802Z tests/fast/utils/test_arguments.py::TestValidateSkipActorForwardOnly::test_rollout_logprobs_with_mismatch_metrics_passes PASSED [ 83%]
stage-a-cpu (1) / run-cpu	UNKNOWN STEP	2026-09-26T01:46:35.3095891Z tests/fast/utils/test_arguments.py::TestValidateSkipActorForwardOnly::test_dumper_configuration_passes[overrides0] PASSED [ 83%]
stage-a-cpu (1) / run-cpu	UNKNOWN STEP	2026-09-26T01:46:35.3120951Z tests/fast/utils/test_arguments.py::TestValidateSkipActorForwardOnly::test_dumper_configuration_passes[overrides1] PASSED [ 83%]
stage-a-cpu (1) / run-cpu	UNKNOWN STEP	2026-09-26T01:46:35.3145434Z tests/fast/utils/test_arguments.py::TestValidateSkipActorForwardOnly::test_dumper_configuration_passes[overrides2] PASSED [ 83%]
stage-a-cpu (1) / run-cpu	UNKNOWN STEP	2026-09-26T01:46:35.3169916Z tests/fast/utils/test_arguments.py::TestValidateSkipActorForwardOnly::test_dumper_configuration_passes[overrides3] PASSED [ 83%]
stage-a-cpu (1) / run-cpu	UNKNOWN STEP	2026-09-26T01:46:35.3194937Z tests/fast/utils/test_arguments.py::TestValidateSkipActorForwardOnly::test_dumper_configuration_passes[overrides4] PASSED [ 83%]
stage-a-cpu (1) / run-cpu	UNKNOWN STEP	2026-09-26T01:46:35.3219873Z tests/fast/utils/test_arguments.py::TestValidateSkipActorForwardOnly::test_incompatible_configuration_is_rejected[overrides0] PASSED [ 83%]
stage-a-cpu (1) / run-cpu	UNKNOWN STEP	2026-09-26T01:46:35.3245867Z tests/fast/utils/test_arguments.py::TestValidateSkipActorForwardOnly::test_incompatible_configuration_is_rejected[overrides1] PASSED [ 84%]
stage-a-cpu (1) / run-cpu	UNKNOWN STEP	2026-09-26T01:46:35.3271373Z tests/fast/utils/test_arguments.py::TestValidateSkipActorForwardOnly::test_incompatible_configuration_is_rejected[overrides2] PASSED [ 84%]
stage-a-cpu (1) / run-cpu	UNKNOWN STEP	2026-09-26T01:46:35.3296488Z tests/fast/utils/test_arguments.py::TestValidateSkipActorForwardOnly::test_incompatible_configuration_is_rejected[overrides3] PASSED [ 84%]
stage-a-cpu (1) / run-cpu	UNKNOWN STEP	2026-09-26T01:46:35.3321928Z tests/fast/utils/test_arguments.py::TestValidateSkipActorForwardOnly::test_incompatible_configuration_is_rejected[overrides4] PASSED [ 84%]
stage-a-cpu (1) / run-cpu	UNKNOWN STEP	2026-09-26T01:46:35.3346987Z tests/fast/utils/test_arguments.py::TestValidateSkipActorForwardOnly::test_incompatible_configuration_is_rejected[overrides5] PASSED [ 84%]
stage-a-cpu (1) / run-cpu	UNKNOWN STEP	2026-09-26T01:46:35.3372700Z tests/fast/utils/test_arguments.py::TestValidateSkipActorForwardOnly::test_incompatible_configuration_is_rejected[overrides6] PASSED [ 84%]
stage-a-cpu (1) / run-cpu	UNKNOWN STEP	2026-09-26T01:46:35.3397745Z tests/fast/utils/test_arguments.py::TestValidateSkipActorForwardOnly::test_incompatible_configuration_is_rejected[overrides7] PASSED [ 84%]
stage-a-cpu (1) / run-cpu	UNKNOWN STEP	2026-09-26T01:46:35.3423022Z tests/fast/utils/test_arguments.py::TestValidateSkipActorForwardOnly::test_incompatible_configuration_is_rejected[overrides8] PASSED [ 84%]
stage-a-cpu (1) / run-cpu	UNKNOWN STEP	2026-09-26T01:46:35.3448051Z tests/fast/utils/test_arguments.py::TestValidateSkipActorForwardOnly::test_incompatible_configuration_is_rejected[overrides9] PASSED [ 84%]
stage-a-cpu (1) / run-cpu	UNKNOWN STEP	2026-09-26T01:46:35.3473610Z tests/fast/utils/test_arguments.py::TestValidateSkipActorForwardOnly::test_incompatible_configuration_is_rejected[overrides10] PASSED [ 84%]
stage-a-cpu (1) / run-cpu	UNKNOWN STEP	2026-09-26T01:46:35.3498866Z tests/fast/utils/test_arguments.py::TestValidateSkipActorForwardOnly::test_incompatible_configuration_is_rejected[overrides11] PASSED [ 84%]
stage-a-cpu (1) / run-cpu	UNKNOWN STEP	2026-09-26T01:46:35.3524378Z tests/fast/utils/test_arguments.py::TestValidateSkipActorForwardOnly::test_incompatible_configuration_is_rejected[overrides12] PASSED [ 84%]
stage-a-cpu (1) / run-cpu	UNKNOWN STEP	2026-09-26T01:46:35.3549135Z tests/fast/utils/test_arguments.py::TestValidateSkipActorForwardOnly::test_incompatible_configuration_is_rejected[overrides13] PASSED [ 84%]
stage-a-cpu (1) / run-cpu	UNKNOWN STEP	2026-09-26T01:46:35.3573954Z tests/fast/utils/test_arguments.py::TestValidateSkipActorForwardOnly::test_incompatible_configuration_is_rejected[overrides14] PASSED [ 84%]
stage-a-cpu (1) / run-cpu	UNKNOWN STEP	2026-09-26T01:46:35.3598690Z tests/fast/utils/test_arguments.py::TestValidateSkipActorForwardOnly::test_incompatible_configuration_is_rejected[overrides15] PASSED [ 84%]
stage-a-cpu (1) / run-cpu	UNKNOWN STEP	2026-09-26T01:46:35.3623308Z tests/fast/utils/test_arguments.py::TestValidateSkipActorForwardOnly::test_incompatible_configuration_is_rejected[overrides16] PASSED [ 84%]
stage-a-cpu (1) / run-cpu	UNKNOWN STEP	2026-09-26T01:46:35.3647631Z tests/fast/utils/test_arguments.py::TestValidateSkipActorForwardOnly::test_incompatible_configuration_is_rejected[overrides17] PASSED [ 84%]
stage-a-cpu (1) / run-cpu	UNKNOWN STEP	2026-09-26T01:46:35.3673560Z tests/fast/utils/test_arguments.py::TestValidateSkipActorForwardOnly::test_incompatible_configuration_is_rejected[overrides18] PASSED [ 84%]
stage-a-cpu (1) / run-cpu	UNKNOWN STEP	2026-09-26T01:46:35.3698480Z tests/fast/utils/test_arguments.py::TestValidateSkipActorForwardOnly::test_incompatible_configuration_is_rejected[overrides19] PASSED [ 84%]
stage-a-cpu (1) / run-cpu	UNKNOWN STEP	2026-09-26T01:46:35.3724069Z tests/fast/utils/test_arguments.py::TestValidateSkipActorForwardOnly::test_incompatible_configuration_is_rejected[overrides20] PASSED [ 84%]
stage-a-cpu (1) / run-cpu	UNKNOWN STEP	2026-09-26T01:46:35.3748498Z tests/fast/utils/test_arguments.py::TestValidateSkipActorForwardOnly::test_incompatible_configuration_is_rejected[overrides21] PASSED [ 84%]
stage-a-cpu (1) / run-cpu	UNKNOWN STEP	2026-09-26T01:46:35.3775103Z tests/fast/utils/test_arguments.py::TestValidateSkipActorForwardOnly::test_incompatible_configuration_is_rejected[overrides22] PASSED [ 84%]
stage-a-cpu (1) / run-cpu	UNKNOWN STEP	2026-09-26T01:46:35.3799786Z tests/fast/utils/test_arguments.py::TestValidateSkipActorForwardOnly::test_incompatible_configuration_is_rejected[overrides23] PASSED [ 84%]
stage-a-cpu (1) / run-cpu	UNKNOWN STEP	2026-09-26T01:46:35.3824267Z tests/fast/utils/test_arguments.py::TestValidateSkipActorForwardOnly::test_incompatible_configuration_is_rejected[overrides24] PASSED [ 84%]
stage-a-cpu (1) / run-cpu	UNKNOWN STEP	2026-09-26T01:46:35.3849054Z tests/fast/utils/test_arguments.py::TestValidateSkipActorForwardOnly::test_incompatible_configuration_is_rejected[overrides25] PASSED [ 84%]
stage-a-cpu (1) / run-cpu	UNKNOWN STEP	2026-09-26T01:46:35.3874965Z tests/fast/utils/test_arguments.py::TestValidateSkipActorForwardOnly::test_rollout_replay_is_compatible[use_routing_replay-use_rollout_routing_replay] PASSED [ 84%]
stage-a-cpu (1) / run-cpu	UNKNOWN STEP	2026-09-26T01:46:35.3901263Z tests/fast/utils/test_arguments.py::TestValidateSkipActorForwardOnly::test_rollout_replay_is_compatible[use_indexer_replay-use_rollout_indexer_replay] PASSED [ 84%]
stage-a-cpu (1) / run-cpu	UNKNOWN STEP	2026-09-26T01:46:35.3924622Z tests/fast/utils/test_arguments.py::TestValidateSkipActorForwardOnly::test_dynamic_global_batch_size_defers_step_count_to_runtime PASSED [ 84%]
stage-a-cpu (1) / run-cpu	UNKNOWN STEP	2026-09-26T01:46:35.4442107Z tests/fast/utils/test_arguments.py::TestRunUuidResolution::test_unset_run_uuid_is_generated PASSED [ 84%]
stage-a-cpu (1) / run-cpu	UNKNOWN STEP	2026-09-26T01:46:35.5429803Z tests/fast/utils/test_arguments.py::TestRunUuidResolution::test_two_launches_do_not_share_a_run_uuid PASSED [ 84%]
stage-a-cpu (1) / run-cpu	UNKNOWN STEP	2026-09-26T01:46:35.5945637Z tests/fast/utils/test_arguments.py::TestRunUuidResolution::test_an_explicit_run_uuid_is_kept PASSED [ 84%]
stage-a-cpu (1) / run-cpu	UNKNOWN STEP	2026-09-26T01:46:35.6470963Z tests/fast/utils/test_arguments.py::TestRunUuidResolution::test_a_run_uuid_from_the_custom_config_file_is_validated_too PASSED [ 84%]
stage-a-cpu (1) / run-cpu	UNKNOWN STEP	2026-09-26T01:46:35.6995227Z tests/fast/utils/test_arguments.py::TestRunUuidResolution::test_a_run_uuid_blanked_by_the_custom_config_file_is_regenerated PASSED [ 85%]
stage-a-cpu (1) / run-cpu	UNKNOWN STEP	2026-09-26T01:46:35.7502518Z tests/fast/utils/test_arguments.py::TestRunUuidResolution::test_a_malformed_explicit_run_uuid_fails_at_launch PASSED [ 85%]
stage-a-cpu (1) / run-cpu	UNKNOWN STEP	2026-09-26T01:46:35.8015113Z tests/fast/utils/test_arguments.py::TestRolloutHealthCheckArguments::test_the_rollout_defaults_survive_the_move_onto_the_shared_config PASSED [ 85%]
stage-a-cpu (1) / run-cpu	UNKNOWN STEP	2026-09-26T01:46:35.8525634Z tests/fast/utils/test_arguments.py::TestRolloutHealthCheckArguments::test_the_first_wait_grace_period_is_still_tunable PASSED [ 85%]
stage-a-cpu (1) / run-cpu	UNKNOWN STEP	2026-09-26T01:46:35.9037824Z tests/fast/utils/test_arguments.py::TestRolloutHealthCheckArguments::test_the_resolved_rollout_config_matches_the_parsed_arguments PASSED [ 85%]
stage-a-cpu (1) / run-cpu	UNKNOWN STEP	2026-09-26T01:46:35.9545663Z tests/fast/utils/test_arguments.py::TestRolloutHealthCheckArguments::test_a_rollout_cell_is_reported_unhealthy_on_the_very_first_failed_probe PASSED [ 85%]
stage-a-cpu (1) / run-cpu	UNKNOWN STEP	2026-09-26T01:46:36.0056200Z tests/fast/utils/test_arguments.py::TestRolloutHealthCheckArguments::test_a_tuned_rollout_debounce_reaches_the_shared_config PASSED [ 85%]
stage-a-cpu (1) / run-cpu	UNKNOWN STEP	2026-09-26T01:46:36.0566085Z tests/fast/utils/test_arguments.py::TestRolloutHealthCheckArguments::test_the_trainer_heartbeat_keeps_its_own_debounce PASSED [ 85%]
stage-a-cpu (1) / run-cpu	UNKNOWN STEP	2026-09-26T01:46:36.1083592Z tests/fast/utils/test_arguments.py::TestMiniFtControllerArguments::test_fault_tolerance_alone_turns_the_healing_loop_on PASSED [ 85%]
stage-a-cpu (1) / run-cpu	UNKNOWN STEP	2026-09-26T01:46:36.1601945Z tests/fast/utils/test_arguments.py::TestMiniFtControllerArguments::test_the_negative_flag_turns_the_healing_loop_back_off PASSED [ 85%]
stage-a-cpu (1) / run-cpu	UNKNOWN STEP	2026-09-26T01:46:36.2114342Z tests/fast/utils/test_arguments.py::TestMiniFtControllerArguments::test_asking_for_the_loop_without_a_port_is_rejected_at_launch PASSED [ 85%]
stage-a-cpu (1) / run-cpu	UNKNOWN STEP	2026-09-26T01:46:36.2627659Z tests/fast/utils/test_arguments.py::TestSessionServerArguments::test_the_instance_count_and_base_port_come_from_the_flags PASSED [ 85%]
stage-a-cpu (1) / run-cpu	UNKNOWN STEP	2026-09-26T01:46:36.3138197Z tests/fast/utils/test_arguments.py::TestSessionServerArguments::test_an_unset_base_port_leaves_the_default_instances_dynamically_placed PASSED [ 85%]
stage-a-cpu (1) / run-cpu	UNKNOWN STEP	2026-09-26T01:46:36.3163679Z tests/fast/utils/test_command_utils.py::TestExecuteTrainConfig::test_num_nodes_reads_the_slurm_allocation_when_the_config_is_built PASSED [ 85%]
stage-a-cpu (1) / run-cpu	UNKNOWN STEP	2026-09-26T01:46:36.3204319Z tests/fast/utils/test_command_utils.py::TestConvertCheckpoint::test_preserves_source_paths_on_the_pythonpath PASSED [ 85%]
stage-a-cpu (1) / run-cpu	UNKNOWN STEP	2026-09-26T01:46:36.3243496Z tests/fast/utils/test_command_utils.py::TestConvertCheckpoint::test_defaults_the_hf_checkpoint_to_the_model_name PASSED [ 85%]
stage-a-cpu (1) / run-cpu	UNKNOWN STEP	2026-09-26T01:46:36.3282921Z tests/fast/utils/test_command_utils.py::TestConvertCheckpoint::test_an_explicit_hf_checkpoint_wins_over_the_default PASSED [ 85%]
stage-a-cpu (1) / run-cpu	UNKNOWN STEP	2026-09-26T01:46:36.3323616Z tests/fast/utils/test_command_utils.py::TestConvertCheckpoint::test_skips_an_already_released_destination PASSED [ 85%]
stage-a-cpu (1) / run-cpu	UNKNOWN STEP	2026-09-26T01:46:36.3364296Z tests/fast/utils/test_command_utils.py::TestConvertCheckpoint::test_reruns_when_the_tracker_holds_an_iteration PASSED [ 85%]
stage-a-cpu (1) / run-cpu	UNKNOWN STEP	2026-09-26T01:46:36.3403523Z tests/fast/utils/test_command_utils.py::TestConvertCheckpoint::test_multinode_uses_torchrun_rendezvous_placeholders PASSED [ 85%]
stage-a-cpu (1) / run-cpu	UNKNOWN STEP	2026-09-26T01:46:36.3442177Z tests/fast/utils/test_command_utils.py::TestConvertCheckpoint::test_single_node_omits_the_rendezvous_placeholders PASSED [ 85%]
stage-a-cpu (1) / run-cpu	UNKNOWN STEP	2026-09-26T01:46:36.3466210Z tests/fast/utils/test_command_utils.py::TestRsyncSimple::test_limits_itself_to_the_requested_node_count PASSED [ 85%]
stage-a-cpu (1) / run-cpu	UNKNOWN STEP	2026-09-26T01:46:36.3491436Z tests/fast/utils/test_command_utils.py::TestRsyncSimple::test_creates_the_destination_before_copying PASSED [ 85%]
stage-a-cpu (1) / run-cpu	UNKNOWN STEP	2026-09-26T01:46:36.3516214Z tests/fast/utils/test_command_utils.py::TestHfDownloadDataset::test_strips_the_namespace_from_the_local_dir PASSED [ 85%]
stage-a-cpu (1) / run-cpu	UNKNOWN STEP	2026-09-26T01:46:36.3554417Z tests/fast/utils/test_command_utils.py::TestFp8CastBf16::test_skips_when_the_output_index_already_exists PASSED [ 85%]
stage-a-cpu (1) / run-cpu	UNKNOWN STEP	2026-09-26T01:46:36.3592300Z tests/fast/utils/test_command_utils.py::TestFp8CastBf16::test_runs_when_the_output_is_absent PASSED [ 85%]
stage-a-cpu (1) / run-cpu	UNKNOWN STEP	2026-09-26T01:46:36.3617214Z tests/fast/utils/test_command_utils.py::TestStartMooncakeMaster::test_reuses_a_ready_server PASSED [ 85%]
stage-a-cpu (1) / run-cpu	UNKNOWN STEP	2026-09-26T01:46:36.3641544Z tests/fast/utils/test_command_utils.py::TestStartMooncakeMaster::test_lets_the_os_choose_the_metrics_port PASSED [ 85%]
stage-a-cpu (1) / run-cpu	UNKNOWN STEP	2026-09-26T01:46:36.3677218Z tests/fast/utils/test_command_utils.py::TestStartMooncakeMaster::test_restarts_and_waits_until_ready PASSED [ 85%]
stage-a-cpu (1) / run-cpu	UNKNOWN STEP	2026-09-26T01:46:36.3714997Z tests/fast/utils/test_command_utils.py::TestStartMooncakeMaster::test_reports_the_log_when_startup_fails PASSED [ 85%]
stage-a-cpu (1) / run-cpu	UNKNOWN STEP	2026-09-26T01:46:36.3742603Z tests/fast/utils/test_command_utils.py::TestExecuteTrain::test_a_leftover_router_external_host_fails_before_launching PASSED [ 85%]
stage-a-cpu (1) / run-cpu	UNKNOWN STEP	2026-09-26T01:46:36.3772387Z tests/fast/utils/test_command_utils.py::TestExecuteTrain::test_exports_unbuffered_python_to_ray PASSED [ 85%]
stage-a-cpu (1) / run-cpu	UNKNOWN STEP	2026-09-26T01:46:36.3804166Z tests/fast/utils/test_command_utils.py::TestExecuteTrain::test_unbuffers_the_ray_workers_too PASSED [ 86%]
stage-a-cpu (1) / run-cpu	UNKNOWN STEP	2026-09-26T01:46:36.3836002Z tests/fast/utils/test_command_utils.py::TestExecuteTrain::test_preserves_source_paths_in_the_ray_runtime PASSED [ 86%]
stage-a-cpu (1) / run-cpu	UNKNOWN STEP	2026-09-26T01:46:36.3863076Z tests/fast/utils/test_command_utils.py::TestExecuteTrain::test_rejects_fsdp_with_a_megatron_model_type PASSED [ 86%]
stage-a-cpu (1) / run-cpu	UNKNOWN STEP	2026-09-26T01:46:36.3898352Z tests/fast/utils/test_command_utils.py::TestExecuteTrain::test_rejects_megatron_without_a_model_type PASSED [ 86%]
stage-a-cpu (1) / run-cpu	UNKNOWN STEP	2026-09-26T01:46:36.3927175Z tests/fast/utils/test_command_utils.py::TestExecuteTrain::test_starts_a_local_ray_cluster_by_default PASSED [ 86%]
stage-a-cpu (1) / run-cpu	UNKNOWN STEP	2026-09-26T01:46:36.3956098Z tests/fast/utils/test_command_utils.py::TestExecuteTrain::test_leaves_an_external_ray_cluster_alone PASSED [ 86%]
stage-a-cpu (1) / run-cpu	UNKNOWN STEP	2026-09-26T01:46:36.3984702Z tests/fast/utils/test_command_utils.py::TestExecuteTrain::test_runs_the_callback_before_submitting PASSED [ 86%]
stage-a-cpu (1) / run-cpu	UNKNOWN STEP	2026-09-26T01:46:36.4011876Z tests/fast/utils/test_command_utils.py::TestExecuteTrain::test_can_skip_the_ray_job_submit PASSED [ 86%]
stage-a-cpu (1) / run-cpu	UNKNOWN STEP	2026-09-26T01:46:36.4039761Z tests/fast/utils/test_command_utils.py::TestExecuteTrain::test_expands_the_model_config_into_the_submitted_command PASSED [ 86%]
stage-a-cpu (1) / run-cpu	UNKNOWN STEP	2026-09-26T01:46:36.4087544Z tests/fast/utils/test_command_utils.py::TestExecuteTrain::test_quotes_the_model_args_the_shell_would_otherwise_reinterpret PASSED [ 86%]
stage-a-cpu (1) / run-cpu	UNKNOWN STEP	2026-09-26T01:46:36.4126481Z tests/fast/utils/test_command_utils.py::TestExecuteTrain::test_model_args_survive_a_shell_round_trip_unchanged PASSED [ 86%]
stage-a-cpu (1) / run-cpu	UNKNOWN STEP	2026-09-26T01:46:36.4153319Z tests/fast/utils/test_command_utils.py::TestExecuteTrain::test_omits_the_model_args_for_fsdp PASSED [ 86%]
stage-a-cpu (1) / run-cpu	UNKNOWN STEP	2026-09-26T01:46:36.4181912Z tests/fast/utils/test_command_utils.py::TestExecuteTrain::test_drops_cuda_device_max_connections_for_fsdp PASSED [ 86%]
stage-a-cpu (1) / run-cpu	UNKNOWN STEP	2026-09-26T01:46:36.4213119Z tests/fast/utils/test_command_utils.py::TestExecuteTrain::test_pins_cuda_device_max_connections_for_megatron PASSED [ 86%]
stage-a-cpu (1) / run-cpu	UNKNOWN STEP	2026-09-26T01:46:36.4243991Z tests/fast/utils/test_command_utils.py::TestExecuteTrain::test_derives_nvls_from_nvlink_detection PASSED [ 86%]
stage-a-cpu (1) / run-cpu	UNKNOWN STEP	2026-09-26T01:46:36.4275716Z tests/fast/utils/test_command_utils.py::TestExecuteTrain::test_lets_the_environment_override_nvls PASSED [ 86%]
stage-a-cpu (1) / run-cpu	UNKNOWN STEP	2026-09-26T01:46:36.4306040Z tests/fast/utils/test_command_utils.py::TestExecuteTrain::test_forwards_selected_nccl_variables_only_when_present PASSED [ 86%]
stage-a-cpu (1) / run-cpu	UNKNOWN STEP	2026-09-26T01:46:36.4336592Z tests/fast/utils/test_command_utils.py::TestExecuteTrain::test_bypasses_the_proxy_for_the_master_node PASSED [ 86%]
stage-a-cpu (1) / run-cpu	UNKNOWN STEP	2026-09-26T01:46:36.4368066Z tests/fast/utils/test_command_utils.py::TestExecuteTrain::test_enables_cuda_core_dumps_on_request PASSED [ 86%]
stage-a-cpu (1) / run-cpu	UNKNOWN STEP	2026-09-26T01:46:36.4399654Z tests/fast/utils/test_command_utils.py::TestExecuteTrain::test_omits_cuda_core_dumps_by_default PASSED [ 86%]
stage-a-cpu (1) / run-cpu	UNKNOWN STEP	2026-09-26T01:46:36.4431089Z tests/fast/utils/test_command_utils.py::TestExecuteTrain::test_lets_config_extra_env_vars_win_over_the_argument PASSED [ 86%]
stage-a-cpu (1) / run-cpu	UNKNOWN STEP	2026-09-26T01:46:36.4461983Z tests/fast/utils/test_command_utils.py::TestExecuteTrain::test_addresses_the_local_dashboard_unless_ray_address_is_set PASSED [ 86%]
stage-a-cpu (1) / run-cpu	UNKNOWN STEP	2026-09-26T01:46:36.4490264Z tests/fast/utils/test_command_utils.py::TestExecuteTrain::test_resolves_a_relative_train_script_against_the_repo PASSED [ 86%]
stage-a-cpu (1) / run-cpu	UNKNOWN STEP	2026-09-26T01:46:36.4517839Z tests/fast/utils/test_command_utils.py::TestExecuteTrain::test_keeps_an_absolute_train_script PASSED [ 86%]
stage-a-cpu (1) / run-cpu	UNKNOWN STEP	2026-09-26T01:46:36.4545098Z tests/fast/utils/test_command_utils.py::TestParseExtraEnvVars::test_accepts_json_and_shell_style[{"A": "1", "B": "2"}-expected0] PASSED [ 86%]
stage-a-cpu (1) / run-cpu	UNKNOWN STEP	2026-09-26T01:46:36.4571131Z tests/fast/utils/test_command_utils.py::TestParseExtraEnvVars::test_accepts_json_and_shell_style[A=1 B=2-expected1] PASSED [ 86%]
stage-a-cpu (1) / run-cpu	UNKNOWN STEP	2026-09-26T01:46:36.4597306Z tests/fast/utils/test_command_utils.py::TestParseExtraEnvVars::test_accepts_json_and_shell_style[-expected2] PASSED [ 86%]
stage-a-cpu (1) / run-cpu	UNKNOWN STEP	2026-09-26T01:46:36.4623692Z tests/fast/utils/test_command_utils.py::TestParseExtraEnvVars::test_accepts_json_and_shell_style[   -expected3] PASSED [ 86%]
stage-a-cpu (1) / run-cpu	UNKNOWN STEP	2026-09-26T01:46:36.4648092Z tests/fast/utils/test_command_utils.py::TestCheckHasNvlink::test_reports_true_when_links_are_counted PASSED [ 86%]
stage-a-cpu (1) / run-cpu	UNKNOWN STEP	2026-09-26T01:46:36.4672357Z tests/fast/utils/test_command_utils.py::TestCheckHasNvlink::test_reports_false_without_links PASSED [ 86%]
stage-a-cpu (1) / run-cpu	UNKNOWN STEP	2026-09-26T01:46:36.4696399Z tests/fast/utils/test_command_utils.py::TestGetDefaultWandbArgs::test_is_empty_without_an_api_key PASSED [ 86%]
stage-a-cpu (1) / run-cpu	UNKNOWN STEP	2026-09-26T01:46:36.4720214Z tests/fast/utils/test_command_utils.py::TestGetDefaultWandbArgs::test_names_the_project_after_the_test_file PASSED [ 86%]
stage-a-cpu (1) / run-cpu	UNKNOWN STEP	2026-09-26T01:46:36.4743869Z tests/fast/utils/test_command_utils.py::TestGetDefaultWandbArgs::test_qualifies_a_short_test_name_with_its_directory PASSED [ 87%]
stage-a-cpu (1) / run-cpu	UNKNOWN STEP	2026-09-26T01:46:36.4766794Z tests/fast/utils/test_command_utils.py::TestGetDefaultWandbArgs::test_decorates_the_group_with_commit_and_prefix PASSED [ 87%]
stage-a-cpu (1) / run-cpu	UNKNOWN STEP	2026-09-26T01:46:36.4791219Z tests/fast/utils/test_command_utils.py::TestCreateRunId::test_is_a_timestamp_with_a_random_suffix PASSED [ 87%]
stage-a-cpu (1) / run-cpu	UNKNOWN STEP	2026-09-26T01:46:36.4822614Z tests/fast/utils/test_command_utils.py::TestCreateRunId::test_varies_within_the_same_second PASSED [ 87%]
stage-a-cpu (1) / run-cpu	UNKNOWN STEP	2026-09-26T01:46:36.4848377Z tests/fast/utils/test_command_utils.py::TestGetBoolEnvVar::test_understands_the_usual_spellings[true-True] PASSED [ 87%]
stage-a-cpu (1) / run-cpu	UNKNOWN STEP	2026-09-26T01:46:36.4874048Z tests/fast/utils/test_command_utils.py::TestGetBoolEnvVar::test_understands_the_usual_spellings[TRUE-True] PASSED [ 87%]
stage-a-cpu (1) / run-cpu	UNKNOWN STEP	2026-09-26T01:46:36.4899889Z tests/fast/utils/test_command_utils.py::TestGetBoolEnvVar::test_understands_the_usual_spellings[1-True] PASSED [ 87%]
stage-a-cpu (1) / run-cpu	UNKNOWN STEP	2026-09-26T01:46:36.4926352Z tests/fast/utils/test_command_utils.py::TestGetBoolEnvVar::test_understands_the_usual_spellings[false-False] PASSED [ 87%]
stage-a-cpu (1) / run-cpu	UNKNOWN STEP	2026-09-26T01:46:36.4951650Z tests/fast/utils/test_command_utils.py::TestGetBoolEnvVar::test_understands_the_usual_spellings[0-False] PASSED [ 87%]
stage-a-cpu (1) / run-cpu	UNKNOWN STEP	2026-09-26T01:46:36.4978074Z tests/fast/utils/test_command_utils.py::TestGetBoolEnvVar::test_understands_the_usual_spellings[maybe-False] PASSED [ 87%]
stage-a-cpu (1) / run-cpu	UNKNOWN STEP	2026-09-26T01:46:36.5001539Z tests/fast/utils/test_command_utils.py::TestGetBoolEnvVar::test_falls_back_to_the_supplied_default PASSED [ 87%]
stage-a-cpu (1) / run-cpu	UNKNOWN STEP	2026-09-26T01:46:36.5024777Z tests/fast/utils/test_command_utils.py::TestGetEnvEnableInfiniteRun::test_defaults_to_off PASSED [ 87%]
stage-a-cpu (1) / run-cpu	UNKNOWN STEP	2026-09-26T01:46:36.5048654Z tests/fast/utils/test_command_utils.py::TestEncodePseudoFile::test_round_trips_through_resolve_file_arg PASSED [ 87%]
stage-a-cpu (1) / run-cpu	UNKNOWN STEP	2026-09-26T01:46:36.5072321Z tests/fast/utils/test_command_utils.py::TestEncodePseudoFile::test_is_deterministic PASSED [ 87%]
stage-a-cpu (1) / run-cpu	UNKNOWN STEP	2026-09-26T01:46:36.5096406Z tests/fast/utils/test_command_utils.py::TestEncodePseudoFile::test_survives_a_command_line_round_trip PASSED [ 87%]
stage-a-cpu (1) / run-cpu	UNKNOWN STEP	2026-09-26T01:46:36.6454620Z tests/fast/utils/test_command_utils.py::TestHardwareTables::test_every_hardware_a_launcher_accepts_declares_its_gpus_per_node PASSED [ 87%]
stage-a-cpu (1) / run-cpu	UNKNOWN STEP	2026-09-26T01:46:36.6478433Z tests/fast/utils/test_command_utils.py::TestHardwareTables::test_every_hardware_with_a_generation_also_has_a_gpu_count PASSED [ 87%]
stage-a-cpu (1) / run-cpu	UNKNOWN STEP	2026-09-26T01:46:36.6506146Z tests/fast/utils/test_command_utils.py::TestDetectHardware::test_grace_is_what_separates_the_superchip_from_the_pcie_part[capability0-x86_64-B200] PASSED [ 87%]
stage-a-cpu (1) / run-cpu	UNKNOWN STEP	2026-09-26T01:46:36.6533426Z tests/fast/utils/test_command_utils.py::TestDetectHardware::test_grace_is_what_separates_the_superchip_from_the_pcie_part[capability1-aarch64-GB200] PASSED [ 87%]
stage-a-cpu (1) / run-cpu	UNKNOWN STEP	2026-09-26T01:46:36.6560087Z tests/fast/utils/test_command_utils.py::TestDetectHardware::test_grace_is_what_separates_the_superchip_from_the_pcie_part[capability2-x86_64-B300] PASSED [ 87%]
stage-a-cpu (1) / run-cpu	UNKNOWN STEP	2026-09-26T01:46:36.6586950Z tests/fast/utils/test_command_utils.py::TestDetectHardware::test_grace_is_what_separates_the_superchip_from_the_pcie_part[capability3-aarch64-GB300] PASSED [ 87%]
stage-a-cpu (1) / run-cpu	UNKNOWN STEP	2026-09-26T01:46:36.6612716Z tests/fast/utils/test_command_utils.py::TestDetectHardware::test_hopper_is_split_by_memory[85899345920-H100] PASSED [ 87%]
stage-a-cpu (1) / run-cpu	UNKNOWN STEP	2026-09-26T01:46:36.6638692Z tests/fast/utils/test_command_utils.py::TestDetectHardware::test_hopper_is_split_by_memory[151397597184-H200] PASSED [ 87%]
stage-a-cpu (1) / run-cpu	UNKNOWN STEP	2026-09-26T01:46:36.6663038Z tests/fast/utils/test_command_utils.py::TestDetectHardware::test_rocm_reads_the_device_name PASSED [ 87%]
stage-a-cpu (1) / run-cpu	UNKNOWN STEP	2026-09-26T01:46:36.6689037Z tests/fast/utils/test_command_utils.py::TestDetectHardware::test_an_unrecognized_device_asks_for_an_explicit_hardware PASSED [ 87%]
stage-a-cpu (1) / run-cpu	UNKNOWN STEP	2026-09-26T01:46:36.6714482Z tests/fast/utils/test_command_utils.py::TestDetectHardware::test_every_detectable_hardware_is_a_table_entry PASSED [ 87%]
stage-a-cpu (1) / run-cpu	UNKNOWN STEP	2026-09-26T01:46:52.6203325Z tests/fast/utils/test_delta_preparation.py::test_compiled_bucket_owns_outputs_and_preserves_per_name_wire[False] PASSED [ 87%]
stage-a-cpu (1) / run-cpu	UNKNOWN STEP	2026-09-26T01:46:52.6443746Z tests/fast/utils/test_delta_preparation.py::test_compiled_bucket_owns_outputs_and_preserves_per_name_wire[True] PASSED [ 87%]
stage-a-cpu (1) / run-cpu	UNKNOWN STEP	2026-09-26T01:46:52.6490417Z tests/fast/utils/test_delta_preparation.py::test_compiled_bucket_reuses_no_change_snapshot_after_a_successful_update PASSED [ 87%]
stage-a-cpu (1) / run-cpu	UNKNOWN STEP	2026-09-26T01:46:52.6598047Z tests/fast/utils/test_delta_preparation.py::test_one_compiled_stage_can_prepare_distinct_concurrent_buckets PASSED [ 87%]
stage-a-cpu (1) / run-cpu	UNKNOWN STEP	2026-09-26T01:46:52.6627264Z tests/fast/utils/test_delta_preparation.py::test_compact_scalar_layout_does_not_pad_scalars_to_large_weight_rows PASSED [ 87%]
stage-a-cpu (1) / run-cpu	UNKNOWN STEP	2026-09-26T01:46:52.6655614Z tests/fast/utils/test_delta_preparation.py::test_reassigning_a_staging_lease_resets_only_padding PASSED [ 87%]
stage-a-cpu (1) / run-cpu	UNKNOWN STEP	2026-09-26T01:46:52.6684134Z tests/fast/utils/test_delta_preparation.py::test_counts_reject_gross_padding_corruption PASSED [ 88%]
stage-a-cpu (1) / run-cpu	UNKNOWN STEP	2026-09-26T01:46:52.6744595Z tests/fast/utils/test_delta_preparation.py::test_actor_inference_allocations_match_warmed_worker_dispatch[entries0-64] PASSED [ 88%]
stage-a-cpu (1) / run-cpu	UNKNOWN STEP	2026-09-26T01:47:20.1012163Z tests/fast/utils/test_delta_preparation.py::test_actor_inference_allocations_match_warmed_worker_dispatch[entries1-4] 
stage-a-cpu (1) / run-cpu	UNKNOWN STEP	2026-09-26T01:47:20.1035457Z ##[error]Process completed with exit code 250.
stage-a-cpu (1) / run-cpu	UNKNOWN STEP	2026-09-26T01:47:20.1181299Z Post job cleanup.
stage-a-cpu (1) / run-cpu	UNKNOWN STEP	2026-09-26T01:47:20.3744381Z [command]/usr/bin/git version
stage-a-cpu (1) / run-cpu	UNKNOWN STEP	2026-09-26T01:47:20.3796412Z git version 2.55.0
stage-a-cpu (1) / run-cpu	UNKNOWN STEP	2026-09-26T01:47:20.3841835Z Temporarily overriding HOME='/home/runner/work/_temp/41b5e65a-4952-42da-8409-ebff92eac3eb' before making global git config changes
stage-a-cpu (1) / run-cpu	UNKNOWN STEP	2026-09-26T01:47:20.3845222Z Adding repository directory to the temporary git global config as a safe directory
stage-a-cpu (1) / run-cpu	UNKNOWN STEP	2026-09-26T01:47:20.3849447Z [command]/usr/bin/git config --global --add safe.directory /home/runner/work/miles/miles/Megatron-LM
stage-a-cpu (1) / run-cpu	UNKNOWN STEP	2026-09-26T01:47:20.3894919Z [command]/usr/bin/git config --local --name-only --get-regexp core\.sshCommand
stage-a-cpu (1) / run-cpu	UNKNOWN STEP	2026-09-26T01:47:20.3935101Z [command]/usr/bin/git submodule foreach --recursive sh -c "git config --local --name-only --get-regexp 'core\.sshCommand' && git config --local --unset-all 'core.sshCommand' || :"
stage-a-cpu (1) / run-cpu	UNKNOWN STEP	2026-09-26T01:47:20.4206729Z [command]/usr/bin/git config --local --name-only --get-regexp http\.https\:\/\/github\.com\/\.extraheader
stage-a-cpu (1) / run-cpu	UNKNOWN STEP	2026-09-26T01:47:20.4239436Z http.https://github.com/.extraheader
stage-a-cpu (1) / run-cpu	UNKNOWN STEP	2026-09-26T01:47:20.4251678Z [command]/usr/bin/git config --local --unset-all http.https://github.com/.extraheader
stage-a-cpu (1) / run-cpu	UNKNOWN STEP	2026-09-26T01:47:20.4288156Z [command]/usr/bin/git submodule foreach --recursive sh -c "git config --local --name-only --get-regexp 'http\.https\:\/\/github\.com\/\.extraheader' && git config --local --unset-all 'http.https://github.com/.extraheader' || :"
stage-a-cpu (1) / run-cpu	UNKNOWN STEP	2026-09-26T01:47:20.4536099Z [command]/usr/bin/git config --local --name-only --get-regexp ^includeIf\.gitdir:
stage-a-cpu (1) / run-cpu	UNKNOWN STEP	2026-09-26T01:47:20.4571496Z [command]/usr/bin/git submodule foreach --recursive git config --local --show-origin --name-only --get-regexp remote.origin.url
stage-a-cpu (1) / run-cpu	UNKNOWN STEP	2026-09-26T01:47:20.4992210Z Post job cleanup.
stage-a-cpu (1) / run-cpu	UNKNOWN STEP	2026-09-26T01:47:20.5933335Z [command]/usr/bin/git version
stage-a-cpu (1) / run-cpu	UNKNOWN STEP	2026-09-26T01:47:20.5970111Z git version 2.55.0
stage-a-cpu (1) / run-cpu	UNKNOWN STEP	2026-09-26T01:47:20.6008738Z Temporarily overriding HOME='/home/runner/work/_temp/8019d3b2-3f05-43ac-a579-b8d165e0c6f0' before making global git config changes
stage-a-cpu (1) / run-cpu	UNKNOWN STEP	2026-09-26T01:47:20.6010136Z Adding repository directory to the temporary git global config as a safe directory
stage-a-cpu (1) / run-cpu	UNKNOWN STEP	2026-09-26T01:47:20.6015248Z [command]/usr/bin/git config --global --add safe.directory /home/runner/work/miles/miles/sglang
stage-a-cpu (1) / run-cpu	UNKNOWN STEP	2026-09-26T01:47:20.6050361Z [command]/usr/bin/git config --local --name-only --get-regexp core\.sshCommand
stage-a-cpu (1) / run-cpu	UNKNOWN STEP	2026-09-26T01:47:20.6085327Z [command]/usr/bin/git submodule foreach --recursive sh -c "git config --local --name-only --get-regexp 'core\.sshCommand' && git config --local --unset-all 'core.sshCommand' || :"
stage-a-cpu (1) / run-cpu	UNKNOWN STEP	2026-09-26T01:47:20.6339574Z [command]/usr/bin/git config --local --name-only --get-regexp http\.https\:\/\/github\.com\/\.extraheader
stage-a-cpu (1) / run-cpu	UNKNOWN STEP	2026-09-26T01:47:20.6363861Z http.https://github.com/.extraheader
stage-a-cpu (1) / run-cpu	UNKNOWN STEP	2026-09-26T01:47:20.6376749Z [command]/usr/bin/git config --local --unset-all http.https://github.com/.extraheader
stage-a-cpu (1) / run-cpu	UNKNOWN STEP	2026-09-26T01:47:20.6410803Z [command]/usr/bin/git submodule foreach --recursive sh -c "git config --local --name-only --get-regexp 'http\.https\:\/\/github\.com\/\.extraheader' && git config --local --unset-all 'http.https://github.com/.extraheader' || :"
stage-a-cpu (1) / run-cpu	UNKNOWN STEP	2026-09-26T01:47:20.6650996Z [command]/usr/bin/git config --local --name-only --get-regexp ^includeIf\.gitdir:
stage-a-cpu (1) / run-cpu	UNKNOWN STEP	2026-09-26T01:47:20.6681928Z [command]/usr/bin/git submodule foreach --recursive git config --local --show-origin --name-only --get-regexp remote.origin.url
stage-a-cpu (1) / run-cpu	UNKNOWN STEP	2026-09-26T01:47:20.7111298Z Post job cleanup.
stage-a-cpu (1) / run-cpu	UNKNOWN STEP	2026-09-26T01:47:20.8034595Z [command]/usr/bin/git version
stage-a-cpu (1) / run-cpu	UNKNOWN STEP	2026-09-26T01:47:20.8073775Z git version 2.55.0
stage-a-cpu (1) / run-cpu	UNKNOWN STEP	2026-09-26T01:47:20.8139996Z Temporarily overriding HOME='/home/runner/work/_temp/d1f915e1-28dd-40a9-b34a-055ee1cbea88' before making global git config changes
stage-a-cpu (1) / run-cpu	UNKNOWN STEP	2026-09-26T01:47:20.8148739Z Adding repository directory to the temporary git global config as a safe directory
stage-a-cpu (1) / run-cpu	UNKNOWN STEP	2026-09-26T01:47:20.8149800Z [command]/usr/bin/git config --global --add safe.directory /home/runner/work/miles/miles
stage-a-cpu (1) / run-cpu	UNKNOWN STEP	2026-09-26T01:47:20.8160584Z [command]/usr/bin/git config --local --name-only --get-regexp core\.sshCommand
stage-a-cpu (1) / run-cpu	UNKNOWN STEP	2026-09-26T01:47:20.8197785Z [command]/usr/bin/git submodule foreach --recursive sh -c "git config --local --name-only --get-regexp 'core\.sshCommand' && git config --local --unset-all 'core.sshCommand' || :"
stage-a-cpu (1) / run-cpu	UNKNOWN STEP	2026-09-26T01:47:20.8456213Z [command]/usr/bin/git config --local --name-only --get-regexp http\.https\:\/\/github\.com\/\.extraheader
stage-a-cpu (1) / run-cpu	UNKNOWN STEP	2026-09-26T01:47:20.8480159Z http.https://github.com/.extraheader
stage-a-cpu (1) / run-cpu	UNKNOWN STEP	2026-09-26T01:47:20.8492352Z [command]/usr/bin/git config --local --unset-all http.https://github.com/.extraheader
stage-a-cpu (1) / run-cpu	UNKNOWN STEP	2026-09-26T01:47:20.8527740Z [command]/usr/bin/git submodule foreach --recursive sh -c "git config --local --name-only --get-regexp 'http\.https\:\/\/github\.com\/\.extraheader' && git config --local --unset-all 'http.https://github.com/.extraheader' || :"
stage-a-cpu (1) / run-cpu	UNKNOWN STEP	2026-09-26T01:47:20.8759153Z [command]/usr/bin/git config --local --name-only --get-regexp ^includeIf\.gitdir:
stage-a-cpu (1) / run-cpu	UNKNOWN STEP	2026-09-26T01:47:20.8791672Z [command]/usr/bin/git submodule foreach --recursive git config --local --show-origin --name-only --get-regexp remote.origin.url
stage-a-cpu (1) / run-cpu	UNKNOWN STEP	2026-09-26T01:47:20.9165641Z Cleaning up orphan processes
stage-a-cpu (1) / run-cpu	UNKNOWN STEP	2026-09-26T01:47:20.9636742Z ##[warning]Node.js 20 is deprecated. The following actions target Node.js 20 but are being forced to run on Node.js 24: actions/checkout@v4, actions/setup-python@v5, astral-sh/setup-uv@v5, azure/setup-helm@v4. For more information see: https://github.blog/changelog/2025-09-19-deprecation-of-node-20-on-github-actions-runners/
